file,depends_on
classic/util/notation.v,util/notation.v
classic/util/seqset.v,util/seqset.v
classic/util/tactics.v,util/tactics.v
classic/util/bigord.v,classic/util/tactics.v
classic/util/induction.v,classic/util/tactics.v
classic/util/list.v,util/list.v
classic/util/list.v,classic/util/tactics.v
classic/util/nat.v,util/nat.v
classic/util/nat.v,classic/util/tactics.v
classic/util/nat.v,classic/util/ssromega.v
classic/util/ord_quantifier.v,classic/util/tactics.v
classic/util/powerset.v,classic/util/tactics.v
classic/util/bigcat.v,util/bigcat.v
classic/util/bigcat.v,classic/util/tactics.v
classic/util/bigcat.v,classic/util/notation.v
classic/util/bigcat.v,classic/util/bigord.v
classic/util/counting.v,classic/util/tactics.v
classic/util/counting.v,classic/util/ord_quantifier.v
classic/util/div_mod.v,util/div_mod.v
classic/util/div_mod.v,classic/util/tactics.v
classic/util/div_mod.v,classic/util/ssromega.v
classic/util/div_mod.v,classic/util/nat.v
classic/util/fixedpoint.v,classic/util/tactics.v
classic/util/fixedpoint.v,classic/util/induction.v
classic/util/sorting.v,classic/util/tactics.v
classic/util/sorting.v,classic/util/induction.v
classic/util/sorting.v,classic/util/list.v
classic/util/step_function.v,classic/util/tactics.v
classic/util/step_function.v,classic/util/notation.v
classic/util/step_function.v,classic/util/induction.v
classic/util/minmax.v,util/minmax.v
classic/util/minmax.v,classic/util/tactics.v
classic/util/minmax.v,classic/util/notation.v
classic/util/minmax.v,classic/util/sorting.v
classic/util/minmax.v,classic/util/nat.v
classic/util/minmax.v,classic/util/list.v
classic/util/sum.v,util/sum.v
classic/util/sum.v,classic/util/ssromega.v
classic/util/sum.v,classic/util/tactics.v
classic/util/sum.v,classic/util/notation.v
classic/util/sum.v,classic/util/sorting.v
classic/util/sum.v,classic/util/nat.v
classic/util/all.v,classic/util/tactics.v
classic/util/all.v,classic/util/notation.v
classic/util/all.v,classic/util/bigcat.v
classic/util/all.v,classic/util/pick.v
classic/util/all.v,classic/util/bigord.v
classic/util/all.v,classic/util/counting.v
classic/util/all.v,classic/util/div_mod.v
classic/util/all.v,classic/util/ord_quantifier.v
classic/util/all.v,classic/util/fixedpoint.v
classic/util/all.v,classic/util/induction.v
classic/util/all.v,classic/util/list.v
classic/util/all.v,classic/util/nat.v
classic/util/all.v,classic/util/powerset.v
classic/util/all.v,classic/util/sorting.v
classic/util/all.v,classic/util/sum.v
classic/util/all.v,classic/util/minmax.v
classic/util/all.v,classic/util/seqset.v
classic/util/all.v,classic/util/step_function.v
classic/util/all.v,util/epsilon.v
classic/util/all.v,classic/util/ssromega.v
classic/util/find_seq.v,classic/util/all.v
classic/model/arrival/basic/task.v,classic/model/time.v
classic/model/arrival/basic/task.v,classic/util/all.v
classic/model/arrival/basic/arrival_sequence.v,classic/util/all.v
classic/model/arrival/basic/arrival_sequence.v,classic/model/arrival/basic/task.v
classic/model/arrival/basic/arrival_sequence.v,classic/model/time.v
classic/implementation/global/jitter/task.v,classic/util/all.v
classic/implementation/global/jitter/task.v,classic/model/arrival/basic/task.v
classic/implementation/task.v,classic/model/time.v
classic/implementation/task.v,classic/util/all.v
classic/implementation/task.v,classic/model/arrival/basic/task.v
classic/implementation/uni/jitter/task.v,classic/util/all.v
classic/implementation/uni/jitter/task.v,classic/model/arrival/basic/task.v
classic/implementation/uni/susp/dynamic/task.v,classic/util/all.v
classic/implementation/uni/susp/dynamic/task.v,classic/model/arrival/basic/task.v
classic/model/arrival/basic/job.v,classic/model/time.v
classic/model/arrival/basic/job.v,classic/model/arrival/basic/task.v
classic/model/arrival/basic/job.v,classic/model/arrival/basic/arrival_sequence.v
classic/model/arrival/jitter/arrival_sequence.v,classic/util/all.v
classic/model/arrival/jitter/arrival_sequence.v,classic/model/arrival/basic/arrival_sequence.v
classic/model/suspension.v,classic/util/all.v
classic/model/suspension.v,classic/model/arrival/basic/arrival_sequence.v
classic/implementation/global/jitter/job.v,classic/util/all.v
classic/implementation/global/jitter/job.v,classic/implementation/global/jitter/task.v
classic/implementation/job.v,classic/model/time.v
classic/implementation/job.v,classic/util/all.v
classic/implementation/job.v,classic/implementation/task.v
classic/implementation/uni/jitter/job.v,classic/util/all.v
classic/implementation/uni/jitter/job.v,classic/implementation/uni/jitter/task.v
classic/implementation/uni/susp/dynamic/job.v,classic/util/all.v
classic/implementation/uni/susp/dynamic/job.v,classic/implementation/uni/susp/dynamic/task.v
classic/model/arrival/basic/task_arrival.v,classic/util/all.v
classic/model/arrival/basic/task_arrival.v,classic/model/arrival/basic/arrival_sequence.v
classic/model/arrival/basic/task_arrival.v,classic/model/arrival/basic/task.v
classic/model/arrival/basic/task_arrival.v,classic/model/arrival/basic/job.v
classic/model/arrival/jitter/job.v,classic/model/time.v
classic/model/arrival/jitter/job.v,classic/model/arrival/basic/task.v
classic/model/arrival/jitter/job.v,classic/model/arrival/basic/job.v
classic/model/policy_tdma.v,classic/util/all.v
classic/model/policy_tdma.v,classic/model/time.v
classic/model/policy_tdma.v,classic/model/arrival/basic/task.v
classic/model/policy_tdma.v,classic/model/arrival/basic/job.v
classic/model/priority.v,classic/util/all.v
classic/model/priority.v,classic/model/arrival/basic/task.v
classic/model/priority.v,classic/model/arrival/basic/job.v
classic/model/priority.v,classic/model/arrival/basic/arrival_sequence.v
classic/model/schedule/global/basic/schedule.v,classic/util/all.v
classic/model/schedule/global/basic/schedule.v,classic/model/arrival/basic/job.v
classic/model/schedule/global/basic/schedule.v,classic/model/arrival/basic/task.v
classic/model/schedule/global/basic/schedule.v,classic/model/arrival/basic/arrival_sequence.v
classic/model/schedule/global/jitter/job.v,classic/model/time.v
classic/model/schedule/global/jitter/job.v,classic/model/arrival/basic/task.v
classic/model/schedule/global/jitter/job.v,classic/model/arrival/basic/job.v
classic/model/schedule/uni/schedule.v,classic/util/all.v
classic/model/schedule/uni/schedule.v,classic/model/time.v
classic/model/schedule/uni/schedule.v,classic/model/arrival/basic/task.v
classic/model/schedule/uni/schedule.v,classic/model/arrival/basic/job.v
classic/model/schedule/uni/schedule.v,classic/model/arrival/basic/arrival_sequence.v
classic/model/schedule/uni/schedule.v,util/unit_growth.v
classic/model/arrival/basic/arrival_bounds.v,classic/util/all.v
classic/model/arrival/basic/arrival_bounds.v,classic/model/arrival/basic/arrival_sequence.v
classic/model/arrival/basic/arrival_bounds.v,classic/model/arrival/basic/task.v
classic/model/arrival/basic/arrival_bounds.v,classic/model/arrival/basic/job.v
classic/model/arrival/basic/arrival_bounds.v,classic/model/arrival/basic/task_arrival.v
classic/model/arrival/basic/arrival_bounds.v,classic/model/priority.v
classic/model/arrival/curves/bounds.v,classic/util/all.v
classic/model/arrival/curves/bounds.v,classic/model/arrival/basic/arrival_sequence.v
classic/model/arrival/curves/bounds.v,classic/model/arrival/basic/task_arrival.v
classic/model/arrival/jitter/task_arrival.v,classic/util/all.v
classic/model/arrival/jitter/task_arrival.v,classic/model/arrival/basic/task.v
classic/model/arrival/jitter/task_arrival.v,classic/model/arrival/basic/job.v
classic/model/arrival/jitter/task_arrival.v,classic/model/arrival/basic/task_arrival.v
classic/model/arrival/jitter/task_arrival.v,classic/model/arrival/jitter/arrival_sequence.v
classic/model/schedule/apa/affinity.v,classic/util/all.v
classic/model/schedule/apa/affinity.v,classic/model/arrival/basic/job.v
classic/model/schedule/apa/affinity.v,classic/model/arrival/basic/task.v
classic/model/schedule/apa/affinity.v,classic/model/arrival/basic/arrival_sequence.v
classic/model/schedule/apa/affinity.v,classic/model/schedule/global/basic/schedule.v
classic/model/schedule/global/jitter/schedule.v,classic/util/all.v
classic/model/schedule/global/jitter/schedule.v,classic/model/arrival/basic/task.v
classic/model/schedule/global/jitter/schedule.v,classic/model/schedule/global/jitter/job.v
classic/model/schedule/global/jitter/schedule.v,classic/model/arrival/basic/arrival_sequence.v
classic/model/schedule/global/jitter/schedule.v,classic/model/schedule/global/basic/schedule.v
classic/model/schedule/global/response_time.v,classic/util/all.v
classic/model/schedule/global/response_time.v,classic/model/arrival/basic/task.v
classic/model/schedule/global/response_time.v,classic/model/arrival/basic/job.v
classic/model/schedule/global/response_time.v,classic/model/arrival/basic/task_arrival.v
classic/model/schedule/global/response_time.v,classic/model/schedule/global/basic/schedule.v
classic/model/schedule/global/schedulability.v,classic/util/all.v
classic/model/schedule/global/schedulability.v,classic/model/arrival/basic/job.v
classic/model/schedule/global/schedulability.v,classic/model/arrival/basic/task.v
classic/model/schedule/global/schedulability.v,classic/model/schedule/global/basic/schedule.v
classic/model/schedule/global/transformation/construction.v,classic/util/all.v
classic/model/schedule/global/transformation/construction.v,classic/model/arrival/basic/arrival_sequence.v
classic/model/schedule/global/transformation/construction.v,classic/model/schedule/global/basic/schedule.v
classic/model/schedule/uni/basic/platform.v,classic/util/all.v
classic/model/schedule/uni/basic/platform.v,classic/model/arrival/basic/task.v
classic/model/schedule/uni/basic/platform.v,classic/model/arrival/basic/job.v
classic/model/schedule/uni/basic/platform.v,classic/model/priority.v
classic/model/schedule/uni/basic/platform.v,classic/model/arrival/basic/task_arrival.v
classic/model/schedule/uni/basic/platform.v,classic/model/schedule/uni/schedule.v
classic/model/schedule/uni/basic/platform_tdma.v,classic/util/all.v
classic/model/schedule/uni/basic/platform_tdma.v,classic/model/arrival/basic/task.v
classic/model/schedule/uni/basic/platform_tdma.v,classic/model/arrival/basic/job.v
classic/model/schedule/uni/basic/platform_tdma.v,classic/model/priority.v
classic/model/schedule/uni/basic/platform_tdma.v,classic/model/arrival/basic/task_arrival.v
classic/model/schedule/uni/basic/platform_tdma.v,classic/model/schedule/uni/schedule.v
classic/model/schedule/uni/basic/platform_tdma.v,classic/model/policy_tdma.v
classic/model/schedule/uni/jitter/schedule.v,classic/util/all.v
classic/model/schedule/uni/jitter/schedule.v,classic/model/time.v
classic/model/schedule/uni/jitter/schedule.v,classic/model/arrival/basic/task.v
classic/model/schedule/uni/jitter/schedule.v,classic/model/arrival/basic/job.v
classic/model/schedule/uni/jitter/schedule.v,classic/model/schedule/uni/schedule.v
classic/model/schedule/uni/jitter/schedule.v,classic/model/arrival/jitter/arrival_sequence.v
classic/model/schedule/uni/limited/abstract_RTA/definitions.v,classic/util/all.v
classic/model/schedule/uni/limited/abstract_RTA/definitions.v,classic/model/arrival/basic/job.v
classic/model/schedule/uni/limited/abstract_RTA/definitions.v,classic/model/schedule/uni/schedule.v
classic/model/schedule/uni/limited/abstract_RTA/reduction_of_search_space.v,classic/util/all.v
classic/model/schedule/uni/limited/abstract_RTA/reduction_of_search_space.v,classic/model/arrival/basic/job.v
classic/model/schedule/uni/limited/abstract_RTA/reduction_of_search_space.v,classic/model/schedule/uni/schedule.v
classic/model/schedule/uni/nonpreemptive/schedule.v,classic/util/all.v
classic/model/schedule/uni/nonpreemptive/schedule.v,classic/model/arrival/basic/job.v
classic/model/schedule/uni/nonpreemptive/schedule.v,classic/model/schedule/uni/schedule.v
classic/model/schedule/uni/response_time.v,classic/util/all.v
classic/model/schedule/uni/response_time.v,classic/model/arrival/basic/task.v
classic/model/schedule/uni/response_time.v,classic/model/arrival/basic/job.v
classic/model/schedule/uni/response_time.v,classic/model/arrival/basic/task_arrival.v
classic/model/schedule/uni/response_time.v,classic/model/schedule/uni/schedule.v
classic/model/schedule/uni/schedule_of_task.v,classic/util/all.v
classic/model/schedule/uni/schedule_of_task.v,classic/model/time.v
classic/model/schedule/uni/schedule_of_task.v,classic/model/arrival/basic/task.v
classic/model/schedule/uni/schedule_of_task.v,classic/model/arrival/basic/job.v
classic/model/schedule/uni/schedule_of_task.v,classic/model/arrival/basic/arrival_sequence.v
classic/model/schedule/uni/schedule_of_task.v,classic/model/schedule/uni/schedule.v
classic/model/schedule/uni/susp/last_execution.v,classic/util/all.v
classic/model/schedule/uni/susp/last_execution.v,classic/model/arrival/basic/job.v
classic/model/schedule/uni/susp/last_execution.v,classic/model/arrival/basic/arrival_sequence.v
classic/model/schedule/uni/susp/last_execution.v,classic/model/schedule/uni/schedule.v
classic/model/schedule/uni/susp/last_execution.v,util/unit_growth.v
classic/model/schedule/uni/transformation/construction.v,classic/util/all.v
classic/model/schedule/uni/transformation/construction.v,classic/model/arrival/basic/job.v
classic/model/schedule/uni/transformation/construction.v,classic/model/arrival/basic/arrival_sequence.v
classic/model/schedule/uni/transformation/construction.v,classic/model/schedule/uni/schedule.v
classic/model/schedule/uni/workload.v,classic/util/all.v
classic/model/schedule/uni/workload.v,classic/model/time.v
classic/model/schedule/uni/workload.v,classic/model/arrival/basic/task.v
classic/model/schedule/uni/workload.v,classic/model/arrival/basic/job.v
classic/model/schedule/uni/workload.v,classic/model/arrival/basic/arrival_sequence.v
classic/model/schedule/uni/workload.v,classic/model/priority.v
classic/implementation/arrival_sequence.v,classic/util/all.v
classic/implementation/arrival_sequence.v,classic/model/arrival/basic/arrival_sequence.v
classic/implementation/arrival_sequence.v,classic/model/arrival/basic/job.v
classic/implementation/arrival_sequence.v,classic/model/arrival/basic/task.v
classic/implementation/arrival_sequence.v,classic/model/arrival/basic/task_arrival.v
classic/implementation/arrival_sequence.v,classic/implementation/task.v
classic/implementation/arrival_sequence.v,classic/implementation/job.v
classic/implementation/global/jitter/arrival_sequence.v,classic/util/all.v
classic/implementation/global/jitter/arrival_sequence.v,classic/model/arrival/basic/arrival_sequence.v
classic/implementation/global/jitter/arrival_sequence.v,classic/model/arrival/basic/task.v
classic/implementation/global/jitter/arrival_sequence.v,classic/model/arrival/basic/task_arrival.v
classic/implementation/global/jitter/arrival_sequence.v,classic/model/schedule/global/jitter/job.v
classic/implementation/global/jitter/arrival_sequence.v,classic/implementation/global/jitter/task.v
classic/implementation/global/jitter/arrival_sequence.v,classic/implementation/global/jitter/job.v
classic/implementation/uni/jitter/arrival_sequence.v,classic/util/all.v
classic/implementation/uni/jitter/arrival_sequence.v,classic/model/arrival/basic/arrival_sequence.v
classic/implementation/uni/jitter/arrival_sequence.v,classic/model/arrival/basic/task.v
classic/implementation/uni/jitter/arrival_sequence.v,classic/model/arrival/basic/task_arrival.v
classic/implementation/uni/jitter/arrival_sequence.v,classic/model/arrival/basic/job.v
classic/implementation/uni/jitter/arrival_sequence.v,classic/implementation/uni/jitter/task.v
classic/implementation/uni/jitter/arrival_sequence.v,classic/implementation/uni/jitter/job.v
classic/implementation/uni/susp/dynamic/arrival_sequence.v,classic/util/all.v
classic/implementation/uni/susp/dynamic/arrival_sequence.v,classic/model/arrival/basic/arrival_sequence.v
classic/implementation/uni/susp/dynamic/arrival_sequence.v,classic/model/arrival/basic/task.v
classic/implementation/uni/susp/dynamic/arrival_sequence.v,classic/model/arrival/basic/task_arrival.v
classic/implementation/uni/susp/dynamic/arrival_sequence.v,classic/model/arrival/basic/job.v
classic/implementation/uni/susp/dynamic/arrival_sequence.v,classic/implementation/uni/susp/dynamic/task.v
classic/implementation/uni/susp/dynamic/arrival_sequence.v,classic/implementation/uni/susp/dynamic/job.v
classic/model/arrival/jitter/arrival_bounds.v,classic/util/all.v
classic/model/arrival/jitter/arrival_bounds.v,classic/model/arrival/basic/task.v
classic/model/arrival/jitter/arrival_bounds.v,classic/model/priority.v
classic/model/arrival/jitter/arrival_bounds.v,classic/model/arrival/jitter/job.v
classic/model/arrival/jitter/arrival_bounds.v,classic/model/arrival/jitter/arrival_sequence.v
classic/model/arrival/jitter/arrival_bounds.v,classic/model/arrival/jitter/task_arrival.v
classic/model/schedule/global/workload.v,classic/util/all.v
classic/model/schedule/global/workload.v,classic/model/arrival/basic/job.v
classic/model/schedule/global/workload.v,classic/model/arrival/basic/task.v
classic/model/schedule/global/workload.v,classic/model/arrival/basic/task_arrival.v
classic/model/schedule/global/workload.v,classic/model/schedule/global/schedulability.v
classic/model/schedule/global/workload.v,classic/model/schedule/global/response_time.v
classic/model/schedule/global/workload.v,classic/model/schedule/global/basic/schedule.v
classic/model/schedule/uni/end_time.v,classic/util/all.v
classic/model/schedule/uni/end_time.v,classic/model/arrival/basic/task.v
classic/model/schedule/uni/end_time.v,classic/model/arrival/basic/job.v
classic/model/schedule/uni/end_time.v,classic/model/schedule/uni/schedule.v
classic/model/schedule/uni/end_time.v,classic/model/schedule/uni/response_time.v
classic/model/schedule/uni/jitter/platform.v,classic/util/all.v
classic/model/schedule/uni/jitter/platform.v,classic/model/arrival/basic/task.v
classic/model/schedule/uni/jitter/platform.v,classic/model/arrival/basic/job.v
classic/model/schedule/uni/jitter/platform.v,classic/model/priority.v
classic/model/schedule/uni/jitter/platform.v,classic/model/arrival/basic/task_arrival.v
classic/model/schedule/uni/jitter/platform.v,classic/model/schedule/uni/jitter/schedule.v
classic/model/schedule/uni/nonpreemptive/platform.v,classic/util/all.v
classic/model/schedule/uni/nonpreemptive/platform.v,classic/model/arrival/basic/task.v
classic/model/schedule/uni/nonpreemptive/platform.v,classic/model/arrival/basic/job.v
classic/model/schedule/uni/nonpreemptive/platform.v,classic/model/priority.v
classic/model/schedule/uni/nonpreemptive/platform.v,classic/model/arrival/basic/task_arrival.v
classic/model/schedule/uni/nonpreemptive/platform.v,classic/model/schedule/uni/schedule.v
classic/model/schedule/uni/nonpreemptive/platform.v,classic/model/schedule/uni/basic/platform.v
classic/model/schedule/uni/nonpreemptive/platform.v,classic/model/schedule/uni/nonpreemptive/schedule.v
classic/model/schedule/uni/schedulability.v,classic/util/all.v
classic/model/schedule/uni/schedulability.v,classic/model/arrival/basic/task.v
classic/model/schedule/uni/schedulability.v,classic/model/arrival/basic/job.v
classic/model/schedule/uni/schedulability.v,classic/model/arrival/basic/arrival_sequence.v
classic/model/schedule/uni/schedulability.v,classic/model/schedule/uni/schedule.v
classic/model/schedule/uni/schedulability.v,classic/model/schedule/uni/response_time.v
classic/model/schedule/uni/service.v,classic/util/all.v
classic/model/schedule/uni/service.v,classic/model/time.v
classic/model/schedule/uni/service.v,classic/model/arrival/basic/task.v
classic/model/schedule/uni/service.v,classic/model/arrival/basic/job.v
classic/model/schedule/uni/service.v,classic/model/arrival/basic/arrival_sequence.v
classic/model/schedule/uni/service.v,classic/model/priority.v
classic/model/schedule/uni/service.v,classic/model/schedule/uni/schedule.v
classic/model/schedule/uni/service.v,classic/model/schedule/uni/workload.v
classic/model/schedule/uni/service.v,util/sum.v
classic/model/schedule/uni/service.v,util/unit_growth.v
classic/model/schedule/uni/susp/suspension_intervals.v,classic/util/all.v
classic/model/schedule/uni/susp/suspension_intervals.v,classic/model/suspension.v
classic/model/schedule/uni/susp/suspension_intervals.v,classic/model/arrival/basic/job.v
classic/model/schedule/uni/susp/suspension_intervals.v,classic/model/arrival/basic/arrival_sequence.v
classic/model/schedule/uni/susp/suspension_intervals.v,classic/model/schedule/uni/schedule.v
classic/model/schedule/uni/susp/suspension_intervals.v,classic/model/schedule/uni/susp/last_execution.v
classic/analysis/uni/basic/workload_bound_fp.v,classic/util/all.v
classic/analysis/uni/basic/workload_bound_fp.v,classic/model/arrival/basic/task.v
classic/analysis/uni/basic/workload_bound_fp.v,classic/model/arrival/basic/job.v
classic/analysis/uni/basic/workload_bound_fp.v,classic/model/priority.v
classic/analysis/uni/basic/workload_bound_fp.v,classic/model/arrival/basic/task_arrival.v
classic/analysis/uni/basic/workload_bound_fp.v,classic/model/arrival/basic/arrival_bounds.v
classic/analysis/uni/basic/workload_bound_fp.v,classic/model/schedule/uni/schedule.v
classic/analysis/uni/basic/workload_bound_fp.v,classic/model/schedule/uni/workload.v
classic/analysis/uni/susp/dynamic/jitter/jitter_schedule.v,classic/util/all.v
classic/analysis/uni/susp/dynamic/jitter/jitter_schedule.v,classic/model/priority.v
classic/analysis/uni/susp/dynamic/jitter/jitter_schedule.v,classic/model/suspension.v
classic/analysis/uni/susp/dynamic/jitter/jitter_schedule.v,classic/model/arrival/basic/arrival_sequence.v
classic/analysis/uni/susp/dynamic/jitter/jitter_schedule.v,classic/model/schedule/uni/jitter/schedule.v
classic/analysis/uni/susp/dynamic/jitter/jitter_schedule.v,classic/model/schedule/uni/transformation/construction.v
classic/implementation/apa/task.v,classic/util/all.v
classic/implementation/apa/task.v,classic/model/time.v
classic/implementation/apa/task.v,classic/model/arrival/basic/task.v
classic/implementation/apa/task.v,classic/model/schedule/apa/affinity.v
classic/implementation/uni/basic/schedule.v,classic/util/all.v
classic/implementation/uni/basic/schedule.v,classic/model/arrival/basic/job.v
classic/implementation/uni/basic/schedule.v,classic/model/arrival/basic/arrival_sequence.v
classic/implementation/uni/basic/schedule.v,classic/model/priority.v
classic/implementation/uni/basic/schedule.v,classic/model/schedule/uni/schedule.v
classic/implementation/uni/basic/schedule.v,classic/model/schedule/uni/basic/platform.v
classic/implementation/uni/basic/schedule.v,classic/model/schedule/uni/transformation/construction.v
classic/model/schedule/apa/interference.v,classic/util/all.v
classic/model/schedule/apa/interference.v,classic/model/arrival/basic/job.v
classic/model/schedule/apa/interference.v,classic/model/arrival/basic/task.v
classic/model/schedule/apa/interference.v,classic/model/priority.v
classic/model/schedule/apa/interference.v,classic/model/schedule/global/workload.v
classic/model/schedule/apa/interference.v,classic/model/schedule/global/basic/schedule.v
classic/model/schedule/apa/interference.v,classic/model/schedule/apa/affinity.v
classic/model/schedule/global/basic/interference.v,classic/util/all.v
classic/model/schedule/global/basic/interference.v,classic/model/arrival/basic/task.v
classic/model/schedule/global/basic/interference.v,classic/model/arrival/basic/job.v
classic/model/schedule/global/basic/interference.v,classic/model/priority.v
classic/model/schedule/global/basic/interference.v,classic/model/schedule/global/workload.v
classic/model/schedule/global/basic/interference.v,classic/model/schedule/global/basic/schedule.v
classic/model/schedule/partitioned/schedule.v,classic/util/all.v
classic/model/schedule/partitioned/schedule.v,classic/model/time.v
classic/model/schedule/partitioned/schedule.v,classic/model/arrival/basic/task.v
classic/model/schedule/partitioned/schedule.v,classic/model/arrival/basic/job.v
classic/model/schedule/partitioned/schedule.v,classic/model/schedule/global/schedulability.v
classic/model/schedule/partitioned/schedule.v,classic/model/schedule/global/basic/schedule.v
classic/model/schedule/partitioned/schedule.v,classic/model/schedule/uni/schedule.v
classic/model/schedule/partitioned/schedule.v,classic/model/schedule/uni/schedulability.v
classic/model/schedule/uni/jitter/busy_interval.v,classic/util/all.v
classic/model/schedule/uni/jitter/busy_interval.v,classic/model/arrival/basic/task.v
classic/model/schedule/uni/jitter/busy_interval.v,classic/model/arrival/basic/job.v
classic/model/schedule/uni/jitter/busy_interval.v,classic/model/arrival/basic/arrival_sequence.v
classic/model/schedule/uni/jitter/busy_interval.v,classic/model/priority.v
classic/model/schedule/uni/jitter/busy_interval.v,classic/model/arrival/basic/task_arrival.v
classic/model/schedule/uni/jitter/busy_interval.v,classic/model/schedule/uni/service.v
classic/model/schedule/uni/jitter/busy_interval.v,classic/model/schedule/uni/workload.v
classic/model/schedule/uni/jitter/busy_interval.v,classic/model/schedule/uni/jitter/schedule.v
classic/model/schedule/uni/jitter/busy_interval.v,classic/model/schedule/uni/jitter/platform.v
classic/model/schedule/uni/jitter/valid_schedule.v,classic/util/all.v
classic/model/schedule/uni/jitter/valid_schedule.v,classic/model/priority.v
classic/model/schedule/uni/jitter/valid_schedule.v,classic/model/arrival/basic/arrival_sequence.v
classic/model/schedule/uni/jitter/valid_schedule.v,classic/model/schedule/uni/jitter/schedule.v
classic/model/schedule/uni/jitter/valid_schedule.v,classic/model/schedule/uni/jitter/platform.v
classic/model/schedule/uni/limited/platform/definitions.v,classic/util/all.v
classic/model/schedule/uni/limited/platform/definitions.v,classic/model/arrival/basic/job.v
classic/model/schedule/uni/limited/platform/definitions.v,classic/model/arrival/basic/task.v
classic/model/schedule/uni/limited/platform/definitions.v,classic/model/priority.v
classic/model/schedule/uni/limited/platform/definitions.v,classic/model/arrival/basic/task_arrival.v
classic/model/schedule/uni/limited/platform/definitions.v,classic/model/schedule/uni/schedule.v
classic/model/schedule/uni/limited/platform/definitions.v,classic/model/schedule/uni/service.v
classic/model/schedule/uni/limited/platform/definitions.v,classic/model/schedule/uni/basic/platform.v
classic/model/schedule/uni/limited/platform/definitions.v,classic/model/schedule/uni/nonpreemptive/schedule.v
classic/model/schedule/uni/limited/schedule.v,classic/util/all.v
classic/model/schedule/uni/limited/schedule.v,classic/model/arrival/basic/job.v
classic/model/schedule/uni/limited/schedule.v,classic/model/schedule/uni/service.v
classic/model/schedule/uni/limited/schedule.v,classic/model/schedule/uni/schedule.v
classic/model/schedule/uni/limited/schedule.v,classic/model/schedule/uni/nonpreemptive/schedule.v
classic/model/schedule/uni/susp/schedule.v,classic/util/all.v
classic/model/schedule/uni/susp/schedule.v,classic/model/arrival/basic/arrival_sequence.v
classic/model/schedule/uni/susp/schedule.v,classic/model/suspension.v
classic/model/schedule/uni/susp/schedule.v,classic/model/priority.v
classic/model/schedule/uni/susp/schedule.v,classic/model/schedule/uni/schedule.v
classic/model/schedule/uni/susp/schedule.v,classic/model/schedule/uni/susp/suspension_intervals.v
classic/model/schedule/uni/sustainability.v,classic/util/all.v
classic/model/schedule/uni/sustainability.v,classic/model/arrival/basic/arrival_sequence.v
classic/model/schedule/uni/sustainability.v,classic/model/schedule/uni/schedule.v
classic/model/schedule/uni/sustainability.v,classic/model/schedule/uni/schedulability.v
classic/analysis/apa/workload_bound.v,classic/util/all.v
classic/analysis/apa/workload_bound.v,classic/model/arrival/basic/task.v
classic/analysis/apa/workload_bound.v,classic/model/arrival/basic/job.v
classic/analysis/apa/workload_bound.v,classic/model/arrival/basic/task_arrival.v
classic/analysis/apa/workload_bound.v,classic/model/schedule/global/response_time.v
classic/analysis/apa/workload_bound.v,classic/model/schedule/global/schedulability.v
classic/analysis/apa/workload_bound.v,classic/model/schedule/global/workload.v
classic/analysis/apa/workload_bound.v,classic/model/schedule/global/basic/schedule.v
classic/analysis/global/basic/workload_bound.v,classic/util/all.v
classic/analysis/global/basic/workload_bound.v,classic/model/arrival/basic/task.v
classic/analysis/global/basic/workload_bound.v,classic/model/arrival/basic/job.v
classic/analysis/global/basic/workload_bound.v,classic/model/arrival/basic/task_arrival.v
classic/analysis/global/basic/workload_bound.v,classic/model/schedule/global/workload.v
classic/analysis/global/basic/workload_bound.v,classic/model/schedule/global/response_time.v
classic/analysis/global/basic/workload_bound.v,classic/model/schedule/global/schedulability.v
classic/analysis/global/basic/workload_bound.v,classic/model/schedule/global/basic/schedule.v
classic/analysis/global/jitter/workload_bound.v,classic/util/all.v
classic/analysis/global/jitter/workload_bound.v,classic/model/arrival/basic/task.v
classic/analysis/global/jitter/workload_bound.v,classic/model/arrival/basic/task_arrival.v
classic/analysis/global/jitter/workload_bound.v,classic/model/schedule/global/workload.v
classic/analysis/global/jitter/workload_bound.v,classic/model/schedule/global/response_time.v
classic/analysis/global/jitter/workload_bound.v,classic/model/schedule/global/schedulability.v
classic/analysis/global/jitter/workload_bound.v,classic/model/schedule/global/jitter/job.v
classic/analysis/global/jitter/workload_bound.v,classic/model/schedule/global/jitter/schedule.v
classic/analysis/global/parallel/workload_bound.v,classic/util/all.v
classic/analysis/global/parallel/workload_bound.v,classic/model/arrival/basic/task.v
classic/analysis/global/parallel/workload_bound.v,classic/model/arrival/basic/job.v
classic/analysis/global/parallel/workload_bound.v,classic/model/arrival/basic/task_arrival.v
classic/analysis/global/parallel/workload_bound.v,classic/model/schedule/global/response_time.v
classic/analysis/global/parallel/workload_bound.v,classic/model/schedule/global/workload.v
classic/analysis/global/parallel/workload_bound.v,classic/model/schedule/global/schedulability.v
classic/analysis/global/parallel/workload_bound.v,classic/model/schedule/global/basic/schedule.v
classic/analysis/uni/arrival_curves/workload_bound.v,classic/util/all.v
classic/analysis/uni/arrival_curves/workload_bound.v,classic/model/arrival/basic/job.v
classic/analysis/uni/arrival_curves/workload_bound.v,classic/model/arrival/basic/task_arrival.v
classic/analysis/uni/arrival_curves/workload_bound.v,classic/model/priority.v
classic/analysis/uni/arrival_curves/workload_bound.v,classic/model/schedule/uni/service.v
classic/analysis/uni/arrival_curves/workload_bound.v,classic/model/schedule/uni/workload.v
classic/analysis/uni/arrival_curves/workload_bound.v,classic/model/schedule/uni/schedule.v
classic/analysis/uni/arrival_curves/workload_bound.v,classic/model/arrival/curves/bounds.v
classic/analysis/uni/basic/tdma_wcrt_analysis.v,classic/util/all.v
classic/analysis/uni/basic/tdma_wcrt_analysis.v,classic/model/arrival/basic/job.v
classic/analysis/uni/basic/tdma_wcrt_analysis.v,classic/model/arrival/basic/task_arrival.v
classic/analysis/uni/basic/tdma_wcrt_analysis.v,classic/model/schedule/uni/schedulability.v
classic/analysis/uni/basic/tdma_wcrt_analysis.v,classic/model/schedule/uni/schedule_of_task.v
classic/analysis/uni/basic/tdma_wcrt_analysis.v,classic/model/schedule/uni/response_time.v
classic/analysis/uni/basic/tdma_wcrt_analysis.v,classic/model/schedule/uni/basic/platform_tdma.v
classic/analysis/uni/basic/tdma_wcrt_analysis.v,classic/model/schedule/uni/end_time.v
classic/analysis/uni/jitter/workload_bound_fp.v,classic/util/all.v
classic/analysis/uni/jitter/workload_bound_fp.v,classic/model/arrival/basic/task.v
classic/analysis/uni/jitter/workload_bound_fp.v,classic/model/priority.v
classic/analysis/uni/jitter/workload_bound_fp.v,classic/model/arrival/jitter/job.v
classic/analysis/uni/jitter/workload_bound_fp.v,classic/model/arrival/jitter/task_arrival.v
classic/analysis/uni/jitter/workload_bound_fp.v,classic/model/arrival/jitter/arrival_bounds.v
classic/analysis/uni/jitter/workload_bound_fp.v,classic/model/schedule/uni/workload.v
classic/analysis/uni/jitter/workload_bound_fp.v,classic/model/schedule/uni/jitter/schedule.v
classic/analysis/uni/susp/dynamic/jitter/jitter_taskset_generation.v,classic/util/all.v
classic/analysis/uni/susp/dynamic/jitter/jitter_taskset_generation.v,classic/model/priority.v
classic/analysis/uni/susp/dynamic/jitter/jitter_taskset_generation.v,classic/model/suspension.v
classic/analysis/uni/susp/dynamic/jitter/jitter_taskset_generation.v,classic/model/arrival/basic/arrival_sequence.v
classic/analysis/uni/susp/dynamic/jitter/jitter_taskset_generation.v,classic/model/schedule/uni/jitter/schedule.v
classic/analysis/uni/susp/dynamic/jitter/jitter_taskset_generation.v,classic/analysis/uni/susp/dynamic/jitter/jitter_schedule.v
classic/implementation/apa/job.v,classic/model/time.v
classic/implementation/apa/job.v,classic/util/all.v
classic/implementation/apa/job.v,classic/implementation/apa/task.v
classic/implementation/uni/jitter/schedule.v,classic/util/all.v
classic/implementation/uni/jitter/schedule.v,classic/model/arrival/basic/job.v
classic/implementation/uni/jitter/schedule.v,classic/model/arrival/basic/arrival_sequence.v
classic/implementation/uni/jitter/schedule.v,classic/model/priority.v
classic/implementation/uni/jitter/schedule.v,classic/model/schedule/uni/jitter/schedule.v
classic/implementation/uni/jitter/schedule.v,classic/model/schedule/uni/jitter/platform.v
classic/implementation/uni/jitter/schedule.v,classic/model/schedule/uni/transformation/construction.v
classic/model/schedule/apa/platform.v,classic/util/all.v
classic/model/schedule/apa/platform.v,classic/model/arrival/basic/job.v
classic/model/schedule/apa/platform.v,classic/model/arrival/basic/task.v
classic/model/schedule/apa/platform.v,classic/model/priority.v
classic/model/schedule/apa/platform.v,classic/model/arrival/basic/task_arrival.v
classic/model/schedule/apa/platform.v,classic/model/schedule/global/basic/schedule.v
classic/model/schedule/apa/platform.v,classic/model/schedule/apa/interference.v
classic/model/schedule/apa/platform.v,classic/model/schedule/apa/affinity.v
classic/model/schedule/global/basic/platform.v,classic/util/all.v
classic/model/schedule/global/basic/platform.v,classic/model/arrival/basic/task.v
classic/model/schedule/global/basic/platform.v,classic/model/arrival/basic/job.v
classic/model/schedule/global/basic/platform.v,classic/model/priority.v
classic/model/schedule/global/basic/platform.v,classic/model/arrival/basic/task_arrival.v
classic/model/schedule/global/basic/platform.v,classic/model/schedule/global/basic/schedule.v
classic/model/schedule/global/basic/platform.v,classic/model/schedule/global/basic/interference.v
classic/model/schedule/global/jitter/interference.v,classic/util/all.v
classic/model/schedule/global/jitter/interference.v,classic/model/arrival/basic/task.v
classic/model/schedule/global/jitter/interference.v,classic/model/priority.v
classic/model/schedule/global/jitter/interference.v,classic/model/schedule/global/workload.v
classic/model/schedule/global/jitter/interference.v,classic/model/schedule/global/jitter/job.v
classic/model/schedule/global/jitter/interference.v,classic/model/schedule/global/jitter/schedule.v
classic/model/schedule/global/jitter/interference.v,classic/model/schedule/global/basic/interference.v
classic/model/schedule/partitioned/schedulability.v,classic/util/all.v
classic/model/schedule/partitioned/schedulability.v,classic/model/arrival/basic/arrival_sequence.v
classic/model/schedule/partitioned/schedulability.v,classic/model/arrival/basic/task.v
classic/model/schedule/partitioned/schedulability.v,classic/model/arrival/basic/job.v
classic/model/schedule/partitioned/schedulability.v,classic/model/schedule/global/schedulability.v
classic/model/schedule/partitioned/schedulability.v,classic/model/schedule/global/basic/schedule.v
classic/model/schedule/partitioned/schedulability.v,classic/model/schedule/partitioned/schedule.v
classic/model/schedule/partitioned/schedulability.v,classic/model/schedule/uni/schedule.v
classic/model/schedule/uni/limited/abstract_RTA/sufficient_condition_for_lock_in_service.v,classic/util/all.v
classic/model/schedule/uni/limited/abstract_RTA/sufficient_condition_for_lock_in_service.v,classic/model/arrival/basic/job.v
classic/model/schedule/uni/limited/abstract_RTA/sufficient_condition_for_lock_in_service.v,classic/model/schedule/uni/service.v
classic/model/schedule/uni/limited/abstract_RTA/sufficient_condition_for_lock_in_service.v,classic/model/schedule/uni/schedule.v
classic/model/schedule/uni/limited/abstract_RTA/sufficient_condition_for_lock_in_service.v,classic/model/schedule/uni/limited/schedule.v
classic/model/schedule/uni/limited/abstract_RTA/sufficient_condition_for_lock_in_service.v,classic/model/schedule/uni/limited/abstract_RTA/definitions.v
classic/model/schedule/uni/limited/busy_interval.v,classic/util/all.v
classic/model/schedule/uni/limited/busy_interval.v,classic/model/arrival/basic/task.v
classic/model/schedule/uni/limited/busy_interval.v,classic/model/arrival/basic/job.v
classic/model/schedule/uni/limited/busy_interval.v,classic/model/arrival/basic/arrival_sequence.v
classic/model/schedule/uni/limited/busy_interval.v,classic/model/priority.v
classic/model/schedule/uni/limited/busy_interval.v,classic/model/arrival/basic/task_arrival.v
classic/model/schedule/uni/limited/busy_interval.v,classic/model/schedule/uni/service.v
classic/model/schedule/uni/limited/busy_interval.v,classic/model/schedule/uni/workload.v
classic/model/schedule/uni/limited/busy_interval.v,classic/model/schedule/uni/schedule.v
classic/model/schedule/uni/limited/busy_interval.v,classic/model/schedule/uni/limited/platform/definitions.v
classic/model/schedule/uni/limited/platform/limited.v,classic/util/all.v
classic/model/schedule/uni/limited/platform/limited.v,classic/model/arrival/basic/job.v
classic/model/schedule/uni/limited/platform/limited.v,classic/model/arrival/basic/task.v
classic/model/schedule/uni/limited/platform/limited.v,classic/model/schedule/uni/schedule.v
classic/model/schedule/uni/limited/platform/limited.v,classic/model/schedule/uni/limited/platform/definitions.v
classic/model/schedule/uni/limited/platform/limited.v,util/nondecreasing.v
classic/model/schedule/uni/limited/platform/nonpreemptive.v,classic/util/all.v
classic/model/schedule/uni/limited/platform/nonpreemptive.v,classic/model/arrival/basic/job.v
classic/model/schedule/uni/limited/platform/nonpreemptive.v,classic/model/arrival/basic/task.v
classic/model/schedule/uni/limited/platform/nonpreemptive.v,classic/model/priority.v
classic/model/schedule/uni/limited/platform/nonpreemptive.v,classic/model/arrival/basic/task_arrival.v
classic/model/schedule/uni/limited/platform/nonpreemptive.v,classic/model/schedule/uni/schedule.v
classic/model/schedule/uni/limited/platform/nonpreemptive.v,classic/model/schedule/uni/service.v
classic/model/schedule/uni/limited/platform/nonpreemptive.v,classic/model/schedule/uni/basic/platform.v
classic/model/schedule/uni/limited/platform/nonpreemptive.v,classic/model/schedule/uni/nonpreemptive/schedule.v
classic/model/schedule/uni/limited/platform/nonpreemptive.v,classic/model/schedule/uni/limited/platform/definitions.v
classic/model/schedule/uni/limited/platform/preemptive.v,classic/util/all.v
classic/model/schedule/uni/limited/platform/preemptive.v,classic/model/arrival/basic/job.v
classic/model/schedule/uni/limited/platform/preemptive.v,classic/model/arrival/basic/task.v
classic/model/schedule/uni/limited/platform/preemptive.v,classic/model/priority.v
classic/model/schedule/uni/limited/platform/preemptive.v,classic/model/arrival/basic/task_arrival.v
classic/model/schedule/uni/limited/platform/preemptive.v,classic/model/schedule/uni/schedule.v
classic/model/schedule/uni/limited/platform/preemptive.v,classic/model/schedule/uni/service.v
classic/model/schedule/uni/limited/platform/preemptive.v,classic/model/schedule/uni/basic/platform.v
classic/model/schedule/uni/limited/platform/preemptive.v,classic/model/schedule/uni/limited/platform/definitions.v
classic/model/schedule/uni/limited/rbf.v,classic/util/all.v
classic/model/schedule/uni/limited/rbf.v,classic/model/time.v
classic/model/schedule/uni/limited/rbf.v,classic/model/arrival/basic/job.v
classic/model/schedule/uni/limited/rbf.v,classic/model/arrival/basic/task_arrival.v
classic/model/schedule/uni/limited/rbf.v,classic/model/priority.v
classic/model/schedule/uni/limited/rbf.v,classic/model/arrival/basic/arrival_sequence.v
classic/model/schedule/uni/limited/rbf.v,classic/model/schedule/uni/schedule.v
classic/model/schedule/uni/limited/rbf.v,classic/model/arrival/curves/bounds.v
classic/model/schedule/uni/limited/rbf.v,classic/analysis/uni/arrival_curves/workload_bound.v
classic/model/schedule/uni/susp/build_suspension_table.v,classic/util/all.v
classic/model/schedule/uni/susp/build_suspension_table.v,classic/model/suspension.v
classic/model/schedule/uni/susp/build_suspension_table.v,classic/model/schedule/uni/susp/schedule.v
classic/model/schedule/uni/susp/platform.v,classic/util/all.v
classic/model/schedule/uni/susp/platform.v,classic/model/arrival/basic/arrival_sequence.v
classic/model/schedule/uni/susp/platform.v,classic/model/suspension.v
classic/model/schedule/uni/susp/platform.v,classic/model/priority.v
classic/model/schedule/uni/susp/platform.v,classic/model/schedule/uni/susp/schedule.v
classic/analysis/apa/interference_bound.v,classic/util/all.v
classic/analysis/apa/interference_bound.v,classic/model/schedule/global/basic/schedule.v
classic/analysis/apa/interference_bound.v,classic/analysis/apa/workload_bound.v
classic/analysis/global/basic/interference_bound.v,classic/util/all.v
classic/analysis/global/basic/interference_bound.v,classic/model/schedule/global/basic/schedule.v
classic/analysis/global/basic/interference_bound.v,classic/analysis/global/basic/workload_bound.v
classic/analysis/global/parallel/interference_bound.v,classic/util/all.v
classic/analysis/global/parallel/interference_bound.v,classic/model/schedule/global/basic/schedule.v
classic/analysis/global/parallel/interference_bound.v,classic/analysis/global/parallel/workload_bound.v
classic/analysis/uni/basic/tdma_rta_theory.v,classic/util/all.v
classic/analysis/uni/basic/tdma_rta_theory.v,classic/model/arrival/basic/job.v
classic/analysis/uni/basic/tdma_rta_theory.v,classic/model/arrival/basic/task_arrival.v
classic/analysis/uni/basic/tdma_rta_theory.v,classic/model/schedule/uni/schedulability.v
classic/analysis/uni/basic/tdma_rta_theory.v,classic/model/schedule/uni/schedule_of_task.v
classic/analysis/uni/basic/tdma_rta_theory.v,classic/model/schedule/uni/response_time.v
classic/analysis/uni/basic/tdma_rta_theory.v,classic/analysis/uni/basic/tdma_wcrt_analysis.v
classic/analysis/uni/basic/tdma_rta_theory.v,classic/model/schedule/uni/basic/platform_tdma.v
classic/analysis/uni/basic/tdma_rta_theory.v,classic/model/schedule/uni/end_time.v
classic/analysis/uni/jitter/fp_rta_theory.v,classic/util/all.v
classic/analysis/uni/jitter/fp_rta_theory.v,classic/model/priority.v
classic/analysis/uni/jitter/fp_rta_theory.v,classic/model/arrival/basic/task.v
classic/analysis/uni/jitter/fp_rta_theory.v,classic/model/arrival/jitter/job.v
classic/analysis/uni/jitter/fp_rta_theory.v,classic/model/arrival/jitter/task_arrival.v
classic/analysis/uni/jitter/fp_rta_theory.v,classic/model/arrival/jitter/arrival_sequence.v
classic/analysis/uni/jitter/fp_rta_theory.v,classic/model/arrival/jitter/arrival_bounds.v
classic/analysis/uni/jitter/fp_rta_theory.v,classic/model/schedule/uni/schedule_of_task.v
classic/analysis/uni/jitter/fp_rta_theory.v,classic/model/schedule/uni/service.v
classic/analysis/uni/jitter/fp_rta_theory.v,classic/model/schedule/uni/schedulability.v
classic/analysis/uni/jitter/fp_rta_theory.v,classic/model/schedule/uni/response_time.v
classic/analysis/uni/jitter/fp_rta_theory.v,classic/model/schedule/uni/jitter/schedule.v
classic/analysis/uni/jitter/fp_rta_theory.v,classic/model/schedule/uni/jitter/busy_interval.v
classic/analysis/uni/jitter/fp_rta_theory.v,classic/model/schedule/uni/jitter/platform.v
classic/analysis/uni/jitter/fp_rta_theory.v,classic/analysis/uni/jitter/workload_bound_fp.v
classic/analysis/uni/susp/sustainability/singlecost/reduction.v,classic/util/all.v
classic/analysis/uni/susp/sustainability/singlecost/reduction.v,classic/model/priority.v
classic/analysis/uni/susp/sustainability/singlecost/reduction.v,classic/model/suspension.v
classic/analysis/uni/susp/sustainability/singlecost/reduction.v,classic/model/schedule/uni/susp/schedule.v
classic/analysis/uni/susp/sustainability/singlecost/reduction.v,classic/model/schedule/uni/transformation/construction.v
classic/implementation/apa/arrival_sequence.v,classic/util/all.v
classic/implementation/apa/arrival_sequence.v,classic/model/arrival/basic/arrival_sequence.v
classic/implementation/apa/arrival_sequence.v,classic/model/arrival/basic/job.v
classic/implementation/apa/arrival_sequence.v,classic/model/arrival/basic/task.v
classic/implementation/apa/arrival_sequence.v,classic/model/arrival/basic/task_arrival.v
classic/implementation/apa/arrival_sequence.v,classic/implementation/apa/task.v
classic/implementation/apa/arrival_sequence.v,classic/implementation/apa/job.v
classic/implementation/uni/basic/extraction_tdma.v,classic/analysis/uni/basic/tdma_wcrt_analysis.v
classic/model/schedule/apa/constrained_deadlines.v,classic/util/all.v
classic/model/schedule/apa/constrained_deadlines.v,classic/model/arrival/basic/job.v
classic/model/schedule/apa/constrained_deadlines.v,classic/model/arrival/basic/task.v
classic/model/schedule/apa/constrained_deadlines.v,classic/model/priority.v
classic/model/schedule/apa/constrained_deadlines.v,classic/model/arrival/basic/task_arrival.v
classic/model/schedule/apa/constrained_deadlines.v,classic/model/schedule/global/basic/schedule.v
classic/model/schedule/apa/constrained_deadlines.v,classic/model/schedule/apa/interference.v
classic/model/schedule/apa/constrained_deadlines.v,classic/model/schedule/apa/affinity.v
classic/model/schedule/apa/constrained_deadlines.v,classic/model/schedule/apa/platform.v
classic/model/schedule/apa/interference_edf.v,classic/util/all.v
classic/model/schedule/apa/interference_edf.v,classic/model/arrival/basic/task.v
classic/model/schedule/apa/interference_edf.v,classic/model/arrival/basic/job.v
classic/model/schedule/apa/interference_edf.v,classic/model/priority.v
classic/model/schedule/apa/interference_edf.v,classic/model/arrival/basic/task_arrival.v
classic/model/schedule/apa/interference_edf.v,classic/model/schedule/global/basic/schedule.v
classic/model/schedule/apa/interference_edf.v,classic/model/schedule/apa/affinity.v
classic/model/schedule/apa/interference_edf.v,classic/model/schedule/apa/interference.v
classic/model/schedule/apa/interference_edf.v,classic/model/schedule/apa/platform.v
classic/model/schedule/global/basic/constrained_deadlines.v,classic/util/all.v
classic/model/schedule/global/basic/constrained_deadlines.v,classic/model/arrival/basic/task.v
classic/model/schedule/global/basic/constrained_deadlines.v,classic/model/arrival/basic/job.v
classic/model/schedule/global/basic/constrained_deadlines.v,classic/model/priority.v
classic/model/schedule/global/basic/constrained_deadlines.v,classic/model/arrival/basic/task_arrival.v
classic/model/schedule/global/basic/constrained_deadlines.v,classic/model/schedule/global/basic/schedule.v
classic/model/schedule/global/basic/constrained_deadlines.v,classic/model/schedule/global/basic/interference.v
classic/model/schedule/global/basic/constrained_deadlines.v,classic/model/schedule/global/basic/platform.v
classic/model/schedule/global/basic/interference_edf.v,classic/util/all.v
classic/model/schedule/global/basic/interference_edf.v,classic/model/arrival/basic/task.v
classic/model/schedule/global/basic/interference_edf.v,classic/model/arrival/basic/job.v
classic/model/schedule/global/basic/interference_edf.v,classic/model/priority.v
classic/model/schedule/global/basic/interference_edf.v,classic/model/arrival/basic/task_arrival.v
classic/model/schedule/global/basic/interference_edf.v,classic/model/schedule/global/basic/schedule.v
classic/model/schedule/global/basic/interference_edf.v,classic/model/schedule/global/basic/interference.v
classic/model/schedule/global/basic/interference_edf.v,classic/model/schedule/global/basic/platform.v
classic/model/schedule/global/jitter/platform.v,classic/util/all.v
classic/model/schedule/global/jitter/platform.v,classic/model/arrival/basic/task.v
classic/model/schedule/global/jitter/platform.v,classic/model/priority.v
classic/model/schedule/global/jitter/platform.v,classic/model/arrival/basic/task_arrival.v
classic/model/schedule/global/jitter/platform.v,classic/model/schedule/global/jitter/job.v
classic/model/schedule/global/jitter/platform.v,classic/model/schedule/global/jitter/schedule.v
classic/model/schedule/global/jitter/platform.v,classic/model/schedule/global/jitter/interference.v
classic/model/schedule/uni/limited/abstract_RTA/abstract_rta.v,classic/util/all.v
classic/model/schedule/uni/limited/abstract_RTA/abstract_rta.v,classic/model/arrival/basic/job.v
classic/model/schedule/uni/limited/abstract_RTA/abstract_rta.v,classic/model/schedule/uni/service.v
classic/model/schedule/uni/limited/abstract_RTA/abstract_rta.v,classic/model/schedule/uni/schedule.v
classic/model/schedule/uni/limited/abstract_RTA/abstract_rta.v,classic/model/schedule/uni/response_time.v
classic/model/schedule/uni/limited/abstract_RTA/abstract_rta.v,classic/model/schedule/uni/limited/schedule.v
classic/model/schedule/uni/limited/abstract_RTA/abstract_rta.v,classic/model/schedule/uni/limited/abstract_RTA/definitions.v
classic/model/schedule/uni/limited/abstract_RTA/abstract_rta.v,classic/model/schedule/uni/limited/abstract_RTA/sufficient_condition_for_lock_in_service.v
classic/model/schedule/uni/limited/abstract_RTA/abstract_rta.v,classic/model/schedule/uni/limited/abstract_RTA/reduction_of_search_space.v
classic/model/schedule/uni/limited/platform/priority_inversion_is_bounded.v,classic/util/all.v
classic/model/schedule/uni/limited/platform/priority_inversion_is_bounded.v,classic/model/arrival/basic/job.v
classic/model/schedule/uni/limited/platform/priority_inversion_is_bounded.v,classic/model/arrival/basic/task_arrival.v
classic/model/schedule/uni/limited/platform/priority_inversion_is_bounded.v,classic/model/priority.v
classic/model/schedule/uni/limited/platform/priority_inversion_is_bounded.v,classic/model/schedule/uni/service.v
classic/model/schedule/uni/limited/platform/priority_inversion_is_bounded.v,classic/model/schedule/uni/schedule.v
classic/model/schedule/uni/limited/platform/priority_inversion_is_bounded.v,classic/model/schedule/uni/limited/platform/definitions.v
classic/model/schedule/uni/limited/platform/priority_inversion_is_bounded.v,classic/model/schedule/uni/limited/busy_interval.v
classic/model/schedule/uni/susp/valid_schedule.v,classic/util/all.v
classic/model/schedule/uni/susp/valid_schedule.v,classic/model/priority.v
classic/model/schedule/uni/susp/valid_schedule.v,classic/model/suspension.v
classic/model/schedule/uni/susp/valid_schedule.v,classic/model/arrival/basic/arrival_sequence.v
classic/model/schedule/uni/susp/valid_schedule.v,classic/model/schedule/uni/susp/schedule.v
classic/model/schedule/uni/susp/valid_schedule.v,classic/model/schedule/uni/susp/platform.v
classic/analysis/apa/interference_bound_fp.v,classic/util/all.v
classic/analysis/apa/interference_bound_fp.v,classic/model/priority.v
classic/analysis/apa/interference_bound_fp.v,classic/model/schedule/global/workload.v
classic/analysis/apa/interference_bound_fp.v,classic/model/schedule/global/basic/schedule.v
classic/analysis/apa/interference_bound_fp.v,classic/model/schedule/apa/interference.v
classic/analysis/apa/interference_bound_fp.v,classic/model/schedule/apa/affinity.v
classic/analysis/apa/interference_bound_fp.v,classic/analysis/apa/workload_bound.v
classic/analysis/apa/interference_bound_fp.v,classic/analysis/apa/interference_bound.v
classic/analysis/global/basic/interference_bound_fp.v,classic/util/all.v
classic/analysis/global/basic/interference_bound_fp.v,classic/model/priority.v
classic/analysis/global/basic/interference_bound_fp.v,classic/model/schedule/global/workload.v
classic/analysis/global/basic/interference_bound_fp.v,classic/model/schedule/global/basic/schedule.v
classic/analysis/global/basic/interference_bound_fp.v,classic/model/schedule/global/basic/interference.v
classic/analysis/global/basic/interference_bound_fp.v,classic/analysis/global/basic/workload_bound.v
classic/analysis/global/basic/interference_bound_fp.v,classic/analysis/global/basic/interference_bound.v
classic/analysis/global/jitter/interference_bound.v,classic/util/all.v
classic/analysis/global/jitter/interference_bound.v,classic/model/arrival/basic/arrival_sequence.v
classic/analysis/global/jitter/interference_bound.v,classic/model/priority.v
classic/analysis/global/jitter/interference_bound.v,classic/model/schedule/global/jitter/schedule.v
classic/analysis/global/jitter/interference_bound.v,classic/model/schedule/global/jitter/interference.v
classic/analysis/global/jitter/interference_bound.v,classic/analysis/global/jitter/workload_bound.v
classic/analysis/global/parallel/interference_bound_fp.v,classic/util/all.v
classic/analysis/global/parallel/interference_bound_fp.v,classic/model/priority.v
classic/analysis/global/parallel/interference_bound_fp.v,classic/model/schedule/global/workload.v
classic/analysis/global/parallel/interference_bound_fp.v,classic/model/schedule/global/basic/schedule.v
classic/analysis/global/parallel/interference_bound_fp.v,classic/model/schedule/global/basic/interference.v
classic/analysis/global/parallel/interference_bound_fp.v,classic/analysis/global/parallel/workload_bound.v
classic/analysis/global/parallel/interference_bound_fp.v,classic/analysis/global/parallel/interference_bound.v
classic/analysis/uni/basic/fp_rta_theory.v,classic/util/all.v
classic/analysis/uni/basic/fp_rta_theory.v,classic/model/arrival/basic/job.v
classic/analysis/uni/basic/fp_rta_theory.v,classic/model/arrival/basic/task.v
classic/analysis/uni/basic/fp_rta_theory.v,classic/model/priority.v
classic/analysis/uni/basic/fp_rta_theory.v,classic/model/arrival/basic/task_arrival.v
classic/analysis/uni/basic/fp_rta_theory.v,classic/model/arrival/basic/arrival_bounds.v
classic/analysis/uni/basic/fp_rta_theory.v,classic/model/schedule/uni/schedule_of_task.v
classic/analysis/uni/basic/fp_rta_theory.v,classic/model/schedule/uni/workload.v
classic/analysis/uni/basic/fp_rta_theory.v,classic/model/schedule/uni/schedulability.v
classic/analysis/uni/basic/fp_rta_theory.v,classic/model/schedule/uni/response_time.v
classic/analysis/uni/basic/fp_rta_theory.v,classic/model/schedule/uni/service.v
classic/analysis/uni/basic/fp_rta_theory.v,classic/model/schedule/uni/limited/busy_interval.v
classic/analysis/uni/basic/fp_rta_theory.v,classic/model/schedule/uni/basic/platform.v
classic/analysis/uni/basic/fp_rta_theory.v,classic/analysis/uni/basic/workload_bound_fp.v
classic/analysis/uni/jitter/fp_rta_comp.v,classic/util/all.v
classic/analysis/uni/jitter/fp_rta_comp.v,classic/model/priority.v
classic/analysis/uni/jitter/fp_rta_comp.v,classic/model/arrival/basic/task.v
classic/analysis/uni/jitter/fp_rta_comp.v,classic/model/arrival/jitter/job.v
classic/analysis/uni/jitter/fp_rta_comp.v,classic/model/arrival/jitter/arrival_sequence.v
classic/analysis/uni/jitter/fp_rta_comp.v,classic/model/arrival/jitter/task_arrival.v
classic/analysis/uni/jitter/fp_rta_comp.v,classic/model/schedule/uni/schedulability.v
classic/analysis/uni/jitter/fp_rta_comp.v,classic/model/schedule/uni/response_time.v
classic/analysis/uni/jitter/fp_rta_comp.v,classic/model/schedule/uni/jitter/schedule.v
classic/analysis/uni/jitter/fp_rta_comp.v,classic/model/schedule/uni/jitter/platform.v
classic/analysis/uni/jitter/fp_rta_comp.v,classic/analysis/uni/jitter/workload_bound_fp.v
classic/analysis/uni/jitter/fp_rta_comp.v,classic/analysis/uni/jitter/fp_rta_theory.v
classic/analysis/uni/susp/dynamic/oblivious/reduction.v,classic/util/all.v
classic/analysis/uni/susp/dynamic/oblivious/reduction.v,classic/model/arrival/basic/job.v
classic/analysis/uni/susp/dynamic/oblivious/reduction.v,classic/model/arrival/basic/task.v
classic/analysis/uni/susp/dynamic/oblivious/reduction.v,classic/model/arrival/basic/arrival_sequence.v
classic/analysis/uni/susp/dynamic/oblivious/reduction.v,classic/model/priority.v
classic/analysis/uni/susp/dynamic/oblivious/reduction.v,classic/model/suspension.v
classic/analysis/uni/susp/dynamic/oblivious/reduction.v,classic/model/schedule/uni/schedule.v
classic/analysis/uni/susp/dynamic/oblivious/reduction.v,classic/model/schedule/uni/schedulability.v
classic/analysis/uni/susp/dynamic/oblivious/reduction.v,classic/model/schedule/uni/basic/platform.v
classic/analysis/uni/susp/dynamic/oblivious/reduction.v,classic/model/schedule/uni/susp/suspension_intervals.v
classic/analysis/uni/susp/dynamic/oblivious/reduction.v,classic/model/schedule/uni/susp/schedule.v
classic/analysis/uni/susp/dynamic/oblivious/reduction.v,classic/model/schedule/uni/susp/platform.v
classic/analysis/uni/susp/dynamic/oblivious/reduction.v,classic/model/schedule/uni/transformation/construction.v
classic/analysis/uni/susp/dynamic/oblivious/reduction.v,classic/implementation/uni/basic/schedule.v
classic/analysis/uni/susp/sustainability/allcosts/reduction.v,classic/util/all.v
classic/analysis/uni/susp/sustainability/allcosts/reduction.v,classic/model/priority.v
classic/analysis/uni/susp/sustainability/allcosts/reduction.v,classic/model/suspension.v
classic/analysis/uni/susp/sustainability/allcosts/reduction.v,classic/model/schedule/uni/susp/schedule.v
classic/analysis/uni/susp/sustainability/allcosts/reduction.v,classic/model/schedule/uni/susp/platform.v
classic/analysis/uni/susp/sustainability/allcosts/reduction.v,classic/model/schedule/uni/susp/build_suspension_table.v
classic/analysis/uni/susp/sustainability/allcosts/reduction.v,classic/model/schedule/uni/transformation/construction.v
classic/analysis/uni/susp/sustainability/singlecost/reduction_properties.v,classic/util/all.v
classic/analysis/uni/susp/sustainability/singlecost/reduction_properties.v,classic/model/priority.v
classic/analysis/uni/susp/sustainability/singlecost/reduction_properties.v,classic/model/suspension.v
classic/analysis/uni/susp/sustainability/singlecost/reduction_properties.v,classic/model/arrival/basic/arrival_sequence.v
classic/analysis/uni/susp/sustainability/singlecost/reduction_properties.v,classic/model/schedule/uni/response_time.v
classic/analysis/uni/susp/sustainability/singlecost/reduction_properties.v,classic/model/schedule/uni/susp/suspension_intervals.v
classic/analysis/uni/susp/sustainability/singlecost/reduction_properties.v,classic/model/schedule/uni/susp/schedule.v
classic/analysis/uni/susp/sustainability/singlecost/reduction_properties.v,classic/model/schedule/uni/susp/platform.v
classic/analysis/uni/susp/sustainability/singlecost/reduction_properties.v,classic/analysis/uni/susp/sustainability/singlecost/reduction.v
classic/analysis/uni/susp/sustainability/singlecost/reduction_properties.v,classic/model/schedule/uni/transformation/construction.v
classic/implementation/apa/schedule.v,classic/util/all.v
classic/implementation/apa/schedule.v,classic/model/priority.v
classic/implementation/apa/schedule.v,classic/model/arrival/basic/arrival_sequence.v
classic/implementation/apa/schedule.v,classic/model/arrival/basic/task.v
classic/implementation/apa/schedule.v,classic/model/schedule/global/basic/schedule.v
classic/implementation/apa/schedule.v,classic/model/schedule/apa/affinity.v
classic/implementation/apa/schedule.v,classic/model/schedule/apa/platform.v
classic/implementation/apa/schedule.v,classic/model/schedule/global/transformation/construction.v
classic/implementation/global/basic/schedule.v,classic/util/all.v
classic/implementation/global/basic/schedule.v,classic/model/priority.v
classic/implementation/global/basic/schedule.v,classic/model/arrival/basic/job.v
classic/implementation/global/basic/schedule.v,classic/model/arrival/basic/arrival_sequence.v
classic/implementation/global/basic/schedule.v,classic/model/schedule/global/basic/schedule.v
classic/implementation/global/basic/schedule.v,classic/model/schedule/global/basic/platform.v
classic/implementation/global/basic/schedule.v,classic/model/schedule/global/transformation/construction.v
classic/implementation/uni/basic/schedule_tdma.v,classic/util/all.v
classic/implementation/uni/basic/schedule_tdma.v,classic/util/find_seq.v
classic/implementation/uni/basic/schedule_tdma.v,classic/model/arrival/basic/job.v
classic/implementation/uni/basic/schedule_tdma.v,classic/model/arrival/basic/arrival_sequence.v
classic/implementation/uni/basic/schedule_tdma.v,classic/model/schedule/uni/basic/platform_tdma.v
classic/implementation/uni/basic/schedule_tdma.v,classic/model/arrival/basic/task.v
classic/implementation/uni/basic/schedule_tdma.v,classic/model/policy_tdma.v
classic/implementation/uni/basic/schedule_tdma.v,classic/model/schedule/uni/schedule.v
classic/implementation/uni/basic/schedule_tdma.v,classic/model/schedule/uni/schedulability.v
classic/implementation/uni/basic/schedule_tdma.v,classic/model/priority.v
classic/implementation/uni/basic/schedule_tdma.v,classic/analysis/uni/basic/tdma_rta_theory.v
classic/implementation/uni/basic/schedule_tdma.v,classic/model/schedule/uni/transformation/construction.v
classic/implementation/uni/basic/schedule_tdma.v,classic/implementation/job.v
classic/implementation/uni/basic/schedule_tdma.v,classic/implementation/task.v
classic/implementation/uni/basic/schedule_tdma.v,classic/implementation/arrival_sequence.v
classic/implementation/uni/basic/schedule_tdma.v,classic/implementation/uni/basic/schedule.v
classic/implementation/uni/susp/schedule.v,classic/util/all.v
classic/implementation/uni/susp/schedule.v,classic/model/arrival/basic/job.v
classic/implementation/uni/susp/schedule.v,classic/model/arrival/basic/arrival_sequence.v
classic/implementation/uni/susp/schedule.v,classic/model/priority.v
classic/implementation/uni/susp/schedule.v,classic/model/schedule/uni/schedule.v
classic/implementation/uni/susp/schedule.v,classic/model/schedule/uni/susp/platform.v
classic/implementation/uni/susp/schedule.v,classic/model/schedule/uni/transformation/construction.v
classic/model/schedule/global/jitter/constrained_deadlines.v,classic/util/all.v
classic/model/schedule/global/jitter/constrained_deadlines.v,classic/model/arrival/basic/task.v
classic/model/schedule/global/jitter/constrained_deadlines.v,classic/model/priority.v
classic/model/schedule/global/jitter/constrained_deadlines.v,classic/model/arrival/basic/task_arrival.v
classic/model/schedule/global/jitter/constrained_deadlines.v,classic/model/schedule/global/jitter/job.v
classic/model/schedule/global/jitter/constrained_deadlines.v,classic/model/schedule/global/jitter/schedule.v
classic/model/schedule/global/jitter/constrained_deadlines.v,classic/model/schedule/global/jitter/interference.v
classic/model/schedule/global/jitter/constrained_deadlines.v,classic/model/schedule/global/jitter/platform.v
classic/model/schedule/global/jitter/interference_edf.v,classic/util/all.v
classic/model/schedule/global/jitter/interference_edf.v,classic/model/arrival/basic/task.v
classic/model/schedule/global/jitter/interference_edf.v,classic/model/arrival/basic/arrival_sequence.v
classic/model/schedule/global/jitter/interference_edf.v,classic/model/priority.v
classic/model/schedule/global/jitter/interference_edf.v,classic/model/arrival/basic/task_arrival.v
classic/model/schedule/global/jitter/interference_edf.v,classic/model/schedule/global/jitter/job.v
classic/model/schedule/global/jitter/interference_edf.v,classic/model/schedule/global/jitter/schedule.v
classic/model/schedule/global/jitter/interference_edf.v,classic/model/schedule/global/jitter/interference.v
classic/model/schedule/global/jitter/interference_edf.v,classic/model/schedule/global/jitter/platform.v
classic/model/schedule/uni/limited/abstract_RTA/abstract_seq_rta.v,classic/util/all.v
classic/model/schedule/uni/limited/abstract_RTA/abstract_seq_rta.v,classic/model/arrival/basic/job.v
classic/model/schedule/uni/limited/abstract_RTA/abstract_seq_rta.v,classic/model/arrival/basic/task_arrival.v
classic/model/schedule/uni/limited/abstract_RTA/abstract_seq_rta.v,classic/model/schedule/uni/service.v
classic/model/schedule/uni/limited/abstract_RTA/abstract_seq_rta.v,classic/model/schedule/uni/workload.v
classic/model/schedule/uni/limited/abstract_RTA/abstract_seq_rta.v,classic/model/schedule/uni/schedule.v
classic/model/schedule/uni/limited/abstract_RTA/abstract_seq_rta.v,classic/model/schedule/uni/response_time.v
classic/model/schedule/uni/limited/abstract_RTA/abstract_seq_rta.v,classic/model/schedule/uni/schedule_of_task.v
classic/model/schedule/uni/limited/abstract_RTA/abstract_seq_rta.v,classic/model/schedule/uni/limited/rbf.v
classic/model/schedule/uni/limited/abstract_RTA/abstract_seq_rta.v,classic/model/schedule/uni/limited/schedule.v
classic/model/schedule/uni/limited/abstract_RTA/abstract_seq_rta.v,classic/model/arrival/curves/bounds.v
classic/model/schedule/uni/limited/abstract_RTA/abstract_seq_rta.v,classic/analysis/uni/arrival_curves/workload_bound.v
classic/model/schedule/uni/limited/abstract_RTA/abstract_seq_rta.v,classic/model/schedule/uni/limited/abstract_RTA/definitions.v
classic/model/schedule/uni/limited/abstract_RTA/abstract_seq_rta.v,classic/model/schedule/uni/limited/abstract_RTA/sufficient_condition_for_lock_in_service.v
classic/model/schedule/uni/limited/abstract_RTA/abstract_seq_rta.v,classic/model/schedule/uni/limited/abstract_RTA/reduction_of_search_space.v
classic/model/schedule/uni/limited/abstract_RTA/abstract_seq_rta.v,classic/model/schedule/uni/limited/abstract_RTA/abstract_rta.v
classic/analysis/apa/bertogna_fp_theory.v,classic/util/all.v
classic/analysis/apa/bertogna_fp_theory.v,classic/model/arrival/basic/task.v
classic/analysis/apa/bertogna_fp_theory.v,classic/model/arrival/basic/job.v
classic/analysis/apa/bertogna_fp_theory.v,classic/model/priority.v
classic/analysis/apa/bertogna_fp_theory.v,classic/model/arrival/basic/task_arrival.v
classic/analysis/apa/bertogna_fp_theory.v,classic/model/schedule/global/response_time.v
classic/analysis/apa/bertogna_fp_theory.v,classic/model/schedule/global/schedulability.v
classic/analysis/apa/bertogna_fp_theory.v,classic/model/schedule/global/workload.v
classic/analysis/apa/bertogna_fp_theory.v,classic/model/schedule/global/basic/schedule.v
classic/analysis/apa/bertogna_fp_theory.v,classic/model/schedule/apa/platform.v
classic/analysis/apa/bertogna_fp_theory.v,classic/model/schedule/apa/constrained_deadlines.v
classic/analysis/apa/bertogna_fp_theory.v,classic/model/schedule/apa/interference.v
classic/analysis/apa/bertogna_fp_theory.v,classic/model/schedule/apa/affinity.v
classic/analysis/apa/bertogna_fp_theory.v,classic/analysis/apa/workload_bound.v
classic/analysis/apa/bertogna_fp_theory.v,classic/analysis/apa/interference_bound_fp.v
classic/analysis/apa/interference_bound_edf.v,classic/util/all.v
classic/analysis/apa/interference_bound_edf.v,classic/model/arrival/basic/job.v
classic/analysis/apa/interference_bound_edf.v,classic/model/arrival/basic/task.v
classic/analysis/apa/interference_bound_edf.v,classic/model/priority.v
classic/analysis/apa/interference_bound_edf.v,classic/model/arrival/basic/task_arrival.v
classic/analysis/apa/interference_bound_edf.v,classic/model/schedule/global/workload.v
classic/analysis/apa/interference_bound_edf.v,classic/model/schedule/global/response_time.v
classic/analysis/apa/interference_bound_edf.v,classic/model/schedule/global/schedulability.v
classic/analysis/apa/interference_bound_edf.v,classic/model/schedule/global/basic/schedule.v
classic/analysis/apa/interference_bound_edf.v,classic/model/schedule/apa/platform.v
classic/analysis/apa/interference_bound_edf.v,classic/model/schedule/apa/interference.v
classic/analysis/apa/interference_bound_edf.v,classic/model/schedule/apa/interference_edf.v
classic/analysis/apa/interference_bound_edf.v,classic/model/schedule/apa/affinity.v
classic/analysis/apa/interference_bound_edf.v,classic/analysis/apa/workload_bound.v
classic/analysis/apa/interference_bound_edf.v,classic/analysis/apa/interference_bound.v
classic/analysis/global/basic/bertogna_fp_theory.v,classic/util/all.v
classic/analysis/global/basic/bertogna_fp_theory.v,classic/model/arrival/basic/task.v
classic/analysis/global/basic/bertogna_fp_theory.v,classic/model/arrival/basic/job.v
classic/analysis/global/basic/bertogna_fp_theory.v,classic/model/priority.v
classic/analysis/global/basic/bertogna_fp_theory.v,classic/model/arrival/basic/task_arrival.v
classic/analysis/global/basic/bertogna_fp_theory.v,classic/model/schedule/global/workload.v
classic/analysis/global/basic/bertogna_fp_theory.v,classic/model/schedule/global/schedulability.v
classic/analysis/global/basic/bertogna_fp_theory.v,classic/model/schedule/global/response_time.v
classic/analysis/global/basic/bertogna_fp_theory.v,classic/model/schedule/global/basic/schedule.v
classic/analysis/global/basic/bertogna_fp_theory.v,classic/model/schedule/global/basic/platform.v
classic/analysis/global/basic/bertogna_fp_theory.v,classic/model/schedule/global/basic/constrained_deadlines.v
classic/analysis/global/basic/bertogna_fp_theory.v,classic/model/schedule/global/basic/interference.v
classic/analysis/global/basic/bertogna_fp_theory.v,classic/analysis/global/basic/workload_bound.v
classic/analysis/global/basic/bertogna_fp_theory.v,classic/analysis/global/basic/interference_bound_fp.v
classic/analysis/global/basic/interference_bound_edf.v,classic/util/all.v
classic/analysis/global/basic/interference_bound_edf.v,classic/model/arrival/basic/task.v
classic/analysis/global/basic/interference_bound_edf.v,classic/model/arrival/basic/job.v
classic/analysis/global/basic/interference_bound_edf.v,classic/model/arrival/basic/task_arrival.v
classic/analysis/global/basic/interference_bound_edf.v,classic/model/priority.v
classic/analysis/global/basic/interference_bound_edf.v,classic/model/schedule/global/response_time.v
classic/analysis/global/basic/interference_bound_edf.v,classic/model/schedule/global/workload.v
classic/analysis/global/basic/interference_bound_edf.v,classic/model/schedule/global/schedulability.v
classic/analysis/global/basic/interference_bound_edf.v,classic/model/schedule/global/basic/schedule.v
classic/analysis/global/basic/interference_bound_edf.v,classic/model/schedule/global/basic/platform.v
classic/analysis/global/basic/interference_bound_edf.v,classic/model/schedule/global/basic/interference.v
classic/analysis/global/basic/interference_bound_edf.v,classic/model/schedule/global/basic/interference_edf.v
classic/analysis/global/basic/interference_bound_edf.v,classic/analysis/global/basic/workload_bound.v
classic/analysis/global/basic/interference_bound_edf.v,classic/analysis/global/basic/interference_bound.v
classic/analysis/global/jitter/interference_bound_fp.v,classic/util/all.v
classic/analysis/global/jitter/interference_bound_fp.v,classic/model/priority.v
classic/analysis/global/jitter/interference_bound_fp.v,classic/model/schedule/global/workload.v
classic/analysis/global/jitter/interference_bound_fp.v,classic/model/schedule/global/jitter/schedule.v
classic/analysis/global/jitter/interference_bound_fp.v,classic/model/schedule/global/jitter/interference.v
classic/analysis/global/jitter/interference_bound_fp.v,classic/analysis/global/jitter/workload_bound.v
classic/analysis/global/jitter/interference_bound_fp.v,classic/analysis/global/jitter/interference_bound.v
classic/analysis/global/parallel/bertogna_fp_theory.v,classic/util/all.v
classic/analysis/global/parallel/bertogna_fp_theory.v,classic/model/arrival/basic/task.v
classic/analysis/global/parallel/bertogna_fp_theory.v,classic/model/arrival/basic/job.v
classic/analysis/global/parallel/bertogna_fp_theory.v,classic/model/arrival/basic/task_arrival.v
classic/analysis/global/parallel/bertogna_fp_theory.v,classic/model/priority.v
classic/analysis/global/parallel/bertogna_fp_theory.v,classic/model/schedule/global/workload.v
classic/analysis/global/parallel/bertogna_fp_theory.v,classic/model/schedule/global/schedulability.v
classic/analysis/global/parallel/bertogna_fp_theory.v,classic/model/schedule/global/response_time.v
classic/analysis/global/parallel/bertogna_fp_theory.v,classic/model/schedule/global/basic/schedule.v
classic/analysis/global/parallel/bertogna_fp_theory.v,classic/model/schedule/global/basic/platform.v
classic/analysis/global/parallel/bertogna_fp_theory.v,classic/model/schedule/global/basic/constrained_deadlines.v
classic/analysis/global/parallel/bertogna_fp_theory.v,classic/model/schedule/global/basic/interference.v
classic/analysis/global/parallel/bertogna_fp_theory.v,classic/analysis/global/parallel/workload_bound.v
classic/analysis/global/parallel/bertogna_fp_theory.v,classic/analysis/global/parallel/interference_bound_fp.v
classic/analysis/global/parallel/interference_bound_edf.v,classic/util/all.v
classic/analysis/global/parallel/interference_bound_edf.v,classic/model/arrival/basic/task.v
classic/analysis/global/parallel/interference_bound_edf.v,classic/model/arrival/basic/job.v
classic/analysis/global/parallel/interference_bound_edf.v,classic/model/priority.v
classic/analysis/global/parallel/interference_bound_edf.v,classic/model/arrival/basic/task_arrival.v
classic/analysis/global/parallel/interference_bound_edf.v,classic/model/schedule/global/response_time.v
classic/analysis/global/parallel/interference_bound_edf.v,classic/model/schedule/global/workload.v
classic/analysis/global/parallel/interference_bound_edf.v,classic/model/schedule/global/schedulability.v
classic/analysis/global/parallel/interference_bound_edf.v,classic/model/schedule/global/basic/schedule.v
classic/analysis/global/parallel/interference_bound_edf.v,classic/model/schedule/global/basic/platform.v
classic/analysis/global/parallel/interference_bound_edf.v,classic/model/schedule/global/basic/interference.v
classic/analysis/global/parallel/interference_bound_edf.v,classic/model/schedule/global/basic/interference_edf.v
classic/analysis/global/parallel/interference_bound_edf.v,classic/analysis/global/parallel/workload_bound.v
classic/analysis/global/parallel/interference_bound_edf.v,classic/analysis/global/parallel/interference_bound.v
classic/analysis/uni/basic/fp_rta_comp.v,classic/util/all.v
classic/analysis/uni/basic/fp_rta_comp.v,classic/model/arrival/basic/task.v
classic/analysis/uni/basic/fp_rta_comp.v,classic/model/arrival/basic/job.v
classic/analysis/uni/basic/fp_rta_comp.v,classic/model/arrival/basic/arrival_sequence.v
classic/analysis/uni/basic/fp_rta_comp.v,classic/model/priority.v
classic/analysis/uni/basic/fp_rta_comp.v,classic/model/arrival/basic/task_arrival.v
classic/analysis/uni/basic/fp_rta_comp.v,classic/model/schedule/uni/schedule.v
classic/analysis/uni/basic/fp_rta_comp.v,classic/model/schedule/uni/schedulability.v
classic/analysis/uni/basic/fp_rta_comp.v,classic/model/schedule/uni/response_time.v
classic/analysis/uni/basic/fp_rta_comp.v,classic/model/schedule/uni/basic/platform.v
classic/analysis/uni/basic/fp_rta_comp.v,classic/analysis/uni/basic/workload_bound_fp.v
classic/analysis/uni/basic/fp_rta_comp.v,classic/analysis/uni/basic/fp_rta_theory.v
classic/analysis/uni/susp/dynamic/jitter/jitter_schedule_properties.v,classic/util/all.v
classic/analysis/uni/susp/dynamic/jitter/jitter_schedule_properties.v,classic/model/priority.v
classic/analysis/uni/susp/dynamic/jitter/jitter_schedule_properties.v,classic/model/suspension.v
classic/analysis/uni/susp/dynamic/jitter/jitter_schedule_properties.v,classic/model/arrival/basic/job.v
classic/analysis/uni/susp/dynamic/jitter/jitter_schedule_properties.v,classic/model/arrival/basic/task.v
classic/analysis/uni/susp/dynamic/jitter/jitter_schedule_properties.v,classic/model/arrival/basic/arrival_sequence.v
classic/analysis/uni/susp/dynamic/jitter/jitter_schedule_properties.v,classic/model/arrival/jitter/job.v
classic/analysis/uni/susp/dynamic/jitter/jitter_schedule_properties.v,classic/model/schedule/uni/schedulability.v
classic/analysis/uni/susp/dynamic/jitter/jitter_schedule_properties.v,classic/model/schedule/uni/service.v
classic/analysis/uni/susp/dynamic/jitter/jitter_schedule_properties.v,classic/model/schedule/uni/workload.v
classic/analysis/uni/susp/dynamic/jitter/jitter_schedule_properties.v,classic/model/schedule/uni/response_time.v
classic/analysis/uni/susp/dynamic/jitter/jitter_schedule_properties.v,classic/model/schedule/uni/jitter/schedule.v
classic/analysis/uni/susp/dynamic/jitter/jitter_schedule_properties.v,classic/model/schedule/uni/jitter/valid_schedule.v
classic/analysis/uni/susp/dynamic/jitter/jitter_schedule_properties.v,classic/model/schedule/uni/jitter/platform.v
classic/analysis/uni/susp/dynamic/jitter/jitter_schedule_properties.v,classic/model/schedule/uni/susp/suspension_intervals.v
classic/analysis/uni/susp/dynamic/jitter/jitter_schedule_properties.v,classic/model/schedule/uni/susp/schedule.v
classic/analysis/uni/susp/dynamic/jitter/jitter_schedule_properties.v,classic/model/schedule/uni/susp/valid_schedule.v
classic/analysis/uni/susp/dynamic/jitter/jitter_schedule_properties.v,classic/model/schedule/uni/susp/platform.v
classic/analysis/uni/susp/dynamic/jitter/jitter_schedule_properties.v,classic/analysis/uni/susp/dynamic/jitter/jitter_schedule.v
classic/analysis/uni/susp/dynamic/jitter/jitter_schedule_properties.v,classic/model/schedule/uni/transformation/construction.v
classic/analysis/uni/susp/dynamic/jitter/taskset_membership.v,classic/util/all.v
classic/analysis/uni/susp/dynamic/jitter/taskset_membership.v,classic/model/priority.v
classic/analysis/uni/susp/dynamic/jitter/taskset_membership.v,classic/model/suspension.v
classic/analysis/uni/susp/dynamic/jitter/taskset_membership.v,classic/model/arrival/basic/task.v
classic/analysis/uni/susp/dynamic/jitter/taskset_membership.v,classic/model/arrival/basic/job.v
classic/analysis/uni/susp/dynamic/jitter/taskset_membership.v,classic/model/arrival/basic/arrival_sequence.v
classic/analysis/uni/susp/dynamic/jitter/taskset_membership.v,classic/model/arrival/jitter/job.v
classic/analysis/uni/susp/dynamic/jitter/taskset_membership.v,classic/model/schedule/uni/response_time.v
classic/analysis/uni/susp/dynamic/jitter/taskset_membership.v,classic/model/schedule/uni/susp/schedule.v
classic/analysis/uni/susp/dynamic/jitter/taskset_membership.v,classic/model/schedule/uni/susp/platform.v
classic/analysis/uni/susp/dynamic/jitter/taskset_membership.v,classic/model/schedule/uni/susp/valid_schedule.v
classic/analysis/uni/susp/dynamic/jitter/taskset_membership.v,classic/analysis/uni/susp/dynamic/jitter/jitter_schedule.v
classic/analysis/uni/susp/dynamic/jitter/taskset_membership.v,classic/analysis/uni/susp/dynamic/jitter/jitter_taskset_generation.v
classic/analysis/uni/susp/dynamic/jitter/taskset_membership.v,classic/analysis/uni/susp/sustainability/singlecost/reduction.v
classic/analysis/uni/susp/dynamic/jitter/taskset_membership.v,classic/analysis/uni/susp/sustainability/singlecost/reduction_properties.v
classic/analysis/uni/susp/sustainability/allcosts/reduction_properties.v,classic/util/all.v
classic/analysis/uni/susp/sustainability/allcosts/reduction_properties.v,classic/model/priority.v
classic/analysis/uni/susp/sustainability/allcosts/reduction_properties.v,classic/model/suspension.v
classic/analysis/uni/susp/sustainability/allcosts/reduction_properties.v,classic/model/arrival/basic/arrival_sequence.v
classic/analysis/uni/susp/sustainability/allcosts/reduction_properties.v,classic/model/schedule/uni/response_time.v
classic/analysis/uni/susp/sustainability/allcosts/reduction_properties.v,classic/model/schedule/uni/susp/suspension_intervals.v
classic/analysis/uni/susp/sustainability/allcosts/reduction_properties.v,classic/model/schedule/uni/susp/schedule.v
classic/analysis/uni/susp/sustainability/allcosts/reduction_properties.v,classic/model/schedule/uni/susp/valid_schedule.v
classic/analysis/uni/susp/sustainability/allcosts/reduction_properties.v,classic/model/schedule/uni/susp/build_suspension_table.v
classic/analysis/uni/susp/sustainability/allcosts/reduction_properties.v,classic/model/schedule/uni/susp/platform.v
classic/analysis/uni/susp/sustainability/allcosts/reduction_properties.v,classic/analysis/uni/susp/sustainability/allcosts/reduction.v
classic/analysis/uni/susp/sustainability/allcosts/reduction_properties.v,classic/model/schedule/uni/transformation/construction.v
classic/implementation/global/jitter/schedule.v,classic/util/all.v
classic/implementation/global/jitter/schedule.v,classic/model/arrival/jitter/arrival_sequence.v
classic/implementation/global/jitter/schedule.v,classic/model/priority.v
classic/implementation/global/jitter/schedule.v,classic/model/schedule/global/jitter/schedule.v
classic/implementation/global/jitter/schedule.v,classic/model/schedule/global/jitter/platform.v
classic/implementation/global/jitter/schedule.v,classic/model/schedule/global/transformation/construction.v
classic/implementation/uni/basic/tdma_rta_example.v,classic/util/all.v
classic/implementation/uni/basic/tdma_rta_example.v,classic/util/find_seq.v
classic/implementation/uni/basic/tdma_rta_example.v,classic/model/arrival/basic/job.v
classic/implementation/uni/basic/tdma_rta_example.v,classic/model/arrival/basic/arrival_sequence.v
classic/implementation/uni/basic/tdma_rta_example.v,classic/model/schedule/uni/basic/platform_tdma.v
classic/implementation/uni/basic/tdma_rta_example.v,classic/model/arrival/basic/task.v
classic/implementation/uni/basic/tdma_rta_example.v,classic/model/policy_tdma.v
classic/implementation/uni/basic/tdma_rta_example.v,classic/model/schedule/uni/schedule.v
classic/implementation/uni/basic/tdma_rta_example.v,classic/model/schedule/uni/schedulability.v
classic/implementation/uni/basic/tdma_rta_example.v,classic/model/priority.v
classic/implementation/uni/basic/tdma_rta_example.v,classic/analysis/uni/basic/tdma_rta_theory.v
classic/implementation/uni/basic/tdma_rta_example.v,classic/analysis/uni/basic/tdma_wcrt_analysis.v
classic/implementation/uni/basic/tdma_rta_example.v,classic/implementation/job.v
classic/implementation/uni/basic/tdma_rta_example.v,classic/implementation/task.v
classic/implementation/uni/basic/tdma_rta_example.v,classic/implementation/arrival_sequence.v
classic/implementation/uni/basic/tdma_rta_example.v,classic/implementation/uni/basic/schedule_tdma.v
classic/implementation/uni/jitter/fp_rta_example.v,classic/util/all.v
classic/implementation/uni/jitter/fp_rta_example.v,classic/model/priority.v
classic/implementation/uni/jitter/fp_rta_example.v,classic/model/arrival/basic/task.v
classic/implementation/uni/jitter/fp_rta_example.v,classic/model/schedule/uni/schedulability.v
classic/implementation/uni/jitter/fp_rta_example.v,classic/model/arrival/jitter/job.v
classic/implementation/uni/jitter/fp_rta_example.v,classic/model/schedule/uni/jitter/schedule.v
classic/implementation/uni/jitter/fp_rta_example.v,classic/analysis/uni/jitter/workload_bound_fp.v
classic/implementation/uni/jitter/fp_rta_example.v,classic/analysis/uni/jitter/fp_rta_comp.v
classic/implementation/uni/jitter/fp_rta_example.v,classic/implementation/uni/jitter/job.v
classic/implementation/uni/jitter/fp_rta_example.v,classic/implementation/uni/jitter/task.v
classic/implementation/uni/jitter/fp_rta_example.v,classic/implementation/uni/jitter/arrival_sequence.v
classic/implementation/uni/jitter/fp_rta_example.v,classic/implementation/uni/jitter/schedule.v
classic/model/schedule/uni/limited/jlfp_instantiation.v,classic/util/all.v
classic/model/schedule/uni/limited/jlfp_instantiation.v,classic/model/arrival/basic/job.v
classic/model/schedule/uni/limited/jlfp_instantiation.v,classic/model/arrival/basic/task_arrival.v
classic/model/schedule/uni/limited/jlfp_instantiation.v,classic/model/priority.v
classic/model/schedule/uni/limited/jlfp_instantiation.v,classic/model/schedule/uni/service.v
classic/model/schedule/uni/limited/jlfp_instantiation.v,classic/model/schedule/uni/workload.v
classic/model/schedule/uni/limited/jlfp_instantiation.v,classic/model/schedule/uni/schedule_of_task.v
classic/model/schedule/uni/limited/jlfp_instantiation.v,classic/model/schedule/uni/limited/busy_interval.v
classic/model/schedule/uni/limited/jlfp_instantiation.v,classic/model/schedule/uni/limited/abstract_RTA/definitions.v
classic/model/schedule/uni/limited/jlfp_instantiation.v,classic/model/schedule/uni/limited/abstract_RTA/abstract_seq_rta.v
classic/analysis/apa/bertogna_edf_theory.v,classic/util/all.v
classic/analysis/apa/bertogna_edf_theory.v,classic/model/arrival/basic/task.v
classic/analysis/apa/bertogna_edf_theory.v,classic/model/arrival/basic/job.v
classic/analysis/apa/bertogna_edf_theory.v,classic/model/priority.v
classic/analysis/apa/bertogna_edf_theory.v,classic/model/arrival/basic/task_arrival.v
classic/analysis/apa/bertogna_edf_theory.v,classic/model/schedule/global/workload.v
classic/analysis/apa/bertogna_edf_theory.v,classic/model/schedule/global/response_time.v
classic/analysis/apa/bertogna_edf_theory.v,classic/model/schedule/global/schedulability.v
classic/analysis/apa/bertogna_edf_theory.v,classic/model/schedule/global/basic/schedule.v
classic/analysis/apa/bertogna_edf_theory.v,classic/model/schedule/apa/platform.v
classic/analysis/apa/bertogna_edf_theory.v,classic/model/schedule/apa/interference.v
classic/analysis/apa/bertogna_edf_theory.v,classic/model/schedule/apa/affinity.v
classic/analysis/apa/bertogna_edf_theory.v,classic/model/schedule/apa/constrained_deadlines.v
classic/analysis/apa/bertogna_edf_theory.v,classic/analysis/apa/workload_bound.v
classic/analysis/apa/bertogna_edf_theory.v,classic/analysis/apa/interference_bound_edf.v
classic/analysis/apa/bertogna_fp_comp.v,classic/util/all.v
classic/analysis/apa/bertogna_fp_comp.v,classic/analysis/apa/bertogna_fp_theory.v
classic/analysis/global/basic/bertogna_edf_theory.v,classic/util/all.v
classic/analysis/global/basic/bertogna_edf_theory.v,classic/model/arrival/basic/task.v
classic/analysis/global/basic/bertogna_edf_theory.v,classic/model/arrival/basic/job.v
classic/analysis/global/basic/bertogna_edf_theory.v,classic/model/arrival/basic/task_arrival.v
classic/analysis/global/basic/bertogna_edf_theory.v,classic/model/priority.v
classic/analysis/global/basic/bertogna_edf_theory.v,classic/model/schedule/global/workload.v
classic/analysis/global/basic/bertogna_edf_theory.v,classic/model/schedule/global/schedulability.v
classic/analysis/global/basic/bertogna_edf_theory.v,classic/model/schedule/global/response_time.v
classic/analysis/global/basic/bertogna_edf_theory.v,classic/model/schedule/global/basic/schedule.v
classic/analysis/global/basic/bertogna_edf_theory.v,classic/model/schedule/global/basic/platform.v
classic/analysis/global/basic/bertogna_edf_theory.v,classic/model/schedule/global/basic/interference.v
classic/analysis/global/basic/bertogna_edf_theory.v,classic/model/schedule/global/basic/constrained_deadlines.v
classic/analysis/global/basic/bertogna_edf_theory.v,classic/analysis/global/basic/workload_bound.v
classic/analysis/global/basic/bertogna_edf_theory.v,classic/analysis/global/basic/interference_bound_edf.v
classic/analysis/global/basic/bertogna_fp_comp.v,classic/util/all.v
classic/analysis/global/basic/bertogna_fp_comp.v,classic/analysis/global/basic/bertogna_fp_theory.v
classic/analysis/global/jitter/bertogna_fp_theory.v,classic/util/all.v
classic/analysis/global/jitter/bertogna_fp_theory.v,classic/model/arrival/basic/task.v
classic/analysis/global/jitter/bertogna_fp_theory.v,classic/model/priority.v
classic/analysis/global/jitter/bertogna_fp_theory.v,classic/model/arrival/basic/task_arrival.v
classic/analysis/global/jitter/bertogna_fp_theory.v,classic/model/schedule/global/workload.v
classic/analysis/global/jitter/bertogna_fp_theory.v,classic/model/schedule/global/response_time.v
classic/analysis/global/jitter/bertogna_fp_theory.v,classic/model/schedule/global/schedulability.v
classic/analysis/global/jitter/bertogna_fp_theory.v,classic/model/schedule/global/jitter/job.v
classic/analysis/global/jitter/bertogna_fp_theory.v,classic/model/schedule/global/jitter/interference.v
classic/analysis/global/jitter/bertogna_fp_theory.v,classic/model/schedule/global/jitter/schedule.v
classic/analysis/global/jitter/bertogna_fp_theory.v,classic/model/schedule/global/jitter/platform.v
classic/analysis/global/jitter/bertogna_fp_theory.v,classic/model/schedule/global/jitter/constrained_deadlines.v
classic/analysis/global/jitter/bertogna_fp_theory.v,classic/analysis/global/jitter/workload_bound.v
classic/analysis/global/jitter/bertogna_fp_theory.v,classic/analysis/global/jitter/interference_bound_fp.v
classic/analysis/global/jitter/interference_bound_edf.v,classic/util/all.v
classic/analysis/global/jitter/interference_bound_edf.v,classic/model/arrival/basic/task.v
classic/analysis/global/jitter/interference_bound_edf.v,classic/model/priority.v
classic/analysis/global/jitter/interference_bound_edf.v,classic/model/arrival/basic/task_arrival.v
classic/analysis/global/jitter/interference_bound_edf.v,classic/model/schedule/global/response_time.v
classic/analysis/global/jitter/interference_bound_edf.v,classic/model/schedule/global/workload.v
classic/analysis/global/jitter/interference_bound_edf.v,classic/model/schedule/global/schedulability.v
classic/analysis/global/jitter/interference_bound_edf.v,classic/model/schedule/global/jitter/job.v
classic/analysis/global/jitter/interference_bound_edf.v,classic/model/schedule/global/jitter/schedule.v
classic/analysis/global/jitter/interference_bound_edf.v,classic/model/schedule/global/jitter/platform.v
classic/analysis/global/jitter/interference_bound_edf.v,classic/model/schedule/global/jitter/interference.v
classic/analysis/global/jitter/interference_bound_edf.v,classic/model/schedule/global/jitter/interference_edf.v
classic/analysis/global/jitter/interference_bound_edf.v,classic/analysis/global/jitter/workload_bound.v
classic/analysis/global/jitter/interference_bound_edf.v,classic/analysis/global/jitter/interference_bound.v
classic/analysis/global/parallel/bertogna_edf_theory.v,classic/util/all.v
classic/analysis/global/parallel/bertogna_edf_theory.v,classic/model/arrival/basic/task.v
classic/analysis/global/parallel/bertogna_edf_theory.v,classic/model/arrival/basic/job.v
classic/analysis/global/parallel/bertogna_edf_theory.v,classic/model/arrival/basic/task_arrival.v
classic/analysis/global/parallel/bertogna_edf_theory.v,classic/model/priority.v
classic/analysis/global/parallel/bertogna_edf_theory.v,classic/model/schedule/global/workload.v
classic/analysis/global/parallel/bertogna_edf_theory.v,classic/model/schedule/global/schedulability.v
classic/analysis/global/parallel/bertogna_edf_theory.v,classic/model/schedule/global/response_time.v
classic/analysis/global/parallel/bertogna_edf_theory.v,classic/model/schedule/global/basic/schedule.v
classic/analysis/global/parallel/bertogna_edf_theory.v,classic/model/schedule/global/basic/interference.v
classic/analysis/global/parallel/bertogna_edf_theory.v,classic/model/schedule/global/basic/platform.v
classic/analysis/global/parallel/bertogna_edf_theory.v,classic/analysis/global/parallel/workload_bound.v
classic/analysis/global/parallel/bertogna_edf_theory.v,classic/analysis/global/parallel/interference_bound_edf.v
classic/analysis/global/parallel/bertogna_fp_comp.v,classic/util/all.v
classic/analysis/global/parallel/bertogna_fp_comp.v,classic/analysis/global/parallel/bertogna_fp_theory.v
classic/analysis/uni/susp/dynamic/jitter/jitter_schedule_service.v,classic/util/all.v
classic/analysis/uni/susp/dynamic/jitter/jitter_schedule_service.v,classic/model/priority.v
classic/analysis/uni/susp/dynamic/jitter/jitter_schedule_service.v,classic/model/suspension.v
classic/analysis/uni/susp/dynamic/jitter/jitter_schedule_service.v,classic/model/arrival/basic/job.v
classic/analysis/uni/susp/dynamic/jitter/jitter_schedule_service.v,classic/model/arrival/basic/task.v
classic/analysis/uni/susp/dynamic/jitter/jitter_schedule_service.v,classic/model/arrival/basic/task_arrival.v
classic/analysis/uni/susp/dynamic/jitter/jitter_schedule_service.v,classic/model/arrival/basic/arrival_sequence.v
classic/analysis/uni/susp/dynamic/jitter/jitter_schedule_service.v,classic/model/arrival/jitter/job.v
classic/analysis/uni/susp/dynamic/jitter/jitter_schedule_service.v,classic/model/schedule/uni/schedulability.v
classic/analysis/uni/susp/dynamic/jitter/jitter_schedule_service.v,classic/model/schedule/uni/service.v
classic/analysis/uni/susp/dynamic/jitter/jitter_schedule_service.v,classic/model/schedule/uni/workload.v
classic/analysis/uni/susp/dynamic/jitter/jitter_schedule_service.v,classic/model/schedule/uni/response_time.v
classic/analysis/uni/susp/dynamic/jitter/jitter_schedule_service.v,classic/model/schedule/uni/jitter/schedule.v
classic/analysis/uni/susp/dynamic/jitter/jitter_schedule_service.v,classic/model/schedule/uni/jitter/platform.v
classic/analysis/uni/susp/dynamic/jitter/jitter_schedule_service.v,classic/model/schedule/uni/susp/suspension_intervals.v
classic/analysis/uni/susp/dynamic/jitter/jitter_schedule_service.v,classic/model/schedule/uni/susp/schedule.v
classic/analysis/uni/susp/dynamic/jitter/jitter_schedule_service.v,classic/model/schedule/uni/susp/platform.v
classic/analysis/uni/susp/dynamic/jitter/jitter_schedule_service.v,classic/model/schedule/uni/susp/valid_schedule.v
classic/analysis/uni/susp/dynamic/jitter/jitter_schedule_service.v,classic/analysis/uni/susp/dynamic/jitter/jitter_schedule.v
classic/analysis/uni/susp/dynamic/jitter/jitter_schedule_service.v,classic/analysis/uni/susp/dynamic/jitter/jitter_schedule_properties.v
classic/analysis/uni/susp/dynamic/jitter/jitter_schedule_service.v,classic/model/schedule/uni/transformation/construction.v
classic/analysis/uni/susp/dynamic/oblivious/fp_rta.v,classic/util/all.v
classic/analysis/uni/susp/dynamic/oblivious/fp_rta.v,classic/model/arrival/basic/job.v
classic/analysis/uni/susp/dynamic/oblivious/fp_rta.v,classic/model/arrival/basic/task.v
classic/analysis/uni/susp/dynamic/oblivious/fp_rta.v,classic/model/arrival/basic/arrival_sequence.v
classic/analysis/uni/susp/dynamic/oblivious/fp_rta.v,classic/model/priority.v
classic/analysis/uni/susp/dynamic/oblivious/fp_rta.v,classic/model/suspension.v
classic/analysis/uni/susp/dynamic/oblivious/fp_rta.v,classic/model/arrival/basic/task_arrival.v
classic/analysis/uni/susp/dynamic/oblivious/fp_rta.v,classic/model/schedule/uni/schedule.v
classic/analysis/uni/susp/dynamic/oblivious/fp_rta.v,classic/model/schedule/uni/schedulability.v
classic/analysis/uni/susp/dynamic/oblivious/fp_rta.v,classic/model/schedule/uni/susp/suspension_intervals.v
classic/analysis/uni/susp/dynamic/oblivious/fp_rta.v,classic/model/schedule/uni/susp/schedule.v
classic/analysis/uni/susp/dynamic/oblivious/fp_rta.v,classic/model/schedule/uni/susp/platform.v
classic/analysis/uni/susp/dynamic/oblivious/fp_rta.v,classic/analysis/uni/basic/fp_rta_comp.v
classic/analysis/uni/susp/dynamic/oblivious/fp_rta.v,classic/analysis/uni/susp/dynamic/oblivious/reduction.v
classic/analysis/uni/susp/sustainability/allcosts/main_claim.v,classic/util/all.v
classic/analysis/uni/susp/sustainability/allcosts/main_claim.v,classic/model/priority.v
classic/analysis/uni/susp/sustainability/allcosts/main_claim.v,classic/model/suspension.v
classic/analysis/uni/susp/sustainability/allcosts/main_claim.v,classic/model/arrival/basic/arrival_sequence.v
classic/analysis/uni/susp/sustainability/allcosts/main_claim.v,classic/model/schedule/uni/response_time.v
classic/analysis/uni/susp/sustainability/allcosts/main_claim.v,classic/model/schedule/uni/sustainability.v
classic/analysis/uni/susp/sustainability/allcosts/main_claim.v,classic/model/schedule/uni/susp/suspension_intervals.v
classic/analysis/uni/susp/sustainability/allcosts/main_claim.v,classic/model/schedule/uni/susp/schedule.v
classic/analysis/uni/susp/sustainability/allcosts/main_claim.v,classic/model/schedule/uni/susp/valid_schedule.v
classic/analysis/uni/susp/sustainability/allcosts/main_claim.v,classic/model/schedule/uni/susp/build_suspension_table.v
classic/analysis/uni/susp/sustainability/allcosts/main_claim.v,classic/model/schedule/uni/susp/platform.v
classic/analysis/uni/susp/sustainability/allcosts/main_claim.v,classic/analysis/uni/susp/sustainability/allcosts/reduction.v
classic/analysis/uni/susp/sustainability/allcosts/main_claim.v,classic/analysis/uni/susp/sustainability/allcosts/reduction_properties.v
classic/analysis/uni/susp/sustainability/allcosts/main_claim.v,classic/model/schedule/uni/transformation/construction.v
classic/implementation/uni/basic/fp_rta_example.v,classic/util/all.v
classic/implementation/uni/basic/fp_rta_example.v,classic/model/arrival/basic/job.v
classic/implementation/uni/basic/fp_rta_example.v,classic/model/arrival/basic/task.v
classic/implementation/uni/basic/fp_rta_example.v,classic/model/priority.v
classic/implementation/uni/basic/fp_rta_example.v,classic/model/schedule/uni/schedule.v
classic/implementation/uni/basic/fp_rta_example.v,classic/model/schedule/uni/schedulability.v
classic/implementation/uni/basic/fp_rta_example.v,classic/analysis/uni/basic/workload_bound_fp.v
classic/implementation/uni/basic/fp_rta_example.v,classic/analysis/uni/basic/fp_rta_comp.v
classic/implementation/uni/basic/fp_rta_example.v,classic/implementation/job.v
classic/implementation/uni/basic/fp_rta_example.v,classic/implementation/task.v
classic/implementation/uni/basic/fp_rta_example.v,classic/implementation/arrival_sequence.v
classic/implementation/uni/basic/fp_rta_example.v,classic/implementation/uni/basic/schedule.v
classic/model/schedule/uni/limited/edf/response_time_bound.v,classic/util/all.v
classic/model/schedule/uni/limited/edf/response_time_bound.v,classic/model/arrival/basic/job.v
classic/model/schedule/uni/limited/edf/response_time_bound.v,classic/model/arrival/basic/task_arrival.v
classic/model/schedule/uni/limited/edf/response_time_bound.v,classic/model/priority.v
classic/model/schedule/uni/limited/edf/response_time_bound.v,classic/model/schedule/uni/service.v
classic/model/schedule/uni/limited/edf/response_time_bound.v,classic/model/schedule/uni/workload.v
classic/model/schedule/uni/limited/edf/response_time_bound.v,classic/model/schedule/uni/schedule.v
classic/model/schedule/uni/limited/edf/response_time_bound.v,classic/model/schedule/uni/response_time.v
classic/model/schedule/uni/limited/edf/response_time_bound.v,classic/model/schedule/uni/schedule_of_task.v
classic/model/schedule/uni/limited/edf/response_time_bound.v,classic/model/schedule/uni/limited/platform/definitions.v
classic/model/schedule/uni/limited/edf/response_time_bound.v,classic/model/schedule/uni/limited/schedule.v
classic/model/schedule/uni/limited/edf/response_time_bound.v,classic/model/schedule/uni/limited/busy_interval.v
classic/model/schedule/uni/limited/edf/response_time_bound.v,classic/model/schedule/uni/limited/rbf.v
classic/model/schedule/uni/limited/edf/response_time_bound.v,classic/model/schedule/uni/limited/abstract_RTA/definitions.v
classic/model/schedule/uni/limited/edf/response_time_bound.v,classic/model/schedule/uni/limited/abstract_RTA/reduction_of_search_space.v
classic/model/schedule/uni/limited/edf/response_time_bound.v,classic/model/schedule/uni/limited/abstract_RTA/abstract_seq_rta.v
classic/model/schedule/uni/limited/edf/response_time_bound.v,classic/model/schedule/uni/limited/jlfp_instantiation.v
classic/model/schedule/uni/limited/edf/response_time_bound.v,classic/model/arrival/curves/bounds.v
classic/model/schedule/uni/limited/edf/response_time_bound.v,classic/analysis/uni/arrival_curves/workload_bound.v
classic/model/schedule/uni/limited/fixed_priority/response_time_bound.v,classic/util/all.v
classic/model/schedule/uni/limited/fixed_priority/response_time_bound.v,classic/model/arrival/basic/job.v
classic/model/schedule/uni/limited/fixed_priority/response_time_bound.v,classic/model/arrival/basic/task_arrival.v
classic/model/schedule/uni/limited/fixed_priority/response_time_bound.v,classic/model/priority.v
classic/model/schedule/uni/limited/fixed_priority/response_time_bound.v,classic/model/schedule/uni/service.v
classic/model/schedule/uni/limited/fixed_priority/response_time_bound.v,classic/model/schedule/uni/workload.v
classic/model/schedule/uni/limited/fixed_priority/response_time_bound.v,classic/model/schedule/uni/schedule.v
classic/model/schedule/uni/limited/fixed_priority/response_time_bound.v,classic/model/schedule/uni/response_time.v
classic/model/schedule/uni/limited/fixed_priority/response_time_bound.v,classic/model/schedule/uni/schedule_of_task.v
classic/model/schedule/uni/limited/fixed_priority/response_time_bound.v,classic/model/schedule/uni/limited/platform/definitions.v
classic/model/schedule/uni/limited/fixed_priority/response_time_bound.v,classic/model/schedule/uni/limited/schedule.v
classic/model/schedule/uni/limited/fixed_priority/response_time_bound.v,classic/model/schedule/uni/limited/rbf.v
classic/model/schedule/uni/limited/fixed_priority/response_time_bound.v,classic/model/schedule/uni/limited/abstract_RTA/definitions.v
classic/model/schedule/uni/limited/fixed_priority/response_time_bound.v,classic/model/schedule/uni/limited/abstract_RTA/reduction_of_search_space.v
classic/model/schedule/uni/limited/fixed_priority/response_time_bound.v,classic/model/schedule/uni/limited/abstract_RTA/abstract_seq_rta.v
classic/model/schedule/uni/limited/fixed_priority/response_time_bound.v,classic/model/schedule/uni/limited/jlfp_instantiation.v
classic/model/schedule/uni/limited/fixed_priority/response_time_bound.v,classic/model/arrival/curves/bounds.v
classic/model/schedule/uni/limited/fixed_priority/response_time_bound.v,classic/analysis/uni/arrival_curves/workload_bound.v
classic/model/schedule/uni/limited/fixed_priority/response_time_bound.v,classic/model/schedule/uni/limited/busy_interval.v
classic/analysis/apa/bertogna_edf_comp.v,classic/util/all.v
classic/analysis/apa/bertogna_edf_comp.v,classic/analysis/apa/bertogna_edf_theory.v
classic/analysis/global/basic/bertogna_edf_comp.v,classic/util/all.v
classic/analysis/global/basic/bertogna_edf_comp.v,classic/analysis/global/basic/bertogna_edf_theory.v
classic/analysis/global/jitter/bertogna_edf_theory.v,classic/util/all.v
classic/analysis/global/jitter/bertogna_edf_theory.v,classic/model/arrival/basic/task.v
classic/analysis/global/jitter/bertogna_edf_theory.v,classic/model/priority.v
classic/analysis/global/jitter/bertogna_edf_theory.v,classic/model/arrival/basic/task_arrival.v
classic/analysis/global/jitter/bertogna_edf_theory.v,classic/model/schedule/global/workload.v
classic/analysis/global/jitter/bertogna_edf_theory.v,classic/model/schedule/global/schedulability.v
classic/analysis/global/jitter/bertogna_edf_theory.v,classic/model/schedule/global/response_time.v
classic/analysis/global/jitter/bertogna_edf_theory.v,classic/model/schedule/global/jitter/job.v
classic/analysis/global/jitter/bertogna_edf_theory.v,classic/model/schedule/global/jitter/schedule.v
classic/analysis/global/jitter/bertogna_edf_theory.v,classic/model/schedule/global/jitter/platform.v
classic/analysis/global/jitter/bertogna_edf_theory.v,classic/model/schedule/global/jitter/interference.v
classic/analysis/global/jitter/bertogna_edf_theory.v,classic/model/schedule/global/jitter/constrained_deadlines.v
classic/analysis/global/jitter/bertogna_edf_theory.v,classic/analysis/global/jitter/workload_bound.v
classic/analysis/global/jitter/bertogna_edf_theory.v,classic/analysis/global/jitter/interference_bound_edf.v
classic/analysis/global/jitter/bertogna_fp_comp.v,classic/util/all.v
classic/analysis/global/jitter/bertogna_fp_comp.v,classic/analysis/global/jitter/bertogna_fp_theory.v
classic/analysis/global/parallel/bertogna_edf_comp.v,classic/util/all.v
classic/analysis/global/parallel/bertogna_edf_comp.v,classic/analysis/global/parallel/bertogna_edf_theory.v
classic/analysis/uni/susp/dynamic/jitter/rta_by_reduction.v,classic/util/all.v
classic/analysis/uni/susp/dynamic/jitter/rta_by_reduction.v,classic/model/priority.v
classic/analysis/uni/susp/dynamic/jitter/rta_by_reduction.v,classic/model/suspension.v
classic/analysis/uni/susp/dynamic/jitter/rta_by_reduction.v,classic/model/arrival/basic/job.v
classic/analysis/uni/susp/dynamic/jitter/rta_by_reduction.v,classic/model/arrival/basic/task.v
classic/analysis/uni/susp/dynamic/jitter/rta_by_reduction.v,classic/model/arrival/basic/arrival_sequence.v
classic/analysis/uni/susp/dynamic/jitter/rta_by_reduction.v,classic/model/arrival/basic/task_arrival.v
classic/analysis/uni/susp/dynamic/jitter/rta_by_reduction.v,classic/model/arrival/jitter/job.v
classic/analysis/uni/susp/dynamic/jitter/rta_by_reduction.v,classic/model/schedule/uni/schedulability.v
classic/analysis/uni/susp/dynamic/jitter/rta_by_reduction.v,classic/model/schedule/uni/service.v
classic/analysis/uni/susp/dynamic/jitter/rta_by_reduction.v,classic/model/schedule/uni/workload.v
classic/analysis/uni/susp/dynamic/jitter/rta_by_reduction.v,classic/model/schedule/uni/response_time.v
classic/analysis/uni/susp/dynamic/jitter/rta_by_reduction.v,classic/model/schedule/uni/jitter/schedule.v
classic/analysis/uni/susp/dynamic/jitter/rta_by_reduction.v,classic/model/schedule/uni/jitter/platform.v
classic/analysis/uni/susp/dynamic/jitter/rta_by_reduction.v,classic/model/schedule/uni/susp/suspension_intervals.v
classic/analysis/uni/susp/dynamic/jitter/rta_by_reduction.v,classic/model/schedule/uni/susp/schedule.v
classic/analysis/uni/susp/dynamic/jitter/rta_by_reduction.v,classic/model/schedule/uni/susp/valid_schedule.v
classic/analysis/uni/susp/dynamic/jitter/rta_by_reduction.v,classic/model/schedule/uni/susp/platform.v
classic/analysis/uni/susp/dynamic/jitter/rta_by_reduction.v,classic/analysis/uni/susp/dynamic/jitter/jitter_schedule.v
classic/analysis/uni/susp/dynamic/jitter/rta_by_reduction.v,classic/analysis/uni/susp/dynamic/jitter/jitter_schedule_properties.v
classic/analysis/uni/susp/dynamic/jitter/rta_by_reduction.v,classic/analysis/uni/susp/dynamic/jitter/jitter_schedule_service.v
classic/analysis/uni/susp/dynamic/jitter/rta_by_reduction.v,classic/analysis/uni/susp/dynamic/jitter/jitter_taskset_generation.v
classic/implementation/apa/bertogna_fp_example.v,classic/util/all.v
classic/implementation/apa/bertogna_fp_example.v,classic/model/arrival/basic/job.v
classic/implementation/apa/bertogna_fp_example.v,classic/model/arrival/basic/task.v
classic/implementation/apa/bertogna_fp_example.v,classic/model/priority.v
classic/implementation/apa/bertogna_fp_example.v,classic/model/schedule/global/schedulability.v
classic/implementation/apa/bertogna_fp_example.v,classic/model/schedule/global/basic/schedule.v
classic/implementation/apa/bertogna_fp_example.v,classic/model/schedule/apa/affinity.v
classic/implementation/apa/bertogna_fp_example.v,classic/model/schedule/apa/interference.v
classic/implementation/apa/bertogna_fp_example.v,classic/model/schedule/apa/platform.v
classic/implementation/apa/bertogna_fp_example.v,classic/analysis/apa/workload_bound.v
classic/implementation/apa/bertogna_fp_example.v,classic/analysis/apa/interference_bound_fp.v
classic/implementation/apa/bertogna_fp_example.v,classic/analysis/apa/bertogna_fp_comp.v
classic/implementation/apa/bertogna_fp_example.v,classic/implementation/apa/job.v
classic/implementation/apa/bertogna_fp_example.v,classic/implementation/apa/task.v
classic/implementation/apa/bertogna_fp_example.v,classic/implementation/apa/schedule.v
classic/implementation/apa/bertogna_fp_example.v,classic/implementation/apa/arrival_sequence.v
classic/implementation/global/basic/bertogna_fp_example.v,classic/util/all.v
classic/implementation/global/basic/bertogna_fp_example.v,classic/model/arrival/basic/job.v
classic/implementation/global/basic/bertogna_fp_example.v,classic/model/arrival/basic/task.v
classic/implementation/global/basic/bertogna_fp_example.v,classic/model/priority.v
classic/implementation/global/basic/bertogna_fp_example.v,classic/model/schedule/global/schedulability.v
classic/implementation/global/basic/bertogna_fp_example.v,classic/model/schedule/global/basic/schedule.v
classic/implementation/global/basic/bertogna_fp_example.v,classic/model/schedule/global/basic/platform.v
classic/implementation/global/basic/bertogna_fp_example.v,classic/analysis/global/basic/workload_bound.v
classic/implementation/global/basic/bertogna_fp_example.v,classic/analysis/global/basic/interference_bound_fp.v
classic/implementation/global/basic/bertogna_fp_example.v,classic/analysis/global/basic/bertogna_fp_comp.v
classic/implementation/global/basic/bertogna_fp_example.v,classic/implementation/job.v
classic/implementation/global/basic/bertogna_fp_example.v,classic/implementation/task.v
classic/implementation/global/basic/bertogna_fp_example.v,classic/implementation/arrival_sequence.v
classic/implementation/global/basic/bertogna_fp_example.v,classic/implementation/global/basic/schedule.v
classic/implementation/global/parallel/bertogna_fp_example.v,classic/util/all.v
classic/implementation/global/parallel/bertogna_fp_example.v,classic/model/arrival/basic/job.v
classic/implementation/global/parallel/bertogna_fp_example.v,classic/model/arrival/basic/task.v
classic/implementation/global/parallel/bertogna_fp_example.v,classic/model/priority.v
classic/implementation/global/parallel/bertogna_fp_example.v,classic/model/schedule/global/schedulability.v
classic/implementation/global/parallel/bertogna_fp_example.v,classic/model/schedule/global/basic/schedule.v
classic/implementation/global/parallel/bertogna_fp_example.v,classic/model/schedule/global/basic/platform.v
classic/implementation/global/parallel/bertogna_fp_example.v,classic/model/schedule/global/basic/interference.v
classic/implementation/global/parallel/bertogna_fp_example.v,classic/analysis/global/parallel/workload_bound.v
classic/implementation/global/parallel/bertogna_fp_example.v,classic/analysis/global/parallel/interference_bound_fp.v
classic/implementation/global/parallel/bertogna_fp_example.v,classic/analysis/global/parallel/bertogna_fp_comp.v
classic/implementation/global/parallel/bertogna_fp_example.v,classic/implementation/job.v
classic/implementation/global/parallel/bertogna_fp_example.v,classic/implementation/task.v
classic/implementation/global/parallel/bertogna_fp_example.v,classic/implementation/arrival_sequence.v
classic/implementation/global/parallel/bertogna_fp_example.v,classic/implementation/global/basic/schedule.v
classic/implementation/uni/susp/dynamic/oblivious/fp_rta_example.v,classic/util/all.v
classic/implementation/uni/susp/dynamic/oblivious/fp_rta_example.v,classic/model/arrival/basic/job.v
classic/implementation/uni/susp/dynamic/oblivious/fp_rta_example.v,classic/model/arrival/basic/task.v
classic/implementation/uni/susp/dynamic/oblivious/fp_rta_example.v,classic/model/priority.v
classic/implementation/uni/susp/dynamic/oblivious/fp_rta_example.v,classic/model/schedule/uni/schedule.v
classic/implementation/uni/susp/dynamic/oblivious/fp_rta_example.v,classic/model/schedule/uni/schedulability.v
classic/implementation/uni/susp/dynamic/oblivious/fp_rta_example.v,classic/model/schedule/uni/susp/suspension_intervals.v
classic/implementation/uni/susp/dynamic/oblivious/fp_rta_example.v,classic/analysis/uni/basic/workload_bound_fp.v
classic/implementation/uni/susp/dynamic/oblivious/fp_rta_example.v,classic/analysis/uni/susp/dynamic/oblivious/fp_rta.v
classic/implementation/uni/susp/dynamic/oblivious/fp_rta_example.v,classic/implementation/uni/susp/dynamic/job.v
classic/implementation/uni/susp/dynamic/oblivious/fp_rta_example.v,classic/implementation/uni/susp/dynamic/task.v
classic/implementation/uni/susp/dynamic/oblivious/fp_rta_example.v,classic/implementation/uni/susp/dynamic/arrival_sequence.v
classic/implementation/uni/susp/dynamic/oblivious/fp_rta_example.v,classic/implementation/uni/susp/schedule.v
classic/model/schedule/uni/limited/edf/nonpr_reg/response_time_bound.v,classic/util/all.v
classic/model/schedule/uni/limited/edf/nonpr_reg/response_time_bound.v,classic/model/arrival/basic/job.v
classic/model/schedule/uni/limited/edf/nonpr_reg/response_time_bound.v,classic/model/arrival/basic/task_arrival.v
classic/model/schedule/uni/limited/edf/nonpr_reg/response_time_bound.v,classic/model/priority.v
classic/model/schedule/uni/limited/edf/nonpr_reg/response_time_bound.v,classic/model/schedule/uni/service.v
classic/model/schedule/uni/limited/edf/nonpr_reg/response_time_bound.v,classic/model/schedule/uni/workload.v
classic/model/schedule/uni/limited/edf/nonpr_reg/response_time_bound.v,classic/model/schedule/uni/schedule.v
classic/model/schedule/uni/limited/edf/nonpr_reg/response_time_bound.v,classic/model/schedule/uni/response_time.v
classic/model/schedule/uni/limited/edf/nonpr_reg/response_time_bound.v,classic/model/schedule/uni/limited/platform/definitions.v
classic/model/schedule/uni/limited/edf/nonpr_reg/response_time_bound.v,classic/model/schedule/uni/limited/platform/priority_inversion_is_bounded.v
classic/model/schedule/uni/limited/edf/nonpr_reg/response_time_bound.v,classic/model/schedule/uni/limited/schedule.v
classic/model/schedule/uni/limited/edf/nonpr_reg/response_time_bound.v,classic/model/schedule/uni/limited/busy_interval.v
classic/model/schedule/uni/limited/edf/nonpr_reg/response_time_bound.v,classic/model/schedule/uni/limited/edf/response_time_bound.v
classic/model/schedule/uni/limited/edf/nonpr_reg/response_time_bound.v,classic/model/schedule/uni/limited/rbf.v
classic/model/schedule/uni/limited/edf/nonpr_reg/response_time_bound.v,classic/model/arrival/curves/bounds.v
classic/model/schedule/uni/limited/edf/nonpr_reg/response_time_bound.v,classic/analysis/uni/arrival_curves/workload_bound.v
classic/model/schedule/uni/limited/fixed_priority/nonpr_reg/response_time_bound.v,classic/util/all.v
classic/model/schedule/uni/limited/fixed_priority/nonpr_reg/response_time_bound.v,classic/model/arrival/basic/job.v
classic/model/schedule/uni/limited/fixed_priority/nonpr_reg/response_time_bound.v,classic/model/arrival/basic/task_arrival.v
classic/model/schedule/uni/limited/fixed_priority/nonpr_reg/response_time_bound.v,classic/model/priority.v
classic/model/schedule/uni/limited/fixed_priority/nonpr_reg/response_time_bound.v,classic/model/arrival/curves/bounds.v
classic/model/schedule/uni/limited/fixed_priority/nonpr_reg/response_time_bound.v,classic/analysis/uni/arrival_curves/workload_bound.v
classic/model/schedule/uni/limited/fixed_priority/nonpr_reg/response_time_bound.v,classic/model/schedule/uni/service.v
classic/model/schedule/uni/limited/fixed_priority/nonpr_reg/response_time_bound.v,classic/model/schedule/uni/workload.v
classic/model/schedule/uni/limited/fixed_priority/nonpr_reg/response_time_bound.v,classic/model/schedule/uni/schedule.v
classic/model/schedule/uni/limited/fixed_priority/nonpr_reg/response_time_bound.v,classic/model/schedule/uni/response_time.v
classic/model/schedule/uni/limited/fixed_priority/nonpr_reg/response_time_bound.v,classic/model/schedule/uni/limited/platform/definitions.v
classic/model/schedule/uni/limited/fixed_priority/nonpr_reg/response_time_bound.v,classic/model/schedule/uni/limited/platform/priority_inversion_is_bounded.v
classic/model/schedule/uni/limited/fixed_priority/nonpr_reg/response_time_bound.v,classic/model/schedule/uni/limited/schedule.v
classic/model/schedule/uni/limited/fixed_priority/nonpr_reg/response_time_bound.v,classic/model/schedule/uni/limited/busy_interval.v
classic/model/schedule/uni/limited/fixed_priority/nonpr_reg/response_time_bound.v,classic/model/schedule/uni/limited/fixed_priority/response_time_bound.v
classic/model/schedule/uni/limited/fixed_priority/nonpr_reg/response_time_bound.v,classic/model/schedule/uni/limited/rbf.v
classic/analysis/global/jitter/bertogna_edf_comp.v,classic/util/all.v
classic/analysis/global/jitter/bertogna_edf_comp.v,classic/analysis/global/jitter/bertogna_edf_theory.v
classic/analysis/uni/susp/dynamic/jitter/taskset_rta.v,classic/util/all.v
classic/analysis/uni/susp/dynamic/jitter/taskset_rta.v,classic/model/priority.v
classic/analysis/uni/susp/dynamic/jitter/taskset_rta.v,classic/model/suspension.v
classic/analysis/uni/susp/dynamic/jitter/taskset_rta.v,classic/model/arrival/basic/task.v
classic/analysis/uni/susp/dynamic/jitter/taskset_rta.v,classic/model/arrival/basic/job.v
classic/analysis/uni/susp/dynamic/jitter/taskset_rta.v,classic/model/arrival/basic/task_arrival.v
classic/analysis/uni/susp/dynamic/jitter/taskset_rta.v,classic/model/arrival/basic/arrival_sequence.v
classic/analysis/uni/susp/dynamic/jitter/taskset_rta.v,classic/model/arrival/jitter/job.v
classic/analysis/uni/susp/dynamic/jitter/taskset_rta.v,classic/model/schedule/uni/response_time.v
classic/analysis/uni/susp/dynamic/jitter/taskset_rta.v,classic/model/schedule/uni/susp/schedule.v
classic/analysis/uni/susp/dynamic/jitter/taskset_rta.v,classic/model/schedule/uni/susp/platform.v
classic/analysis/uni/susp/dynamic/jitter/taskset_rta.v,classic/model/schedule/uni/susp/valid_schedule.v
classic/analysis/uni/susp/dynamic/jitter/taskset_rta.v,classic/model/schedule/uni/jitter/valid_schedule.v
classic/analysis/uni/susp/dynamic/jitter/taskset_rta.v,classic/analysis/uni/susp/dynamic/jitter/rta_by_reduction.v
classic/analysis/uni/susp/dynamic/jitter/taskset_rta.v,classic/analysis/uni/susp/dynamic/jitter/jitter_taskset_generation.v
classic/analysis/uni/susp/dynamic/jitter/taskset_rta.v,classic/analysis/uni/susp/dynamic/jitter/taskset_membership.v
classic/implementation/apa/bertogna_edf_example.v,classic/util/all.v
classic/implementation/apa/bertogna_edf_example.v,classic/model/arrival/basic/job.v
classic/implementation/apa/bertogna_edf_example.v,classic/model/arrival/basic/task.v
classic/implementation/apa/bertogna_edf_example.v,classic/model/priority.v
classic/implementation/apa/bertogna_edf_example.v,classic/model/schedule/global/schedulability.v
classic/implementation/apa/bertogna_edf_example.v,classic/model/schedule/global/basic/schedule.v
classic/implementation/apa/bertogna_edf_example.v,classic/model/schedule/apa/affinity.v
classic/implementation/apa/bertogna_edf_example.v,classic/model/schedule/apa/interference.v
classic/implementation/apa/bertogna_edf_example.v,classic/model/schedule/apa/platform.v
classic/implementation/apa/bertogna_edf_example.v,classic/analysis/apa/workload_bound.v
classic/implementation/apa/bertogna_edf_example.v,classic/analysis/apa/interference_bound_edf.v
classic/implementation/apa/bertogna_edf_example.v,classic/analysis/apa/bertogna_edf_comp.v
classic/implementation/apa/bertogna_edf_example.v,classic/implementation/apa/job.v
classic/implementation/apa/bertogna_edf_example.v,classic/implementation/apa/task.v
classic/implementation/apa/bertogna_edf_example.v,classic/implementation/apa/schedule.v
classic/implementation/apa/bertogna_edf_example.v,classic/implementation/apa/arrival_sequence.v
classic/implementation/global/basic/bertogna_edf_example.v,classic/util/all.v
classic/implementation/global/basic/bertogna_edf_example.v,classic/model/arrival/basic/job.v
classic/implementation/global/basic/bertogna_edf_example.v,classic/model/arrival/basic/task.v
classic/implementation/global/basic/bertogna_edf_example.v,classic/model/priority.v
classic/implementation/global/basic/bertogna_edf_example.v,classic/model/schedule/global/schedulability.v
classic/implementation/global/basic/bertogna_edf_example.v,classic/model/schedule/global/basic/schedule.v
classic/implementation/global/basic/bertogna_edf_example.v,classic/model/schedule/global/basic/platform.v
classic/implementation/global/basic/bertogna_edf_example.v,classic/analysis/global/basic/workload_bound.v
classic/implementation/global/basic/bertogna_edf_example.v,classic/analysis/global/basic/interference_bound_edf.v
classic/implementation/global/basic/bertogna_edf_example.v,classic/analysis/global/basic/bertogna_edf_comp.v
classic/implementation/global/basic/bertogna_edf_example.v,classic/implementation/job.v
classic/implementation/global/basic/bertogna_edf_example.v,classic/implementation/task.v
classic/implementation/global/basic/bertogna_edf_example.v,classic/implementation/arrival_sequence.v
classic/implementation/global/basic/bertogna_edf_example.v,classic/implementation/global/basic/schedule.v
classic/implementation/global/jitter/bertogna_fp_example.v,classic/util/all.v
classic/implementation/global/jitter/bertogna_fp_example.v,classic/model/arrival/basic/task.v
classic/implementation/global/jitter/bertogna_fp_example.v,classic/model/priority.v
classic/implementation/global/jitter/bertogna_fp_example.v,classic/model/schedule/global/schedulability.v
classic/implementation/global/jitter/bertogna_fp_example.v,classic/model/schedule/global/jitter/job.v
classic/implementation/global/jitter/bertogna_fp_example.v,classic/model/schedule/global/jitter/schedule.v
classic/implementation/global/jitter/bertogna_fp_example.v,classic/model/schedule/global/jitter/platform.v
classic/implementation/global/jitter/bertogna_fp_example.v,classic/analysis/global/jitter/workload_bound.v
classic/implementation/global/jitter/bertogna_fp_example.v,classic/analysis/global/jitter/interference_bound_fp.v
classic/implementation/global/jitter/bertogna_fp_example.v,classic/analysis/global/jitter/bertogna_fp_comp.v
classic/implementation/global/jitter/bertogna_fp_example.v,classic/implementation/global/jitter/job.v
classic/implementation/global/jitter/bertogna_fp_example.v,classic/implementation/global/jitter/task.v
classic/implementation/global/jitter/bertogna_fp_example.v,classic/implementation/global/jitter/schedule.v
classic/implementation/global/jitter/bertogna_fp_example.v,classic/implementation/global/jitter/arrival_sequence.v
classic/implementation/global/parallel/bertogna_edf_example.v,classic/util/all.v
classic/implementation/global/parallel/bertogna_edf_example.v,classic/model/arrival/basic/job.v
classic/implementation/global/parallel/bertogna_edf_example.v,classic/model/arrival/basic/task.v
classic/implementation/global/parallel/bertogna_edf_example.v,classic/model/priority.v
classic/implementation/global/parallel/bertogna_edf_example.v,classic/model/schedule/global/schedulability.v
classic/implementation/global/parallel/bertogna_edf_example.v,classic/model/schedule/global/basic/schedule.v
classic/implementation/global/parallel/bertogna_edf_example.v,classic/model/schedule/global/basic/platform.v
classic/implementation/global/parallel/bertogna_edf_example.v,classic/analysis/global/parallel/workload_bound.v
classic/implementation/global/parallel/bertogna_edf_example.v,classic/analysis/global/parallel/interference_bound_edf.v
classic/implementation/global/parallel/bertogna_edf_example.v,classic/analysis/global/parallel/bertogna_edf_comp.v
classic/implementation/global/parallel/bertogna_edf_example.v,classic/implementation/job.v
classic/implementation/global/parallel/bertogna_edf_example.v,classic/implementation/task.v
classic/implementation/global/parallel/bertogna_edf_example.v,classic/implementation/arrival_sequence.v
classic/implementation/global/parallel/bertogna_edf_example.v,classic/implementation/global/basic/schedule.v
classic/model/schedule/uni/limited/edf/nonpr_reg/concrete_models/response_time_bound.v,classic/util/all.v
classic/model/schedule/uni/limited/edf/nonpr_reg/concrete_models/response_time_bound.v,classic/model/arrival/basic/job.v
classic/model/schedule/uni/limited/edf/nonpr_reg/concrete_models/response_time_bound.v,classic/model/arrival/basic/task_arrival.v
classic/model/schedule/uni/limited/edf/nonpr_reg/concrete_models/response_time_bound.v,classic/model/priority.v
classic/model/schedule/uni/limited/edf/nonpr_reg/concrete_models/response_time_bound.v,classic/model/schedule/uni/service.v
classic/model/schedule/uni/limited/edf/nonpr_reg/concrete_models/response_time_bound.v,classic/model/schedule/uni/workload.v
classic/model/schedule/uni/limited/edf/nonpr_reg/concrete_models/response_time_bound.v,classic/model/schedule/uni/schedule.v
classic/model/schedule/uni/limited/edf/nonpr_reg/concrete_models/response_time_bound.v,classic/model/schedule/uni/response_time.v
classic/model/schedule/uni/limited/edf/nonpr_reg/concrete_models/response_time_bound.v,classic/model/schedule/uni/limited/schedule.v
classic/model/schedule/uni/limited/edf/nonpr_reg/concrete_models/response_time_bound.v,classic/model/schedule/uni/limited/edf/response_time_bound.v
classic/model/schedule/uni/limited/edf/nonpr_reg/concrete_models/response_time_bound.v,classic/model/schedule/uni/limited/edf/nonpr_reg/response_time_bound.v
classic/model/schedule/uni/limited/edf/nonpr_reg/concrete_models/response_time_bound.v,classic/model/schedule/uni/limited/rbf.v
classic/model/schedule/uni/limited/edf/nonpr_reg/concrete_models/response_time_bound.v,classic/model/arrival/curves/bounds.v
classic/model/schedule/uni/limited/edf/nonpr_reg/concrete_models/response_time_bound.v,classic/analysis/uni/arrival_curves/workload_bound.v
classic/model/schedule/uni/limited/edf/nonpr_reg/concrete_models/response_time_bound.v,classic/model/schedule/uni/nonpreemptive/schedule.v
classic/model/schedule/uni/limited/edf/nonpr_reg/concrete_models/response_time_bound.v,classic/model/schedule/uni/limited/platform/limited.v
classic/model/schedule/uni/limited/edf/nonpr_reg/concrete_models/response_time_bound.v,classic/model/schedule/uni/limited/platform/preemptive.v
classic/model/schedule/uni/limited/edf/nonpr_reg/concrete_models/response_time_bound.v,classic/model/schedule/uni/limited/platform/nonpreemptive.v
classic/model/schedule/uni/limited/fixed_priority/nonpr_reg/concrete_models/response_time_bound.v,classic/util/all.v
classic/model/schedule/uni/limited/fixed_priority/nonpr_reg/concrete_models/response_time_bound.v,classic/model/arrival/basic/job.v
classic/model/schedule/uni/limited/fixed_priority/nonpr_reg/concrete_models/response_time_bound.v,classic/model/arrival/basic/task_arrival.v
classic/model/schedule/uni/limited/fixed_priority/nonpr_reg/concrete_models/response_time_bound.v,classic/model/priority.v
classic/model/schedule/uni/limited/fixed_priority/nonpr_reg/concrete_models/response_time_bound.v,classic/model/schedule/uni/service.v
classic/model/schedule/uni/limited/fixed_priority/nonpr_reg/concrete_models/response_time_bound.v,classic/model/schedule/uni/workload.v
classic/model/schedule/uni/limited/fixed_priority/nonpr_reg/concrete_models/response_time_bound.v,classic/model/schedule/uni/schedule.v
classic/model/schedule/uni/limited/fixed_priority/nonpr_reg/concrete_models/response_time_bound.v,classic/model/schedule/uni/response_time.v
classic/model/schedule/uni/limited/fixed_priority/nonpr_reg/concrete_models/response_time_bound.v,classic/model/schedule/uni/limited/schedule.v
classic/model/schedule/uni/limited/fixed_priority/nonpr_reg/concrete_models/response_time_bound.v,classic/model/schedule/uni/limited/fixed_priority/nonpr_reg/response_time_bound.v
classic/model/schedule/uni/limited/fixed_priority/nonpr_reg/concrete_models/response_time_bound.v,classic/model/schedule/uni/limited/rbf.v
classic/model/schedule/uni/limited/fixed_priority/nonpr_reg/concrete_models/response_time_bound.v,classic/model/arrival/curves/bounds.v
classic/model/schedule/uni/limited/fixed_priority/nonpr_reg/concrete_models/response_time_bound.v,classic/analysis/uni/arrival_curves/workload_bound.v
classic/model/schedule/uni/limited/fixed_priority/nonpr_reg/concrete_models/response_time_bound.v,classic/model/schedule/uni/nonpreemptive/schedule.v
classic/model/schedule/uni/limited/fixed_priority/nonpr_reg/concrete_models/response_time_bound.v,classic/model/schedule/uni/limited/platform/limited.v
classic/model/schedule/uni/limited/fixed_priority/nonpr_reg/concrete_models/response_time_bound.v,classic/model/schedule/uni/limited/platform/preemptive.v
classic/model/schedule/uni/limited/fixed_priority/nonpr_reg/concrete_models/response_time_bound.v,classic/model/schedule/uni/limited/platform/nonpreemptive.v
classic/implementation/global/jitter/bertogna_edf_example.v,classic/util/all.v
classic/implementation/global/jitter/bertogna_edf_example.v,classic/model/arrival/basic/task.v
classic/implementation/global/jitter/bertogna_edf_example.v,classic/model/priority.v
classic/implementation/global/jitter/bertogna_edf_example.v,classic/model/schedule/global/schedulability.v
classic/implementation/global/jitter/bertogna_edf_example.v,classic/model/schedule/global/jitter/job.v
classic/implementation/global/jitter/bertogna_edf_example.v,classic/model/schedule/global/jitter/schedule.v
classic/implementation/global/jitter/bertogna_edf_example.v,classic/model/schedule/global/jitter/platform.v
classic/implementation/global/jitter/bertogna_edf_example.v,classic/analysis/global/jitter/workload_bound.v
classic/implementation/global/jitter/bertogna_edf_example.v,classic/analysis/global/jitter/interference_bound_edf.v
classic/implementation/global/jitter/bertogna_edf_example.v,classic/analysis/global/jitter/bertogna_edf_comp.v
classic/implementation/global/jitter/bertogna_edf_example.v,classic/implementation/global/jitter/job.v
classic/implementation/global/jitter/bertogna_edf_example.v,classic/implementation/global/jitter/task.v
classic/implementation/global/jitter/bertogna_edf_example.v,classic/implementation/global/jitter/schedule.v
classic/implementation/global/jitter/bertogna_edf_example.v,classic/implementation/global/jitter/arrival_sequence.v
