rank,layer,area,source,sha256,lines,decls,classic_deps,v06_util_deps,lean_target,case_study,status,note
1,0,util,classic/util/notation.v,6627a5c91214c8d7887f60021ed015ef3e62b80b31dbe8ca0d39ccdaea102a76,80,6,,util/notation.v,Prosa/Classic/Util/Notation.lean,yes,ACCEPTED,case-study translation (reused): classic validation family; manifest Validation/planning/classic_pipeline/classic_util_notation_module_manifest.json
2,0,util,classic/util/pick.v,004cfa0079ec10554593e28a2241dde86e8fdca6911fdd3d911afd091d0162cd,290,17,,,Prosa/Classic/Util/Pick.lean,yes,ACCEPTED,case-study translation (reused): classic validation family; manifest Validation/planning/classic_pipeline/classic_util_pick_module_manifest.json
3,0,util,classic/util/seqset.v,609b66c1b2b9d5c5aaa3937f98789f8898a33fe36fca3b67a72849af8c2b03cb,28,2,,util/seqset.v,Prosa/Classic/Util/Seqset.lean,yes,ACCEPTED,case-study translation (reused): classic validation family; manifest Validation/planning/classic_pipeline/classic_util_seqset_module_manifest.json
4,0,util,classic/util/ssromega.v,b7b0744ecd1211079afed5ade93c760dd15e3960dbc1fcf0518a753ff94872c1,30,0,,,Prosa/Classic/Util/Ssromega.lean,yes,ACCEPTED,case-study translation (reused): classic zero-declaration validator; manifest Validation/planning/classic_pipeline/classic_util_ssromega_module_manifest.json
5,0,util,classic/util/tactics.v,ef510807df731b2b41e1a8c30f9af1e99916d54ec2f72b0829044757c68147ae,383,13,,util/tactics.v,Prosa/Classic/Util/Tactics.lean,yes,ACCEPTED,case-study translation (reused): classic validation family; manifest Validation/planning/classic_pipeline/classic_util_tactics_module_manifest.json
6,0,model,classic/model/time.v,0510fd6b0a75ac638518f5952f4f9c011bd9c321f0d6b57324a3ebe4ccc9f216,7,3,,,Prosa/Classic/Model/Time.lean,yes,ACCEPTED,case-study translation (reused): classic validation family; manifest Validation/planning/classic_pipeline/classic_model_time_module_manifest.json
7,1,util,classic/util/bigord.v,5f7b93e97c6c71e8b22cec68c54f0a80b3e4952c78e287cb14e409ad773fef67,40,4,classic/util/tactics.v,,Prosa/Classic/Util/Bigord.lean,yes,ACCEPTED,case-study translation (reused): classic validation family; manifest Validation/planning/classic_pipeline/classic_util_bigord_module_manifest.json
8,1,util,classic/util/induction.v,eebbd50f131b7112f72fd6cdc75035a2686e0be6f6e0464f625949902c8be994,30,2,classic/util/tactics.v,,Prosa/Classic/Util/Induction.lean,yes,ACCEPTED,case-study translation (reused): classic validation family; manifest Validation/planning/classic_pipeline/classic_util_induction_module_manifest.json
9,1,util,classic/util/list.v,860b96e954873f46f90dfd374f57c60e2a63b5f472e20896fa01b9676525ab85,786,44,classic/util/tactics.v,util/list.v,Prosa/Classic/Util/List.lean,yes,ACCEPTED,case-study translation (reused): classic validation family; manifest Validation/planning/classic_pipeline/classic_util_list_module_manifest.json
10,1,util,classic/util/nat.v,2b58a32d71e0036ae81f0d3cc251ed8125df8fd4c9bbfa1889878da737321b52,79,8,classic/util/tactics.v classic/util/ssromega.v,util/nat.v,Prosa/Classic/Util/Nat.lean,yes,ACCEPTED,case-study translation (reused): classic validation family; manifest Validation/planning/classic_pipeline/classic_util_nat_module_manifest.json
11,1,util,classic/util/ord_quantifier.v,4cb2c3a2f476d36f2283a97777addc4ec00784bbaf2feea802d196590a7257bf,100,4,classic/util/tactics.v,,Prosa/Classic/Util/OrdQuantifier.lean,yes,ACCEPTED,case-study translation (reused): classic validation family; manifest Validation/planning/classic_pipeline/classic_util_ord_quantifier_module_manifest.json
12,1,util,classic/util/powerset.v,b5f49e66830ee5b3f5026f1ffc3ba97a718f1736dd48e8f4de6d7d497c38fdc7,18,2,classic/util/tactics.v,,Prosa/Classic/Util/Powerset.lean,yes,ACCEPTED,case-study translation (reused): classic validation family; manifest Validation/planning/classic_pipeline/classic_util_powerset_module_manifest.json
13,2,util,classic/util/bigcat.v,b7f0caba7bec38b1971a99cebd0b07088868400186bde58a7d64cd8be6db011d,102,6,classic/util/tactics.v classic/util/notation.v classic/util/bigord.v,util/bigcat.v,Prosa/Classic/Util/Bigcat.lean,yes,ACCEPTED,case-study translation (reused): classic validation family; manifest Validation/planning/classic_pipeline/classic_util_bigcat_module_manifest.json
14,2,util,classic/util/counting.v,73dab4e21056ece3aaded263fa5997802a3ca019cdc9e554ff33b83adb6bef31,103,5,classic/util/tactics.v classic/util/ord_quantifier.v,,Prosa/Classic/Util/Counting.lean,yes,ACCEPTED,case-study translation (reused): classic validation family; manifest Validation/planning/classic_pipeline/classic_util_counting_module_manifest.json
15,2,util,classic/util/div_mod.v,8c8069433f2727dd357712b3a7963174d0a331058786d885147bc5c3a2ad5a29,236,17,classic/util/tactics.v classic/util/ssromega.v classic/util/nat.v,util/div_mod.v,Prosa/Classic/Util/DivMod.lean,yes,ACCEPTED,case-study translation (reused): classic validation family; manifest Validation/planning/classic_pipeline/classic_util_div_mod_module_manifest.json
16,2,util,classic/util/fixedpoint.v,b5de1428301cecb92da563150c6099495fb989685b20420eab80a4691eb36cfd,190,10,classic/util/tactics.v classic/util/induction.v,,Prosa/Classic/Util/Fixedpoint.lean,yes,ACCEPTED,case-study translation (reused): classic validation family; manifest Validation/planning/classic_pipeline/classic_util_fixedpoint_module_manifest.json
17,2,util,classic/util/sorting.v,707c3ef0d575628941cff76b26368383a0f21fd3f85082fbd1f4b42593a94d58,160,6,classic/util/tactics.v classic/util/induction.v classic/util/list.v,,Prosa/Classic/Util/Sorting.lean,yes,ACCEPTED,case-study translation (reused): classic validation family; manifest Validation/planning/classic_pipeline/classic_util_sorting_module_manifest.json
18,2,util,classic/util/step_function.v,def47de363d9a2b9e4120c2769acea473dc2b28676104dd840efe4826c37bf14,2,0,classic/util/tactics.v classic/util/notation.v classic/util/induction.v,,Prosa/Classic/Util/StepFunction.lean,yes,ACCEPTED,case-study translation (reused): classic zero-declaration validator; manifest Validation/planning/classic_pipeline/classic_util_step_function_module_manifest.json
19,3,util,classic/util/minmax.v,48e90e800693897a4875bb71b6c6f937b12d3da41a8a427a65eb102072d4e0cf,543,44,classic/util/tactics.v classic/util/notation.v classic/util/sorting.v classic/util/nat.v classic/util/list.v,util/minmax.v,Prosa/Classic/Util/Minmax.lean,yes,ACCEPTED,case-study translation (reused): classic validation family; manifest Validation/planning/classic_pipeline/classic_util_minmax_module_manifest.json
20,3,util,classic/util/sum.v,6ed53c42fe02f421299fdfd603b17e5ebf18bcc913c01bc673ea36f5f51c7c95,184,9,classic/util/ssromega.v classic/util/tactics.v classic/util/notation.v classic/util/sorting.v classic/util/nat.v,util/sum.v,Prosa/Classic/Util/Sum.lean,yes,ACCEPTED,case-study translation (reused): classic validation family; manifest Validation/planning/classic_pipeline/classic_util_sum_module_manifest.json
21,4,util,classic/util/all.v,3fe26417c92d71b8e076bff6a91fe262f8aa997091cee03aa7d01029fd8fcff1,20,0,classic/util/tactics.v classic/util/notation.v classic/util/bigcat.v classic/util/pick.v classic/util/bigord.v classic/util/counting.v classic/util/div_mod.v classic/util/ord_quantifier.v classic/util/fixedpoint.v classic/util/induction.v classic/util/list.v classic/util/nat.v classic/util/powerset.v classic/util/sorting.v classic/util/sum.v classic/util/minmax.v classic/util/seqset.v classic/util/step_function.v classic/util/ssromega.v,util/epsilon.v,Prosa/Classic/Util/All.lean,yes,ACCEPTED,case-study translation (reused): classic zero-declaration validator; manifest Validation/planning/classic_pipeline/classic_util_all_module_manifest.json
22,5,util,classic/util/find_seq.v,03e0956ee3a7e9655809a68fbef961610f40d8bb4b8223f07001c284016b1e24,112,6,classic/util/all.v,,Prosa/Classic/Util/FindSeq.lean,,ACCEPTED,classic validation family (full scope); manifest Validation/planning/classic_pipeline/classic_util_find_seq_module_manifest.json
23,5,model,classic/model/arrival/basic/task.v,7c9adc9a3cc480894cac0948145570afc368c796526c44beb1ed2ef2eb2c7691,81,11,classic/model/time.v classic/util/all.v,,Prosa/Classic/Model/Arrival/Basic/Task.lean,yes,ACCEPTED,case-study translation (reused): classic validation family; manifest Validation/planning/classic_pipeline/classic_model_arrival_basic_task_module_manifest.json
24,6,model,classic/model/arrival/basic/arrival_sequence.v,0cc7bf24b6a29b5fe266e579e5e48e1c30db7a12eab5bdc171e8caadc118aedb,231,20,classic/util/all.v classic/model/arrival/basic/task.v classic/model/time.v,,Prosa/Classic/Model/Arrival/Basic/ArrivalSequence.lean,yes,ACCEPTED,case-study translation (reused): classic validation family; manifest Validation/planning/classic_pipeline/classic_model_arrival_basic_arrival_sequence_module_manifest.json
25,6,implementation,classic/implementation/global/jitter/task.v,218540d475844650d10d0306e6dffcb2dde9270be8b6867d03a15bb70cc92323,68,11,classic/util/all.v classic/model/arrival/basic/task.v,,Prosa/Classic/Implementation/Global/Jitter/Task.lean,,ACCEPTED,classic validation family (full scope); manifest Validation/planning/classic_pipeline/classic_implementation_global_jitter_task_module_manifest.json
26,6,implementation,classic/implementation/task.v,55fc3278dccffa2f713bc69364320e1b544f7466bb1f0601ae0bf20b878bc1eb,67,10,classic/model/time.v classic/util/all.v classic/model/arrival/basic/task.v,,Prosa/Classic/Implementation/Task.lean,,ACCEPTED,classic validation family (full scope); manifest Validation/planning/classic_pipeline/classic_implementation_task_module_manifest.json
27,6,implementation,classic/implementation/uni/jitter/task.v,c7b0ad7eb6dae934da37e7b2cf12306fa1599935b391611b85bf5f5d95ee0884,68,11,classic/util/all.v classic/model/arrival/basic/task.v,,Prosa/Classic/Implementation/Uni/Jitter/Task.lean,,ACCEPTED,classic validation family (full scope); manifest Validation/planning/classic_pipeline/classic_implementation_uni_jitter_task_module_manifest.json
28,6,implementation,classic/implementation/uni/susp/dynamic/task.v,688c118b52b5fd39134f1c129b7229d199226fcf93cc6e4c9df8dbfb06f942f5,68,11,classic/util/all.v classic/model/arrival/basic/task.v,,Prosa/Classic/Implementation/Uni/Susp/Dynamic/Task.lean,,ACCEPTED,classic validation family (full scope); manifest Validation/planning/classic_pipeline/classic_implementation_uni_susp_dynamic_task_module_manifest.json
29,7,model,classic/model/arrival/basic/job.v,7089419d2609f1fe18d75417e0c73623b3138921ca83e4a7398475bdc5966fa5,93,8,classic/model/time.v classic/model/arrival/basic/task.v classic/model/arrival/basic/arrival_sequence.v,,Prosa/Classic/Model/Arrival/Basic/Job.lean,yes,ACCEPTED,case-study translation (reused): classic validation family; manifest Validation/planning/classic_pipeline/classic_model_arrival_basic_job_module_manifest.json
30,7,model,classic/model/arrival/jitter/arrival_sequence.v,1d0dd910c6ebd87c3ca60b4511e668668fb91aee33779a04813d94a21c2a9a19,222,15,classic/util/all.v classic/model/arrival/basic/arrival_sequence.v,,Prosa/Classic/Model/Arrival/Jitter/ArrivalSequence.lean,,ACCEPTED,classic validation family (full scope); manifest Validation/planning/classic_pipeline/classic_model_arrival_jitter_arrival_sequence_module_manifest.json
31,7,model,classic/model/suspension.v,94539a936bc63ed35b97df09bb9c7ea42c5bfbc7c9455ba301080b00a096474d,68,3,classic/util/all.v classic/model/arrival/basic/arrival_sequence.v,,Prosa/Classic/Model/Suspension.lean,,ACCEPTED,classic validation family (full scope); manifest Validation/planning/classic_pipeline/classic_model_suspension_module_manifest.json
32,7,implementation,classic/implementation/global/jitter/job.v,88155de830e6adacb2fd7234848bead0e255bb56a0fed4b10d63cbb223b6cdf9,64,11,classic/util/all.v classic/implementation/global/jitter/task.v,,Prosa/Classic/Implementation/Global/Jitter/Job.lean,,ACCEPTED,classic validation family (full scope); manifest Validation/planning/classic_pipeline/classic_implementation_global_jitter_job_module_manifest.json
33,7,implementation,classic/implementation/job.v,347bb89bc4053d2a16ad2a67e24368728df88e8b80499c296ef51f44aad58b47,65,10,classic/model/time.v classic/util/all.v classic/implementation/task.v,,Prosa/Classic/Implementation/Job.lean,,ACCEPTED,classic validation family (full scope); manifest Validation/planning/classic_pipeline/classic_implementation_job_module_manifest.json
34,7,implementation,classic/implementation/uni/jitter/job.v,4f35e6883149dce3e631862436c1b478405ee57b38140cfa694b7d772e2c98b3,65,10,classic/util/all.v classic/implementation/uni/jitter/task.v,,Prosa/Classic/Implementation/Uni/Jitter/Job.lean,,ACCEPTED,classic validation family (full scope); manifest Validation/planning/classic_pipeline/classic_implementation_uni_jitter_job_module_manifest.json
35,7,implementation,classic/implementation/uni/susp/dynamic/job.v,f94e88fedcf986fa83cec0036abc505523c2880f7a7f7d89c27c7964770c5bde,65,10,classic/util/all.v classic/implementation/uni/susp/dynamic/task.v,,Prosa/Classic/Implementation/Uni/Susp/Dynamic/Job.lean,,ACCEPTED,classic validation family (full scope); manifest Validation/planning/classic_pipeline/classic_implementation_uni_susp_dynamic_job_module_manifest.json
36,8,model,classic/model/arrival/basic/task_arrival.v,76c1a80d3d80a97eee79c6be856bf78d644214ddb88a6b08976c4f69dea817db,235,11,classic/util/all.v classic/model/arrival/basic/arrival_sequence.v classic/model/arrival/basic/task.v classic/model/arrival/basic/job.v,,Prosa/Classic/Model/Arrival/Basic/TaskArrival.lean,yes,ACCEPTED,case-study translation (reused): classic validation family; manifest Validation/planning/classic_pipeline/classic_model_arrival_basic_task_arrival_module_manifest.json
37,8,model,classic/model/arrival/jitter/job.v,29195792283e34b11295433eee41663b80e2d02655ba359b44372f1cf63fc308,42,2,classic/model/time.v classic/model/arrival/basic/task.v classic/model/arrival/basic/job.v,,Prosa/Classic/Model/Arrival/Jitter/Job.lean,,ACCEPTED,classic validation family (full scope); manifest Validation/planning/classic_pipeline/classic_model_arrival_jitter_job_module_manifest.json
38,8,model,classic/model/policy_tdma.v,e9829ca158e45f0c91c9dc40a49d83028648eaff6a6f9940565e1ab912dbf5f3,215,15,classic/util/all.v classic/model/time.v classic/model/arrival/basic/task.v classic/model/arrival/basic/job.v,,Prosa/Classic/Model/PolicyTdma.lean,,ACCEPTED,classic validation family (full scope); manifest Validation/planning/classic_pipeline/classic_model_policy_tdma_module_manifest.json
39,8,model,classic/model/priority.v,e31466a2edede2cfd7f3f5ac9a97792fca3e720f17342b1a8475c97a289cd134,355,35,classic/util/all.v classic/model/arrival/basic/task.v classic/model/arrival/basic/job.v classic/model/arrival/basic/arrival_sequence.v,,Prosa/Classic/Model/Priority.lean,yes,ACCEPTED,case-study translation (reused): classic validation family; manifest Validation/planning/classic_pipeline/classic_model_priority_module_manifest.json
40,8,model,classic/model/schedule/global/basic/schedule.v,c8e5b4b54ac2baa8b5412ff7b6cbaedeef3705a1a51e88ee4c301bd7425a37b3,615,39,classic/util/all.v classic/model/arrival/basic/job.v classic/model/arrival/basic/task.v classic/model/arrival/basic/arrival_sequence.v,,Prosa/Classic/Model/Schedule/Global/Basic/Schedule.lean,yes,ACCEPTED,case-study translation (reused): classic validation family; manifest Validation/planning/classic_pipeline/classic_model_schedule_global_basic_schedule_module_manifest.json
41,8,model,classic/model/schedule/global/jitter/job.v,38d5d12471aa141fd1f978624de61c32dcdc06e9e903e209021a1cb4ff3e5b92,39,2,classic/model/time.v classic/model/arrival/basic/task.v classic/model/arrival/basic/job.v,,Prosa/Classic/Model/Schedule/Global/Jitter/Job.lean,,ACCEPTED,classic validation family (full scope); manifest Validation/planning/classic_pipeline/classic_model_schedule_global_jitter_job_module_manifest.json
42,8,model,classic/model/schedule/uni/schedule.v,4860e54673c080eb8cdfa755f570c7553465d9f0f666adca89a4f849154f6305,642,38,classic/util/all.v classic/model/time.v classic/model/arrival/basic/task.v classic/model/arrival/basic/job.v classic/model/arrival/basic/arrival_sequence.v,util/unit_growth.v,Prosa/Classic/Model/Schedule/Uni/Schedule.lean,,ACCEPTED,classic validation family (full scope); manifest Validation/planning/classic_pipeline/classic_model_schedule_uni_schedule_module_manifest.json
43,9,model,classic/model/arrival/basic/arrival_bounds.v,a4ef38c8fabfcc1d0dc518afe758be88342f5f8dc16218ff546aec8b079f9a93,225,10,classic/util/all.v classic/model/arrival/basic/arrival_sequence.v classic/model/arrival/basic/task.v classic/model/arrival/basic/job.v classic/model/arrival/basic/task_arrival.v classic/model/priority.v,,Prosa/Classic/Model/Arrival/Basic/ArrivalBounds.lean,yes,ACCEPTED,case-study translation (reused): classic validation family; manifest Validation/planning/classic_pipeline/classic_model_arrival_basic_arrival_bounds_module_manifest.json
44,9,model,classic/model/arrival/curves/bounds.v,6d50b5d4db896abbd86317815be680b68692bd65c27a73b4fba6faab678d6e19,90,7,classic/util/all.v classic/model/arrival/basic/arrival_sequence.v classic/model/arrival/basic/task_arrival.v,,Prosa/Classic/Model/Arrival/Curves/Bounds.lean,,ACCEPTED,classic validation family (full scope); manifest Validation/planning/classic_pipeline/classic_model_arrival_curves_bounds_module_manifest.json
45,9,model,classic/model/arrival/jitter/task_arrival.v,e1a26c3f7b7520093115794dba1dbdffeadedb7b2181343333cf0931868c5ebb,198,8,classic/util/all.v classic/model/arrival/basic/task.v classic/model/arrival/basic/job.v classic/model/arrival/basic/task_arrival.v classic/model/arrival/jitter/arrival_sequence.v,,Prosa/Classic/Model/Arrival/Jitter/TaskArrival.lean,,ACCEPTED,classic validation family (full scope); manifest Validation/planning/classic_pipeline/classic_model_arrival_jitter_task_arrival_module_manifest.json
46,9,model,classic/model/schedule/apa/affinity.v,03953e413747cfb05cc68cf4d066af456632601fef5df6cb7befb780cc2932f4,101,7,classic/util/all.v classic/model/arrival/basic/job.v classic/model/arrival/basic/task.v classic/model/arrival/basic/arrival_sequence.v classic/model/schedule/global/basic/schedule.v,,Prosa/Classic/Model/Schedule/Apa/Affinity.lean,yes,ACCEPTED,case-study translation (reused): classic validation family; manifest Validation/planning/classic_pipeline/classic_model_schedule_apa_affinity_module_manifest.json
47,9,model,classic/model/schedule/global/jitter/schedule.v,ce3f66c8d70ac76a240b9a4f1ccdec203e4b18202657fc197e856f849fa2570b,250,15,classic/util/all.v classic/model/arrival/basic/task.v classic/model/schedule/global/jitter/job.v classic/model/arrival/basic/arrival_sequence.v classic/model/schedule/global/basic/schedule.v,,Prosa/Classic/Model/Schedule/Global/Jitter/Schedule.lean,,ACCEPTED,classic validation family (full scope); manifest Validation/planning/classic_pipeline/classic_model_schedule_global_jitter_schedule_module_manifest.json
48,9,model,classic/model/schedule/global/response_time.v,4097d7cc34e5b4fbf35ef48457c1f3f79669d1e0bd7b947b57070f13e6a54952,134,5,classic/util/all.v classic/model/arrival/basic/task.v classic/model/arrival/basic/job.v classic/model/arrival/basic/task_arrival.v classic/model/schedule/global/basic/schedule.v,,Prosa/Classic/Model/Schedule/Global/ResponseTime.lean,yes,ACCEPTED,case-study translation (reused): classic validation family; manifest Validation/planning/classic_pipeline/classic_model_schedule_global_response_time_module_manifest.json
49,9,model,classic/model/schedule/global/schedulability.v,db20b1145497d5a5bd4482ae0b27648b8296add9fdeec8e6f36c5b71f36e24a0,171,7,classic/util/all.v classic/model/arrival/basic/job.v classic/model/arrival/basic/task.v classic/model/schedule/global/basic/schedule.v,,Prosa/Classic/Model/Schedule/Global/Schedulability.lean,yes,ACCEPTED,case-study translation (reused): classic validation family; manifest Validation/planning/classic_pipeline/classic_model_schedule_global_schedulability_module_manifest.json
50,9,model,classic/model/schedule/global/transformation/construction.v,f5767240fdd585e940e660c8204235863b983b2f48a626103c64dcdf52ae4945,150,6,classic/util/all.v classic/model/arrival/basic/arrival_sequence.v classic/model/schedule/global/basic/schedule.v,,Prosa/Classic/Model/Schedule/Global/Transformation/Construction.lean,,ACCEPTED,classic validation family (full scope); manifest Validation/planning/classic_pipeline/classic_model_schedule_global_transformation_construction_module_manifest.json
51,9,model,classic/model/schedule/uni/basic/platform.v,92d4ab3d029454070b06062e8b1836dff0cee1ee90c363605af8dc53c5f8c61c,187,5,classic/util/all.v classic/model/arrival/basic/task.v classic/model/arrival/basic/job.v classic/model/priority.v classic/model/arrival/basic/task_arrival.v classic/model/schedule/uni/schedule.v,,Prosa/Classic/Model/Schedule/Uni/Basic/Platform.lean,,ACCEPTED,classic validation family (full scope); manifest Validation/planning/classic_pipeline/classic_model_schedule_uni_basic_platform_module_manifest.json
52,9,model,classic/model/schedule/uni/basic/platform_tdma.v,5f81d8465d33409c76b1073321e161b211bfd838d955ee38b7005aaac9ef71d6,66,3,classic/util/all.v classic/model/arrival/basic/task.v classic/model/arrival/basic/job.v classic/model/priority.v classic/model/arrival/basic/task_arrival.v classic/model/schedule/uni/schedule.v classic/model/policy_tdma.v,,Prosa/Classic/Model/Schedule/Uni/Basic/PlatformTdma.lean,,ACCEPTED,classic validation family (full scope); manifest Validation/planning/classic_pipeline/classic_model_schedule_uni_basic_platform_tdma_module_manifest.json
53,9,model,classic/model/schedule/uni/jitter/schedule.v,c36b6df37d6fef9ee720c757698e28dc5268c06d47549dfce21b3b4e9e0c83a2,168,9,classic/util/all.v classic/model/time.v classic/model/arrival/basic/task.v classic/model/arrival/basic/job.v classic/model/schedule/uni/schedule.v classic/model/arrival/jitter/arrival_sequence.v,,Prosa/Classic/Model/Schedule/Uni/Jitter/Schedule.lean,,ACCEPTED,classic validation family (full scope); manifest Validation/planning/classic_pipeline/classic_model_schedule_uni_jitter_schedule_module_manifest.json
54,9,model,classic/model/schedule/uni/limited/abstract_RTA/definitions.v,5f61325ba3b2e1e000a1db2cfd4801567904f3da6524c18c8bdf7f5331053f02,223,9,classic/util/all.v classic/model/arrival/basic/job.v classic/model/schedule/uni/schedule.v,,Prosa/Classic/Model/Schedule/Uni/Limited/AbstractRTA/Definitions.lean,,ACCEPTED,classic validation family (full scope); manifest Validation/planning/classic_pipeline/classic_model_schedule_uni_limited_abstract_rta_definitions_module_manifest.json
55,9,model,classic/model/schedule/uni/limited/abstract_RTA/reduction_of_search_space.v,b8b924d9fd14962d1ae8af8b4927f019a0234e52c3fd3e53f51b5eefdcef0ae4,172,5,classic/util/all.v classic/model/arrival/basic/job.v classic/model/schedule/uni/schedule.v,,Prosa/Classic/Model/Schedule/Uni/Limited/AbstractRTA/ReductionOfSearchSpace.lean,,ACCEPTED,classic validation family (full scope); manifest Validation/planning/classic_pipeline/classic_model_schedule_uni_limited_abstract_rta_reduction_of_search_space_module_manifest.json
56,9,model,classic/model/schedule/uni/nonpreemptive/schedule.v,f1c1469d9c28c0ebb5ad2e21e0b0f259c7e9d5c84362c40eed07c8c41b2adbbc,354,11,classic/util/all.v classic/model/arrival/basic/job.v classic/model/schedule/uni/schedule.v,,Prosa/Classic/Model/Schedule/Uni/Nonpreemptive/Schedule.lean,,ACCEPTED,classic validation family (full scope); manifest Validation/planning/classic_pipeline/classic_model_schedule_uni_nonpreemptive_schedule_module_manifest.json
57,9,model,classic/model/schedule/uni/response_time.v,66f1bb900356eb11040b0a32aaba78809cf1898b7e10a77924b7cf2dc05d9106,166,6,classic/util/all.v classic/model/arrival/basic/task.v classic/model/arrival/basic/job.v classic/model/arrival/basic/task_arrival.v classic/model/schedule/uni/schedule.v,,Prosa/Classic/Model/Schedule/Uni/ResponseTime.lean,,ACCEPTED,classic validation family (full scope); manifest Validation/planning/classic_pipeline/classic_model_schedule_uni_response_time_module_manifest.json
58,9,model,classic/model/schedule/uni/schedule_of_task.v,31d44a7c3f35f25159af825838bfbbf089d36f2a62c98a038569f82c57019edc,47,4,classic/util/all.v classic/model/time.v classic/model/arrival/basic/task.v classic/model/arrival/basic/job.v classic/model/arrival/basic/arrival_sequence.v classic/model/schedule/uni/schedule.v,,Prosa/Classic/Model/Schedule/Uni/ScheduleOfTask.lean,,ACCEPTED,classic validation family (full scope); manifest Validation/planning/classic_pipeline/classic_model_schedule_uni_schedule_of_task_module_manifest.json
59,9,model,classic/model/schedule/uni/susp/last_execution.v,e3cc215cc169afcb3708b437a3372ff6602166ac959cfd10757d5a07b5c3b436,411,9,classic/util/all.v classic/model/arrival/basic/job.v classic/model/arrival/basic/arrival_sequence.v classic/model/schedule/uni/schedule.v,util/unit_growth.v,Prosa/Classic/Model/Schedule/Uni/Susp/LastExecution.lean,,ACCEPTED,classic validation family (full scope); manifest Validation/planning/classic_pipeline/classic_model_schedule_uni_susp_last_execution_module_manifest.json
60,9,model,classic/model/schedule/uni/transformation/construction.v,41f5561b458888f7bcf590586f4e0b1ae290abdaf27879303fdd020ddd26c289,169,7,classic/util/all.v classic/model/arrival/basic/job.v classic/model/arrival/basic/arrival_sequence.v classic/model/schedule/uni/schedule.v,,Prosa/Classic/Model/Schedule/Uni/Transformation/Construction.lean,,ACCEPTED,classic validation family (full scope); manifest Validation/planning/classic_pipeline/classic_model_schedule_uni_transformation_construction_module_manifest.json
61,9,model,classic/model/schedule/uni/workload.v,d28950b6c45ce5aa4a459f209d5be9094674738caf3209ee0ff064aa9a108af8,135,6,classic/util/all.v classic/model/time.v classic/model/arrival/basic/task.v classic/model/arrival/basic/job.v classic/model/arrival/basic/arrival_sequence.v classic/model/priority.v,,Prosa/Classic/Model/Schedule/Uni/Workload.lean,,ACCEPTED,classic validation family (full scope); manifest Validation/planning/classic_pipeline/classic_model_schedule_uni_workload_module_manifest.json
62,9,implementation,classic/implementation/arrival_sequence.v,17d3bd256f4247617b7bdd88c5987ad70fd389ede7b06854f3a7a1ceb1bffd61,110,7,classic/util/all.v classic/model/arrival/basic/arrival_sequence.v classic/model/arrival/basic/job.v classic/model/arrival/basic/task.v classic/model/arrival/basic/task_arrival.v classic/implementation/task.v classic/implementation/job.v,,Prosa/Classic/Implementation/ArrivalSequence.lean,,ACCEPTED,classic validation family (full scope); manifest Validation/planning/classic_pipeline/classic_implementation_arrival_sequence_module_manifest.json
63,9,implementation,classic/implementation/global/jitter/arrival_sequence.v,65635def7f65c9457e24e6411ee1ffbd2905f9c848d1194f3dd801775bad088c,109,7,classic/util/all.v classic/model/arrival/basic/arrival_sequence.v classic/model/arrival/basic/task.v classic/model/arrival/basic/task_arrival.v classic/model/schedule/global/jitter/job.v classic/implementation/global/jitter/task.v classic/implementation/global/jitter/job.v,,Prosa/Classic/Implementation/Global/Jitter/ArrivalSequence.lean,,ACCEPTED,classic validation family (full scope); manifest Validation/planning/classic_pipeline/classic_implementation_global_jitter_arrival_sequence_module_manifest.json
64,9,implementation,classic/implementation/uni/jitter/arrival_sequence.v,00015f12539cb53f4bddcc99e7f4b95324d1180f0f84d9ee3569ccdf1ab9434c,116,8,classic/util/all.v classic/model/arrival/basic/arrival_sequence.v classic/model/arrival/basic/task.v classic/model/arrival/basic/task_arrival.v classic/model/arrival/basic/job.v classic/implementation/uni/jitter/task.v classic/implementation/uni/jitter/job.v,,Prosa/Classic/Implementation/Uni/Jitter/ArrivalSequence.lean,,ACCEPTED,classic validation family (full scope); manifest Validation/planning/classic_pipeline/classic_implementation_uni_jitter_arrival_sequence_module_manifest.json
65,9,implementation,classic/implementation/uni/susp/dynamic/arrival_sequence.v,9a8cb2e1a944a225e8632b325c8583b30a95d312b281ad32163c32fb3e180dc4,110,7,classic/util/all.v classic/model/arrival/basic/arrival_sequence.v classic/model/arrival/basic/task.v classic/model/arrival/basic/task_arrival.v classic/model/arrival/basic/job.v classic/implementation/uni/susp/dynamic/task.v classic/implementation/uni/susp/dynamic/job.v,,Prosa/Classic/Implementation/Uni/Susp/Dynamic/ArrivalSequence.lean,,ACCEPTED,classic validation family (full scope); manifest Validation/planning/classic_pipeline/classic_implementation_uni_susp_dynamic_arrival_sequence_module_manifest.json
66,10,model,classic/model/arrival/jitter/arrival_bounds.v,e3c9c6174412c8815412f90e27d6ed600e1a3b204a713b99e34c6b7e193dedfe,249,10,classic/util/all.v classic/model/arrival/basic/task.v classic/model/priority.v classic/model/arrival/jitter/job.v classic/model/arrival/jitter/arrival_sequence.v classic/model/arrival/jitter/task_arrival.v,,Prosa/Classic/Model/Arrival/Jitter/ArrivalBounds.lean,,ACCEPTED,classic validation family (full scope); manifest Validation/planning/classic_pipeline/classic_model_arrival_jitter_arrival_bounds_module_manifest.json
67,10,model,classic/model/schedule/global/workload.v,e4da65ee23f4e94efc07a2d6687c383ee3bc339ed3603c5afc94397b7234aecf,96,4,classic/util/all.v classic/model/arrival/basic/job.v classic/model/arrival/basic/task.v classic/model/arrival/basic/task_arrival.v classic/model/schedule/global/schedulability.v classic/model/schedule/global/response_time.v classic/model/schedule/global/basic/schedule.v,,Prosa/Classic/Model/Schedule/Global/Workload.lean,yes,ACCEPTED,case-study translation (reused): classic validation family; manifest Validation/planning/classic_pipeline/classic_model_schedule_global_workload_module_manifest.json
68,10,model,classic/model/schedule/uni/end_time.v,2b40c889a5055a3bc35caeffb6d04b920629ef4db36ba1f91bc1e02e448c467d,308,21,classic/util/all.v classic/model/arrival/basic/task.v classic/model/arrival/basic/job.v classic/model/schedule/uni/schedule.v classic/model/schedule/uni/response_time.v,,Prosa/Classic/Model/Schedule/Uni/EndTime.lean,,ACCEPTED,classic validation family (full scope); manifest Validation/planning/classic_pipeline/classic_model_schedule_uni_end_time_module_manifest.json
69,10,model,classic/model/schedule/uni/jitter/platform.v,d3204f3f3e434163d2c0cc9b241009d89e104f4677f54072f824c62b7f1fde63,98,4,classic/util/all.v classic/model/arrival/basic/task.v classic/model/arrival/basic/job.v classic/model/priority.v classic/model/arrival/basic/task_arrival.v classic/model/schedule/uni/jitter/schedule.v,,Prosa/Classic/Model/Schedule/Uni/Jitter/Platform.lean,,ACCEPTED,classic validation family (full scope); manifest Validation/planning/classic_pipeline/classic_model_schedule_uni_jitter_platform_module_manifest.json
70,10,model,classic/model/schedule/uni/nonpreemptive/platform.v,aaa12bfeea0c2e0eb070f76d4271632ebe6afd9e6b1b5aa0c744eb5f35515ce4,120,6,classic/util/all.v classic/model/arrival/basic/task.v classic/model/arrival/basic/job.v classic/model/priority.v classic/model/arrival/basic/task_arrival.v classic/model/schedule/uni/schedule.v classic/model/schedule/uni/basic/platform.v classic/model/schedule/uni/nonpreemptive/schedule.v,,Prosa/Classic/Model/Schedule/Uni/Nonpreemptive/Platform.lean,,ACCEPTED,classic validation family (full scope); manifest Validation/planning/classic_pipeline/classic_model_schedule_uni_nonpreemptive_platform_module_manifest.json
71,10,model,classic/model/schedule/uni/schedulability.v,71263ecf86589b795f4fad824696556b307deb935f93641a2c2b62eefb6675f1,122,4,classic/util/all.v classic/model/arrival/basic/task.v classic/model/arrival/basic/job.v classic/model/arrival/basic/arrival_sequence.v classic/model/schedule/uni/schedule.v classic/model/schedule/uni/response_time.v,,Prosa/Classic/Model/Schedule/Uni/Schedulability.lean,,ACCEPTED,classic validation family (full scope); manifest Validation/planning/classic_pipeline/classic_model_schedule_uni_schedulability_module_manifest.json
72,10,model,classic/model/schedule/uni/service.v,776b36d4c99dc1b3cf23488725a9128d7e95676f4d09d9ff80be192999ad0a5d,585,18,classic/util/all.v classic/model/time.v classic/model/arrival/basic/task.v classic/model/arrival/basic/job.v classic/model/arrival/basic/arrival_sequence.v classic/model/priority.v classic/model/schedule/uni/schedule.v classic/model/schedule/uni/workload.v,util/sum.v util/unit_growth.v,Prosa/Classic/Model/Schedule/Uni/Service.lean,,ACCEPTED,classic validation family (full scope); manifest Validation/planning/classic_pipeline/classic_model_schedule_uni_service_module_manifest.json
73,10,model,classic/model/schedule/uni/susp/suspension_intervals.v,1f3e39f4a8f2bce46e94df9f8785ac66d85ed83dafbe7bef7044b7224818012e,521,12,classic/util/all.v classic/model/suspension.v classic/model/arrival/basic/job.v classic/model/arrival/basic/arrival_sequence.v classic/model/schedule/uni/schedule.v classic/model/schedule/uni/susp/last_execution.v,,Prosa/Classic/Model/Schedule/Uni/Susp/SuspensionIntervals.lean,,ACCEPTED,classic validation family (full scope); manifest Validation/planning/classic_pipeline/classic_model_schedule_uni_susp_suspension_intervals_module_manifest.json
74,10,analysis,classic/analysis/uni/basic/workload_bound_fp.v,8cbe534c95d30a7b2e3eb11763d59b910ffc9488fee3aed13be59ed3003f08dd,246,6,classic/util/all.v classic/model/arrival/basic/task.v classic/model/arrival/basic/job.v classic/model/priority.v classic/model/arrival/basic/task_arrival.v classic/model/arrival/basic/arrival_bounds.v classic/model/schedule/uni/schedule.v classic/model/schedule/uni/workload.v,,Prosa/Classic/Analysis/Uni/Basic/WorkloadBoundFp.lean,,ACCEPTED,classic validation family (full scope); manifest Validation/planning/classic_pipeline/classic_analysis_uni_basic_workload_bound_fp_module_manifest.json
75,10,analysis,classic/analysis/uni/susp/dynamic/jitter/jitter_schedule.v,2ca63a616a30d2815b9295c3e4aad55026cd8b8cc468cc8ea5c7c2ac6b605f6d,161,6,classic/util/all.v classic/model/priority.v classic/model/suspension.v classic/model/arrival/basic/arrival_sequence.v classic/model/schedule/uni/jitter/schedule.v classic/model/schedule/uni/transformation/construction.v,,Prosa/Classic/Analysis/Uni/Susp/Dynamic/Jitter/JitterSchedule.lean,,ACCEPTED,classic validation family (full scope); manifest Validation/planning/classic_pipeline/classic_analysis_uni_susp_dynamic_jitter_jitter_schedule_module_manifest.json
76,10,implementation,classic/implementation/apa/task.v,4c49c5abb6482fb9e3050b2724d83b7778de6b2020be97d047803bfa99d4111d,73,11,classic/util/all.v classic/model/time.v classic/model/arrival/basic/task.v classic/model/schedule/apa/affinity.v,,Prosa/Classic/Implementation/Apa/Task.lean,,ACCEPTED,classic validation family (full scope); manifest Validation/planning/classic_pipeline/classic_implementation_apa_task_module_manifest.json
77,10,implementation,classic/implementation/uni/basic/schedule.v,c1136676a04fe281a07150a7ca3d620e093e375c355ee78d73ad6b844b327ac9,190,10,classic/util/all.v classic/model/arrival/basic/job.v classic/model/arrival/basic/arrival_sequence.v classic/model/priority.v classic/model/schedule/uni/schedule.v classic/model/schedule/uni/basic/platform.v classic/model/schedule/uni/transformation/construction.v,,Prosa/Classic/Implementation/Uni/Basic/Schedule.lean,,ACCEPTED,classic validation family (full scope); manifest Validation/planning/classic_pipeline/classic_implementation_uni_basic_schedule_module_manifest.json
78,11,model,classic/model/schedule/apa/interference.v,966dcb65ab81d4377ded376ac79496517598e5b5a1c4e86566aab7d9daeeef93,271,11,classic/util/all.v classic/model/arrival/basic/job.v classic/model/arrival/basic/task.v classic/model/priority.v classic/model/schedule/global/workload.v classic/model/schedule/global/basic/schedule.v classic/model/schedule/apa/affinity.v,,Prosa/Classic/Model/Schedule/Apa/Interference.lean,yes,ACCEPTED,case-study translation (reused): classic validation family; manifest Validation/planning/classic_pipeline/classic_model_schedule_apa_interference_module_manifest.json
79,11,model,classic/model/schedule/global/basic/interference.v,fd7dde9e3e437a793cb4f050a4c547ed75613a21475b26427a745f434f2290e9,204,9,classic/util/all.v classic/model/arrival/basic/task.v classic/model/arrival/basic/job.v classic/model/priority.v classic/model/schedule/global/workload.v classic/model/schedule/global/basic/schedule.v,,Prosa/Classic/Model/Schedule/Global/Basic/Interference.lean,yes,ACCEPTED,case-study translation (reused): classic validation family; manifest Validation/planning/classic_pipeline/classic_model_schedule_global_basic_interference_module_manifest.json
80,11,model,classic/model/schedule/partitioned/schedule.v,4bfd62b1ab3451edc1c015f25da793a7f9c6182655e10f6f7f71263ba75f0001,128,5,classic/util/all.v classic/model/time.v classic/model/arrival/basic/task.v classic/model/arrival/basic/job.v classic/model/schedule/global/schedulability.v classic/model/schedule/global/basic/schedule.v classic/model/schedule/uni/schedule.v classic/model/schedule/uni/schedulability.v,,Prosa/Classic/Model/Schedule/Partitioned/Schedule.lean,,ACCEPTED,classic validation family (full scope); manifest Validation/planning/classic_pipeline/classic_model_schedule_partitioned_schedule_module_manifest.json
81,11,model,classic/model/schedule/uni/jitter/busy_interval.v,4e5839bc850ebe335bf653496a2eba626115df0f591ba4fecbbdc64335c32143,715,15,classic/util/all.v classic/model/arrival/basic/task.v classic/model/arrival/basic/job.v classic/model/arrival/basic/arrival_sequence.v classic/model/priority.v classic/model/arrival/basic/task_arrival.v classic/model/schedule/uni/service.v classic/model/schedule/uni/workload.v classic/model/schedule/uni/jitter/schedule.v classic/model/schedule/uni/jitter/platform.v,,Prosa/Classic/Model/Schedule/Uni/Jitter/BusyInterval.lean,,ACCEPTED,classic validation family (full scope); manifest Validation/planning/classic_pipeline/classic_model_schedule_uni_jitter_busy_interval_module_manifest.json
82,11,model,classic/model/schedule/uni/jitter/valid_schedule.v,77a4ca9203764997339682449960d0c915e55676b8f48b2c570f1d9309e6ae6f,65,1,classic/util/all.v classic/model/priority.v classic/model/arrival/basic/arrival_sequence.v classic/model/schedule/uni/jitter/schedule.v classic/model/schedule/uni/jitter/platform.v,,Prosa/Classic/Model/Schedule/Uni/Jitter/ValidSchedule.lean,,ACCEPTED,classic validation family (full scope); manifest Validation/planning/classic_pipeline/classic_model_schedule_uni_jitter_valid_schedule_module_manifest.json
83,11,model,classic/model/schedule/uni/limited/platform/definitions.v,f08b46e991859049d58e2b1978d339c503181fcc6a0550dad0311bacebcc8ff5,238,14,classic/util/all.v classic/model/arrival/basic/job.v classic/model/arrival/basic/task.v classic/model/priority.v classic/model/arrival/basic/task_arrival.v classic/model/schedule/uni/schedule.v classic/model/schedule/uni/service.v classic/model/schedule/uni/basic/platform.v classic/model/schedule/uni/nonpreemptive/schedule.v,,Prosa/Classic/Model/Schedule/Uni/Limited/Platform/Definitions.lean,,ACCEPTED,classic validation family (full scope); manifest Validation/planning/classic_pipeline/classic_model_schedule_uni_limited_platform_definitions_module_manifest.json
84,11,model,classic/model/schedule/uni/limited/schedule.v,6473d1216a0f6cdabc6f890d4426ba5203b134045e95156efcce05911fc2c5b8,168,9,classic/util/all.v classic/model/arrival/basic/job.v classic/model/schedule/uni/service.v classic/model/schedule/uni/schedule.v classic/model/schedule/uni/nonpreemptive/schedule.v,,Prosa/Classic/Model/Schedule/Uni/Limited/Schedule.lean,,ACCEPTED,classic validation family (full scope); manifest Validation/planning/classic_pipeline/classic_model_schedule_uni_limited_schedule_module_manifest.json
85,11,model,classic/model/schedule/uni/susp/schedule.v,b6af3bb835c381bb0fd926be24844be93687c2131201001eeec3a23cc2fa3f7f,47,1,classic/util/all.v classic/model/arrival/basic/arrival_sequence.v classic/model/suspension.v classic/model/priority.v classic/model/schedule/uni/schedule.v classic/model/schedule/uni/susp/suspension_intervals.v,,Prosa/Classic/Model/Schedule/Uni/Susp/Schedule.lean,,ACCEPTED,classic validation family (full scope); manifest Validation/planning/classic_pipeline/classic_model_schedule_uni_susp_schedule_module_manifest.json
86,11,model,classic/model/schedule/uni/sustainability.v,acb9bf207c8ffcec83ff69755937dce06ab945a12d7d36eeef7cb13bf703b8b8,358,38,classic/util/all.v classic/model/arrival/basic/arrival_sequence.v classic/model/schedule/uni/schedule.v classic/model/schedule/uni/schedulability.v,,Prosa/Classic/Model/Schedule/Uni/Sustainability.lean,,ACCEPTED,classic validation family (full scope); manifest Validation/planning/classic_pipeline/classic_model_schedule_uni_sustainability_module_manifest.json
87,11,analysis,classic/analysis/apa/workload_bound.v,497d12111cda2132dad6cb1c7ee2935bb07a15504d7074832d54bbf90d33329a,743,21,classic/util/all.v classic/model/arrival/basic/task.v classic/model/arrival/basic/job.v classic/model/arrival/basic/task_arrival.v classic/model/schedule/global/response_time.v classic/model/schedule/global/schedulability.v classic/model/schedule/global/workload.v classic/model/schedule/global/basic/schedule.v,,Prosa/Classic/Analysis/Apa/WorkloadBound.lean,yes,ACCEPTED,case-study translation (reused): classic validation family; manifest Validation/planning/classic_pipeline/classic_analysis_apa_workload_bound_module_manifest.json
88,11,analysis,classic/analysis/global/basic/workload_bound.v,2dac207ab4344b0840108fd9b23a21172d7d63dda1d1bc7b908d029951858022,742,21,classic/util/all.v classic/model/arrival/basic/task.v classic/model/arrival/basic/job.v classic/model/arrival/basic/task_arrival.v classic/model/schedule/global/workload.v classic/model/schedule/global/response_time.v classic/model/schedule/global/schedulability.v classic/model/schedule/global/basic/schedule.v,,Prosa/Classic/Analysis/Global/Basic/WorkloadBound.lean,yes,ACCEPTED,case-study translation (reused): classic validation family; manifest Validation/planning/classic_pipeline/classic_analysis_global_basic_workload_bound_module_manifest.json
89,11,analysis,classic/analysis/global/jitter/workload_bound.v,544d9e19a0b781da1df1c5376913e539608249f04d22b4b328205d068a33fe86,771,21,classic/util/all.v classic/model/arrival/basic/task.v classic/model/arrival/basic/task_arrival.v classic/model/schedule/global/workload.v classic/model/schedule/global/response_time.v classic/model/schedule/global/schedulability.v classic/model/schedule/global/jitter/job.v classic/model/schedule/global/jitter/schedule.v,,Prosa/Classic/Analysis/Global/Jitter/WorkloadBound.lean,,ACCEPTED,classic validation family (full scope); manifest Validation/planning/classic_pipeline/classic_analysis_global_jitter_workload_bound_module_manifest.json
90,11,analysis,classic/analysis/global/parallel/workload_bound.v,8595058dd4dc8df5a4c8cd782dc9ed533801a3b98ede296d2123cede0d4fd75d,528,18,classic/util/all.v classic/model/arrival/basic/task.v classic/model/arrival/basic/job.v classic/model/arrival/basic/task_arrival.v classic/model/schedule/global/response_time.v classic/model/schedule/global/workload.v classic/model/schedule/global/schedulability.v classic/model/schedule/global/basic/schedule.v,,Prosa/Classic/Analysis/Global/Parallel/WorkloadBound.lean,,ACCEPTED,classic validation family (full scope); manifest Validation/planning/classic_pipeline/classic_analysis_global_parallel_workload_bound_module_manifest.json
91,11,analysis,classic/analysis/uni/arrival_curves/workload_bound.v,25357959b336067919a67f4acb6e89b341d74373bdf77138f11301082d952eda,357,8,classic/util/all.v classic/model/arrival/basic/job.v classic/model/arrival/basic/task_arrival.v classic/model/priority.v classic/model/schedule/uni/service.v classic/model/schedule/uni/workload.v classic/model/schedule/uni/schedule.v classic/model/arrival/curves/bounds.v,,Prosa/Classic/Analysis/Uni/ArrivalCurves/WorkloadBound.lean,,ACCEPTED,classic validation family (full scope); manifest Validation/planning/classic_pipeline/classic_analysis_uni_arrival_curves_workload_bound_module_manifest.json
92,11,analysis,classic/analysis/uni/basic/tdma_wcrt_analysis.v,64861e2331fbdbb7ba1249d0da8532925acabf93c1ed0c4978c16287509725b3,837,30,classic/util/all.v classic/model/arrival/basic/job.v classic/model/arrival/basic/task_arrival.v classic/model/schedule/uni/schedulability.v classic/model/schedule/uni/schedule_of_task.v classic/model/schedule/uni/response_time.v classic/model/schedule/uni/basic/platform_tdma.v classic/model/schedule/uni/end_time.v,,Prosa/Classic/Analysis/Uni/Basic/TdmaWcrtAnalysis.lean,,ACCEPTED,classic validation family (full scope); manifest Validation/planning/classic_pipeline/classic_analysis_uni_basic_tdma_wcrt_analysis_module_manifest.json
93,11,analysis,classic/analysis/uni/jitter/workload_bound_fp.v,90938258af86c49b295c427e67ff2c96e8bf96e1b2544e2602e4f68d494a03a7,266,6,classic/util/all.v classic/model/arrival/basic/task.v classic/model/priority.v classic/model/arrival/jitter/job.v classic/model/arrival/jitter/task_arrival.v classic/model/arrival/jitter/arrival_bounds.v classic/model/schedule/uni/workload.v classic/model/schedule/uni/jitter/schedule.v,,Prosa/Classic/Analysis/Uni/Jitter/WorkloadBoundFp.lean,,ACCEPTED,classic validation family (full scope); manifest Validation/planning/classic_pipeline/classic_analysis_uni_jitter_workload_bound_fp_module_manifest.json
94,11,analysis,classic/analysis/uni/susp/dynamic/jitter/jitter_taskset_generation.v,51502961b3e24617bf696d96d2fde38cacf9425b6e8cf870c93496ad2573ab32,60,2,classic/util/all.v classic/model/priority.v classic/model/suspension.v classic/model/arrival/basic/arrival_sequence.v classic/model/schedule/uni/jitter/schedule.v classic/analysis/uni/susp/dynamic/jitter/jitter_schedule.v,,Prosa/Classic/Analysis/Uni/Susp/Dynamic/Jitter/JitterTasksetGeneration.lean,,ACCEPTED,classic validation family (full scope); manifest Validation/planning/classic_pipeline/classic_analysis_uni_susp_dynamic_jitter_jitter_taskset_generation_module_manifest.json
95,11,implementation,classic/implementation/apa/job.v,ee70290bbde7cfd494f29cbc58a6805539fc2c74a9f8bc29d92a29ccde728fae,63,10,classic/model/time.v classic/util/all.v classic/implementation/apa/task.v,,Prosa/Classic/Implementation/Apa/Job.lean,,ACCEPTED,classic validation family (full scope); manifest Validation/planning/classic_pipeline/classic_implementation_apa_job_module_manifest.json
96,11,implementation,classic/implementation/uni/jitter/schedule.v,eb324b662344058744aa85a876dad51195763a49f8fd1df1b2b4d537b2f82d4f,194,10,classic/util/all.v classic/model/arrival/basic/job.v classic/model/arrival/basic/arrival_sequence.v classic/model/priority.v classic/model/schedule/uni/jitter/schedule.v classic/model/schedule/uni/jitter/platform.v classic/model/schedule/uni/transformation/construction.v,,Prosa/Classic/Implementation/Uni/Jitter/Schedule.lean,,ACCEPTED,classic validation family (full scope); manifest Validation/planning/classic_pipeline/classic_implementation_uni_jitter_schedule_module_manifest.json
97,12,model,classic/model/schedule/apa/platform.v,ec1e254566a597b0f94dbe1ac563ecaa30198a0d29c17cf6878ac52bf399f7a9,115,5,classic/util/all.v classic/model/arrival/basic/job.v classic/model/arrival/basic/task.v classic/model/priority.v classic/model/arrival/basic/task_arrival.v classic/model/schedule/global/basic/schedule.v classic/model/schedule/apa/interference.v classic/model/schedule/apa/affinity.v,,Prosa/Classic/Model/Schedule/Apa/Platform.lean,yes,ACCEPTED,case-study translation (reused): classic validation family; manifest Validation/planning/classic_pipeline/classic_model_schedule_apa_platform_module_manifest.json
98,12,model,classic/model/schedule/global/basic/platform.v,0c99a19bbf63ef799c6540c7f6cff897637404243fefbf24620f91ac7d9745d9,188,6,classic/util/all.v classic/model/arrival/basic/task.v classic/model/arrival/basic/job.v classic/model/priority.v classic/model/arrival/basic/task_arrival.v classic/model/schedule/global/basic/schedule.v classic/model/schedule/global/basic/interference.v,,Prosa/Classic/Model/Schedule/Global/Basic/Platform.lean,yes,ACCEPTED,case-study translation (reused): classic validation family; manifest Validation/planning/classic_pipeline/classic_model_schedule_global_basic_platform_module_manifest.json
99,12,model,classic/model/schedule/global/jitter/interference.v,d1bcd554e7c6bd2378f13dba5eff6fce987c94d76e91270e697cbf6ec4b88641,213,9,classic/util/all.v classic/model/arrival/basic/task.v classic/model/priority.v classic/model/schedule/global/workload.v classic/model/schedule/global/jitter/job.v classic/model/schedule/global/jitter/schedule.v classic/model/schedule/global/basic/interference.v,,Prosa/Classic/Model/Schedule/Global/Jitter/Interference.lean,,ACCEPTED,classic validation family (full scope); manifest Validation/planning/classic_pipeline/classic_model_schedule_global_jitter_interference_module_manifest.json
100,12,model,classic/model/schedule/partitioned/schedulability.v,444a358c205d94db2ec313e00767ba7e1568e1307ddae024dfe44b8c8979e43a,131,2,classic/util/all.v classic/model/arrival/basic/arrival_sequence.v classic/model/arrival/basic/task.v classic/model/arrival/basic/job.v classic/model/schedule/global/schedulability.v classic/model/schedule/global/basic/schedule.v classic/model/schedule/partitioned/schedule.v classic/model/schedule/uni/schedule.v,,Prosa/Classic/Model/Schedule/Partitioned/Schedulability.lean,,ACCEPTED,classic validation family (full scope); manifest Validation/planning/classic_pipeline/classic_model_schedule_partitioned_schedulability_module_manifest.json
101,12,model,classic/model/schedule/uni/limited/abstract_RTA/sufficient_condition_for_lock_in_service.v,db1edc8e8242d6d103f263d350c150f75c3fe7e423b3acf589a4c45057de7ef7,262,4,classic/util/all.v classic/model/arrival/basic/job.v classic/model/schedule/uni/service.v classic/model/schedule/uni/schedule.v classic/model/schedule/uni/limited/schedule.v classic/model/schedule/uni/limited/abstract_RTA/definitions.v,,Prosa/Classic/Model/Schedule/Uni/Limited/AbstractRTA/SufficientConditionForLockInService.lean,,ACCEPTED,classic validation family (full scope); manifest Validation/planning/classic_pipeline/classic_model_schedule_uni_limited_abstract_rta_sufficient_condition_for_lock_in_service_module_manifest.json
102,12,model,classic/model/schedule/uni/limited/busy_interval.v,7fdb795c2f7c36f72595be3cda7ccd6389c5fa30bf6fb95e3bd1c89bf8326750,1279,33,classic/util/all.v classic/model/arrival/basic/task.v classic/model/arrival/basic/job.v classic/model/arrival/basic/arrival_sequence.v classic/model/priority.v classic/model/arrival/basic/task_arrival.v classic/model/schedule/uni/service.v classic/model/schedule/uni/workload.v classic/model/schedule/uni/schedule.v classic/model/schedule/uni/limited/platform/definitions.v,,Prosa/Classic/Model/Schedule/Uni/Limited/BusyInterval.lean,,ACCEPTED,classic validation family (full scope); manifest Validation/planning/classic_pipeline/classic_model_schedule_uni_limited_busy_interval_module_manifest.json
103,12,model,classic/model/schedule/uni/limited/platform/limited.v,fbb90e620b30003a19d572c51aae2d5209de31e7b53d24e87117908a53afe4e5,414,29,classic/util/all.v classic/model/arrival/basic/job.v classic/model/arrival/basic/task.v classic/model/schedule/uni/schedule.v classic/model/schedule/uni/limited/platform/definitions.v,util/nondecreasing.v,Prosa/Classic/Model/Schedule/Uni/Limited/Platform/Limited.lean,,ACCEPTED,classic validation family (full scope); manifest Validation/planning/classic_pipeline/classic_model_schedule_uni_limited_platform_limited_module_manifest.json
104,12,model,classic/model/schedule/uni/limited/platform/nonpreemptive.v,80e77e22b66cf7ebc3ffea7b86038b605127ddbe2e595b03f49709f1023eb097,156,3,classic/util/all.v classic/model/arrival/basic/job.v classic/model/arrival/basic/task.v classic/model/priority.v classic/model/arrival/basic/task_arrival.v classic/model/schedule/uni/schedule.v classic/model/schedule/uni/service.v classic/model/schedule/uni/basic/platform.v classic/model/schedule/uni/nonpreemptive/schedule.v classic/model/schedule/uni/limited/platform/definitions.v,,Prosa/Classic/Model/Schedule/Uni/Limited/Platform/Nonpreemptive.lean,,ACCEPTED,classic validation family (full scope); manifest Validation/planning/classic_pipeline/classic_model_schedule_uni_limited_platform_nonpreemptive_module_manifest.json
105,12,model,classic/model/schedule/uni/limited/platform/preemptive.v,6f5d4382c1adbb56df933473bb8d1d0c2b8834873177b6d90ed54958a0e40f3a,69,3,classic/util/all.v classic/model/arrival/basic/job.v classic/model/arrival/basic/task.v classic/model/priority.v classic/model/arrival/basic/task_arrival.v classic/model/schedule/uni/schedule.v classic/model/schedule/uni/service.v classic/model/schedule/uni/basic/platform.v classic/model/schedule/uni/limited/platform/definitions.v,,Prosa/Classic/Model/Schedule/Uni/Limited/Platform/Preemptive.lean,,ACCEPTED,classic validation family (full scope); manifest Validation/planning/classic_pipeline/classic_model_schedule_uni_limited_platform_preemptive_module_manifest.json
106,12,model,classic/model/schedule/uni/limited/rbf.v,82cab6eca327b0a8557d24da7688d609993313bbe54c7bfc70acb6692f048b7b,104,3,classic/util/all.v classic/model/time.v classic/model/arrival/basic/job.v classic/model/arrival/basic/task_arrival.v classic/model/priority.v classic/model/arrival/basic/arrival_sequence.v classic/model/schedule/uni/schedule.v classic/model/arrival/curves/bounds.v classic/analysis/uni/arrival_curves/workload_bound.v,,Prosa/Classic/Model/Schedule/Uni/Limited/Rbf.lean,,ACCEPTED,classic validation family (full scope); manifest Validation/planning/classic_pipeline/classic_model_schedule_uni_limited_rbf_module_manifest.json
107,12,model,classic/model/schedule/uni/susp/build_suspension_table.v,fb6f950ddb93b83be5d2e90f3838fbd587f199957e3c9b06da8adcec59605de2,263,4,classic/util/all.v classic/model/suspension.v classic/model/schedule/uni/susp/schedule.v,,Prosa/Classic/Model/Schedule/Uni/Susp/BuildSuspensionTable.lean,,ACCEPTED,classic validation family (full scope); manifest Validation/planning/classic_pipeline/classic_model_schedule_uni_susp_build_suspension_table_module_manifest.json
108,12,model,classic/model/schedule/uni/susp/platform.v,7608037e2e9ff106666ede23d03fec34a0c6005a40bced2f6397c0a14ef77437,104,4,classic/util/all.v classic/model/arrival/basic/arrival_sequence.v classic/model/suspension.v classic/model/priority.v classic/model/schedule/uni/susp/schedule.v,,Prosa/Classic/Model/Schedule/Uni/Susp/Platform.lean,,ACCEPTED,classic validation family (full scope); manifest Validation/planning/classic_pipeline/classic_model_schedule_uni_susp_platform_module_manifest.json
109,12,analysis,classic/analysis/apa/interference_bound.v,81571d1c6ceae2cd4e870d893758b569f39a08877561ecbfb5882780c7494347,44,1,classic/util/all.v classic/model/schedule/global/basic/schedule.v classic/analysis/apa/workload_bound.v,,Prosa/Classic/Analysis/Apa/InterferenceBound.lean,yes,ACCEPTED,case-study translation (reused): classic validation family; manifest Validation/planning/classic_pipeline/classic_analysis_apa_interference_bound_module_manifest.json
110,12,analysis,classic/analysis/global/basic/interference_bound.v,5fc1a41a8fb23ad6a85c7f0f00057a37d13618942cf8fc42cdc19022875d91f0,42,1,classic/util/all.v classic/model/schedule/global/basic/schedule.v classic/analysis/global/basic/workload_bound.v,,Prosa/Classic/Analysis/Global/Basic/InterferenceBound.lean,yes,ACCEPTED,case-study translation (reused): classic validation family; manifest Validation/planning/classic_pipeline/classic_analysis_global_basic_interference_bound_module_manifest.json
111,12,analysis,classic/analysis/global/parallel/interference_bound.v,5d90c2f900f902df0bdf1d9e8f2544a4bd6dbe5f1326b6f257566724aace880e,42,1,classic/util/all.v classic/model/schedule/global/basic/schedule.v classic/analysis/global/parallel/workload_bound.v,,Prosa/Classic/Analysis/Global/Parallel/InterferenceBound.lean,,ACCEPTED,classic validation family (full scope); manifest Validation/planning/classic_pipeline/classic_analysis_global_parallel_interference_bound_module_manifest.json
112,12,analysis,classic/analysis/uni/basic/tdma_rta_theory.v,6ae1deff4a304ef03c0913bd9a4951b9be853e4f801dd93802750be7a65bea18,246,6,classic/util/all.v classic/model/arrival/basic/job.v classic/model/arrival/basic/task_arrival.v classic/model/schedule/uni/schedulability.v classic/model/schedule/uni/schedule_of_task.v classic/model/schedule/uni/response_time.v classic/analysis/uni/basic/tdma_wcrt_analysis.v classic/model/schedule/uni/basic/platform_tdma.v classic/model/schedule/uni/end_time.v,,Prosa/Classic/Analysis/Uni/Basic/TdmaRtaTheory.lean,,ACCEPTED,classic validation family (full scope); manifest Validation/planning/classic_pipeline/classic_analysis_uni_basic_tdma_rta_theory_module_manifest.json
113,12,analysis,classic/analysis/uni/jitter/fp_rta_theory.v,8bcf4b9720c45dce030b1632e0a64fd6721242110a8fcf91c00a5f8f2feef6ad,133,1,classic/util/all.v classic/model/priority.v classic/model/arrival/basic/task.v classic/model/arrival/jitter/job.v classic/model/arrival/jitter/task_arrival.v classic/model/arrival/jitter/arrival_sequence.v classic/model/arrival/jitter/arrival_bounds.v classic/model/schedule/uni/schedule_of_task.v classic/model/schedule/uni/service.v classic/model/schedule/uni/schedulability.v classic/model/schedule/uni/response_time.v classic/model/schedule/uni/jitter/schedule.v classic/model/schedule/uni/jitter/busy_interval.v classic/model/schedule/uni/jitter/platform.v classic/analysis/uni/jitter/workload_bound_fp.v,,Prosa/Classic/Analysis/Uni/Jitter/FpRtaTheory.lean,,ACCEPTED,classic validation family (full scope); manifest Validation/planning/classic_pipeline/classic_analysis_uni_jitter_fp_rta_theory_module_manifest.json
114,12,analysis,classic/analysis/uni/susp/sustainability/singlecost/reduction.v,ddc45b6bed0bd0201124491c1eb8da0f53d5df57d17f06a08a8735bb2614df69,101,4,classic/util/all.v classic/model/priority.v classic/model/suspension.v classic/model/schedule/uni/susp/schedule.v classic/model/schedule/uni/transformation/construction.v,,Prosa/Classic/Analysis/Uni/Susp/Sustainability/Singlecost/Reduction.lean,,ACCEPTED,classic validation family (full scope); manifest Validation/planning/classic_pipeline/classic_analysis_uni_susp_sustainability_singlecost_reduction_module_manifest.json
115,12,implementation,classic/implementation/apa/arrival_sequence.v,aea036c6b7a96b64a5f62f0dbfcdcfad97f9c12089479ce084e3e3eac2bca3fb,112,7,classic/util/all.v classic/model/arrival/basic/arrival_sequence.v classic/model/arrival/basic/job.v classic/model/arrival/basic/task.v classic/model/arrival/basic/task_arrival.v classic/implementation/apa/task.v classic/implementation/apa/job.v,,Prosa/Classic/Implementation/Apa/ArrivalSequence.lean,,ACCEPTED,classic validation family (full scope); manifest Validation/planning/classic_pipeline/classic_implementation_apa_arrival_sequence_module_manifest.json
116,12,implementation,classic/implementation/uni/basic/extraction_tdma.v,9634a1bbc6a1ee649bcca251214d877f0ddf741aca582c871e15dd2d68548cc5,92,13,classic/analysis/uni/basic/tdma_wcrt_analysis.v,,Prosa/Classic/Implementation/Uni/Basic/ExtractionTdma.lean,,ACCEPTED,classic validation family (full scope); manifest Validation/planning/classic_pipeline/classic_implementation_uni_basic_extraction_tdma_module_manifest.json
117,13,model,classic/model/schedule/apa/constrained_deadlines.v,1b05e97239bacbe3c37a657d84a4367d0e39b4e3c88c4e1fecb222354ba3b37f,287,4,classic/util/all.v classic/model/arrival/basic/job.v classic/model/arrival/basic/task.v classic/model/priority.v classic/model/arrival/basic/task_arrival.v classic/model/schedule/global/basic/schedule.v classic/model/schedule/apa/interference.v classic/model/schedule/apa/affinity.v classic/model/schedule/apa/platform.v,,Prosa/Classic/Model/Schedule/Apa/ConstrainedDeadlines.lean,yes,ACCEPTED,case-study translation (reused): classic validation family; manifest Validation/planning/classic_pipeline/classic_model_schedule_apa_constrained_deadlines_module_manifest.json
118,13,model,classic/model/schedule/apa/interference_edf.v,90609672af63700f2fc51a847a66519443beac6edcadfdc9f9bab65249dcfb87,78,1,classic/util/all.v classic/model/arrival/basic/task.v classic/model/arrival/basic/job.v classic/model/priority.v classic/model/arrival/basic/task_arrival.v classic/model/schedule/global/basic/schedule.v classic/model/schedule/apa/affinity.v classic/model/schedule/apa/interference.v classic/model/schedule/apa/platform.v,,Prosa/Classic/Model/Schedule/Apa/InterferenceEdf.lean,,ACCEPTED,classic validation family (full scope); manifest Validation/planning/classic_pipeline/classic_model_schedule_apa_interference_edf_module_manifest.json
119,13,model,classic/model/schedule/global/basic/constrained_deadlines.v,39e1e4ecba165e08307a7a62ef765812d15e6a7a7881e6051022d9ba16576f3f,442,6,classic/util/all.v classic/model/arrival/basic/task.v classic/model/arrival/basic/job.v classic/model/priority.v classic/model/arrival/basic/task_arrival.v classic/model/schedule/global/basic/schedule.v classic/model/schedule/global/basic/interference.v classic/model/schedule/global/basic/platform.v,,Prosa/Classic/Model/Schedule/Global/Basic/ConstrainedDeadlines.lean,yes,ACCEPTED,case-study translation (reused): classic validation family; manifest Validation/planning/classic_pipeline/classic_model_schedule_global_basic_constrained_deadlines_module_manifest.json
120,13,model,classic/model/schedule/global/basic/interference_edf.v,f79473b69ddc340fc3643ef30026a064914f9507696ccef438c2f7913a1dc8eb,71,1,classic/util/all.v classic/model/arrival/basic/task.v classic/model/arrival/basic/job.v classic/model/priority.v classic/model/arrival/basic/task_arrival.v classic/model/schedule/global/basic/schedule.v classic/model/schedule/global/basic/interference.v classic/model/schedule/global/basic/platform.v,,Prosa/Classic/Model/Schedule/Global/Basic/InterferenceEdf.lean,yes,ACCEPTED,case-study translation (reused): classic validation family; manifest Validation/planning/classic_pipeline/classic_model_schedule_global_basic_interference_edf_module_manifest.json
121,13,model,classic/model/schedule/global/jitter/platform.v,893305ae433bc9a4cfb793aeb9b6b780ec1c6603c4fd016437d7fc4f3980146f,195,6,classic/util/all.v classic/model/arrival/basic/task.v classic/model/priority.v classic/model/arrival/basic/task_arrival.v classic/model/schedule/global/jitter/job.v classic/model/schedule/global/jitter/schedule.v classic/model/schedule/global/jitter/interference.v,,Prosa/Classic/Model/Schedule/Global/Jitter/Platform.lean,,ACCEPTED,classic validation family (full scope); manifest Validation/planning/classic_pipeline/classic_model_schedule_global_jitter_platform_module_manifest.json
122,13,model,classic/model/schedule/uni/limited/abstract_RTA/abstract_rta.v,04a53abce9fd73f1dce496c1cb023fa29f281662c6a6a280fb7b3136b5726596,457,8,classic/util/all.v classic/model/arrival/basic/job.v classic/model/schedule/uni/service.v classic/model/schedule/uni/schedule.v classic/model/schedule/uni/response_time.v classic/model/schedule/uni/limited/schedule.v classic/model/schedule/uni/limited/abstract_RTA/definitions.v classic/model/schedule/uni/limited/abstract_RTA/sufficient_condition_for_lock_in_service.v classic/model/schedule/uni/limited/abstract_RTA/reduction_of_search_space.v,,Prosa/Classic/Model/Schedule/Uni/Limited/AbstractRTA/AbstractRta.lean,,ACCEPTED,classic validation family (full scope); manifest Validation/planning/classic_pipeline/classic_model_schedule_uni_limited_abstract_rta_abstract_rta_module_manifest.json
123,13,model,classic/model/schedule/uni/limited/platform/priority_inversion_is_bounded.v,6bbe66bb1bb91fb98778bcf92b4e70a0faa440de39554a683a96a432960274bf,592,9,classic/util/all.v classic/model/arrival/basic/job.v classic/model/arrival/basic/task_arrival.v classic/model/priority.v classic/model/schedule/uni/service.v classic/model/schedule/uni/schedule.v classic/model/schedule/uni/limited/platform/definitions.v classic/model/schedule/uni/limited/busy_interval.v,,Prosa/Classic/Model/Schedule/Uni/Limited/Platform/PriorityInversionIsBounded.lean,,ACCEPTED,classic validation family (full scope); manifest Validation/planning/classic_pipeline/classic_model_schedule_uni_limited_platform_priority_inversion_is_bounded_module_manifest.json
124,13,model,classic/model/schedule/uni/susp/valid_schedule.v,5dbdae7fea2490e32df79908534cb943f55faa2b8ca04dbf147558310854ee42,74,1,classic/util/all.v classic/model/priority.v classic/model/suspension.v classic/model/arrival/basic/arrival_sequence.v classic/model/schedule/uni/susp/schedule.v classic/model/schedule/uni/susp/platform.v,,Prosa/Classic/Model/Schedule/Uni/Susp/ValidSchedule.lean,,ACCEPTED,classic validation family (full scope); manifest Validation/planning/classic_pipeline/classic_model_schedule_uni_susp_valid_schedule_module_manifest.json
125,13,analysis,classic/analysis/apa/interference_bound_fp.v,a248399faf33c7859d8950a04ff4f72304338a07b109c6e19c0ec1b7b4f64f84,55,1,classic/util/all.v classic/model/priority.v classic/model/schedule/global/workload.v classic/model/schedule/global/basic/schedule.v classic/model/schedule/apa/interference.v classic/model/schedule/apa/affinity.v classic/analysis/apa/workload_bound.v classic/analysis/apa/interference_bound.v,,Prosa/Classic/Analysis/Apa/InterferenceBoundFp.lean,yes,ACCEPTED,case-study translation (reused): classic validation family; manifest Validation/planning/classic_pipeline/classic_analysis_apa_interference_bound_fp_module_manifest.json
126,13,analysis,classic/analysis/global/basic/interference_bound_fp.v,5c4c6e505fd479f105a5332ea95140cd819e23e64293afcc6b86d3808b5239f0,45,1,classic/util/all.v classic/model/priority.v classic/model/schedule/global/workload.v classic/model/schedule/global/basic/schedule.v classic/model/schedule/global/basic/interference.v classic/analysis/global/basic/workload_bound.v classic/analysis/global/basic/interference_bound.v,,Prosa/Classic/Analysis/Global/Basic/InterferenceBoundFp.lean,yes,ACCEPTED,case-study translation (reused): classic validation family; manifest Validation/planning/classic_pipeline/classic_analysis_global_basic_interference_bound_fp_module_manifest.json
127,13,analysis,classic/analysis/global/jitter/interference_bound.v,fad15df970b40c1ba99736d6008149e09f4f7c2d2cad661ac0d8c4d1f5bb59ce,45,1,classic/util/all.v classic/model/arrival/basic/arrival_sequence.v classic/model/priority.v classic/model/schedule/global/jitter/schedule.v classic/model/schedule/global/jitter/interference.v classic/analysis/global/jitter/workload_bound.v,,Prosa/Classic/Analysis/Global/Jitter/InterferenceBound.lean,,ACCEPTED,classic validation family (full scope); manifest Validation/planning/classic_pipeline/classic_analysis_global_jitter_interference_bound_module_manifest.json
128,13,analysis,classic/analysis/global/parallel/interference_bound_fp.v,f49bd28a4999a13c80ecdf4a364698404dcc4a5a4f7b0010ae04e4ad649489b0,44,1,classic/util/all.v classic/model/priority.v classic/model/schedule/global/workload.v classic/model/schedule/global/basic/schedule.v classic/model/schedule/global/basic/interference.v classic/analysis/global/parallel/workload_bound.v classic/analysis/global/parallel/interference_bound.v,,Prosa/Classic/Analysis/Global/Parallel/InterferenceBoundFp.lean,,ACCEPTED,classic validation family (full scope); manifest Validation/planning/classic_pipeline/classic_analysis_global_parallel_interference_bound_fp_module_manifest.json
129,13,analysis,classic/analysis/uni/basic/fp_rta_theory.v,62ae0fdc3d857ef3f75a7d60c17b5fc8f2c64df9530fcca3bd0cd8d7595beec0,140,1,classic/util/all.v classic/model/arrival/basic/job.v classic/model/arrival/basic/task.v classic/model/priority.v classic/model/arrival/basic/task_arrival.v classic/model/arrival/basic/arrival_bounds.v classic/model/schedule/uni/schedule_of_task.v classic/model/schedule/uni/workload.v classic/model/schedule/uni/schedulability.v classic/model/schedule/uni/response_time.v classic/model/schedule/uni/service.v classic/model/schedule/uni/limited/busy_interval.v classic/model/schedule/uni/basic/platform.v classic/analysis/uni/basic/workload_bound_fp.v,,Prosa/Classic/Analysis/Uni/Basic/FpRtaTheory.lean,,ACCEPTED,classic validation family (full scope); manifest Validation/planning/classic_pipeline/classic_analysis_uni_basic_fp_rta_theory_module_manifest.json
130,13,analysis,classic/analysis/uni/jitter/fp_rta_comp.v,b25c13462af4074398bd5d586f49a5a6a35c8148d79577d32d556f6f1784a537,406,14,classic/util/all.v classic/model/priority.v classic/model/arrival/basic/task.v classic/model/arrival/jitter/job.v classic/model/arrival/jitter/arrival_sequence.v classic/model/arrival/jitter/task_arrival.v classic/model/schedule/uni/schedulability.v classic/model/schedule/uni/response_time.v classic/model/schedule/uni/jitter/schedule.v classic/model/schedule/uni/jitter/platform.v classic/analysis/uni/jitter/workload_bound_fp.v classic/analysis/uni/jitter/fp_rta_theory.v,,Prosa/Classic/Analysis/Uni/Jitter/FpRtaComp.lean,,ACCEPTED,classic validation family (full scope); manifest Validation/planning/classic_pipeline/classic_analysis_uni_jitter_fp_rta_comp_module_manifest.json
131,13,analysis,classic/analysis/uni/susp/dynamic/oblivious/reduction.v,45b748c33ce0163fc05cca6a51dd54634001ca2c51dc46dca0f3dba21126f90f,741,29,classic/util/all.v classic/model/arrival/basic/job.v classic/model/arrival/basic/task.v classic/model/arrival/basic/arrival_sequence.v classic/model/priority.v classic/model/suspension.v classic/model/schedule/uni/schedule.v classic/model/schedule/uni/schedulability.v classic/model/schedule/uni/basic/platform.v classic/model/schedule/uni/susp/suspension_intervals.v classic/model/schedule/uni/susp/schedule.v classic/model/schedule/uni/susp/platform.v classic/model/schedule/uni/transformation/construction.v classic/implementation/uni/basic/schedule.v,,Prosa/Classic/Analysis/Uni/Susp/Dynamic/Oblivious/Reduction.lean,,ACCEPTED,classic validation family (full scope); manifest Validation/planning/classic_pipeline/classic_analysis_uni_susp_dynamic_oblivious_reduction_module_manifest.json
132,13,analysis,classic/analysis/uni/susp/sustainability/allcosts/reduction.v,a8cd31b3e43eb13dc25549b647e07b037db3f22f182649b6144b314a16c57c74,164,9,classic/util/all.v classic/model/priority.v classic/model/suspension.v classic/model/schedule/uni/susp/schedule.v classic/model/schedule/uni/susp/platform.v classic/model/schedule/uni/susp/build_suspension_table.v classic/model/schedule/uni/transformation/construction.v,,Prosa/Classic/Analysis/Uni/Susp/Sustainability/Allcosts/Reduction.lean,,ACCEPTED,classic validation family (full scope); manifest Validation/planning/classic_pipeline/classic_analysis_uni_susp_sustainability_allcosts_reduction_module_manifest.json
133,13,analysis,classic/analysis/uni/susp/sustainability/singlecost/reduction_properties.v,e944ab390dddf2ab8f4404888d4eeff8747b29e060a6f915089fba1850d39701,733,18,classic/util/all.v classic/model/priority.v classic/model/suspension.v classic/model/arrival/basic/arrival_sequence.v classic/model/schedule/uni/response_time.v classic/model/schedule/uni/susp/suspension_intervals.v classic/model/schedule/uni/susp/schedule.v classic/model/schedule/uni/susp/platform.v classic/analysis/uni/susp/sustainability/singlecost/reduction.v classic/model/schedule/uni/transformation/construction.v,,Prosa/Classic/Analysis/Uni/Susp/Sustainability/Singlecost/ReductionProperties.lean,,ACCEPTED,classic validation family (full scope); manifest Validation/planning/classic_pipeline/classic_analysis_uni_susp_sustainability_singlecost_reduction_properties_module_manifest.json
134,13,implementation,classic/implementation/apa/schedule.v,b60231c75ce6a4c39974cac41d1788e0142ee86e10474dc3fa3ff139d60de1b5,664,24,classic/util/all.v classic/model/priority.v classic/model/arrival/basic/arrival_sequence.v classic/model/arrival/basic/task.v classic/model/schedule/global/basic/schedule.v classic/model/schedule/apa/affinity.v classic/model/schedule/apa/platform.v classic/model/schedule/global/transformation/construction.v,,Prosa/Classic/Implementation/Apa/Schedule.lean,,ACCEPTED,classic validation family (full scope); manifest Validation/planning/classic_pipeline/classic_implementation_apa_schedule_module_manifest.json
135,13,implementation,classic/implementation/global/basic/schedule.v,8019f99328ab808a37293846e076e37defb42f4a71ca07f0e60a3c6c9aae806e,263,14,classic/util/all.v classic/model/priority.v classic/model/arrival/basic/job.v classic/model/arrival/basic/arrival_sequence.v classic/model/schedule/global/basic/schedule.v classic/model/schedule/global/basic/platform.v classic/model/schedule/global/transformation/construction.v,,Prosa/Classic/Implementation/Global/Basic/Schedule.lean,,ACCEPTED,classic validation family (full scope); manifest Validation/planning/classic_pipeline/classic_implementation_global_basic_schedule_module_manifest.json
136,13,implementation,classic/implementation/uni/basic/schedule_tdma.v,a33e6f7ef09405470b5c2286d8c07b14e80bdcc4074a96a41a04ad1e13a74968,251,11,classic/util/all.v classic/util/find_seq.v classic/model/arrival/basic/job.v classic/model/arrival/basic/arrival_sequence.v classic/model/schedule/uni/basic/platform_tdma.v classic/model/arrival/basic/task.v classic/model/policy_tdma.v classic/model/schedule/uni/schedule.v classic/model/schedule/uni/schedulability.v classic/model/priority.v classic/analysis/uni/basic/tdma_rta_theory.v classic/model/schedule/uni/transformation/construction.v classic/implementation/job.v classic/implementation/task.v classic/implementation/arrival_sequence.v classic/implementation/uni/basic/schedule.v,,Prosa/Classic/Implementation/Uni/Basic/ScheduleTdma.lean,,ACCEPTED,classic validation family (full scope); manifest Validation/planning/classic_pipeline/classic_implementation_uni_basic_schedule_tdma_module_manifest.json
137,13,implementation,classic/implementation/uni/susp/schedule.v,4920cd62f648b7dae1435edb420c487b64a458048b4158c84f038f2b3786e60f,250,11,classic/util/all.v classic/model/arrival/basic/job.v classic/model/arrival/basic/arrival_sequence.v classic/model/priority.v classic/model/schedule/uni/schedule.v classic/model/schedule/uni/susp/platform.v classic/model/schedule/uni/transformation/construction.v,,Prosa/Classic/Implementation/Uni/Susp/Schedule.lean,,ACCEPTED,classic validation family (full scope); manifest Validation/planning/classic_pipeline/classic_implementation_uni_susp_schedule_module_manifest.json
138,14,model,classic/model/schedule/global/jitter/constrained_deadlines.v,6c170db40566e5d2434e36bb42089cd23e5d6358a5fca332cae10cf213d524e4,469,6,classic/util/all.v classic/model/arrival/basic/task.v classic/model/priority.v classic/model/arrival/basic/task_arrival.v classic/model/schedule/global/jitter/job.v classic/model/schedule/global/jitter/schedule.v classic/model/schedule/global/jitter/interference.v classic/model/schedule/global/jitter/platform.v,,Prosa/Classic/Model/Schedule/Global/Jitter/ConstrainedDeadlines.lean,,ACCEPTED,classic validation family (full scope); manifest Validation/planning/classic_pipeline/classic_model_schedule_global_jitter_constrained_deadlines_module_manifest.json
139,14,model,classic/model/schedule/global/jitter/interference_edf.v,87fec2794462e81871223d267008c78e42a996320769e8411e998acf5749c178,75,1,classic/util/all.v classic/model/arrival/basic/task.v classic/model/arrival/basic/arrival_sequence.v classic/model/priority.v classic/model/arrival/basic/task_arrival.v classic/model/schedule/global/jitter/job.v classic/model/schedule/global/jitter/schedule.v classic/model/schedule/global/jitter/interference.v classic/model/schedule/global/jitter/platform.v,,Prosa/Classic/Model/Schedule/Global/Jitter/InterferenceEdf.lean,,ACCEPTED,classic validation family (full scope); manifest Validation/planning/classic_pipeline/classic_model_schedule_global_jitter_interference_edf_module_manifest.json
140,14,model,classic/model/schedule/uni/limited/abstract_RTA/abstract_seq_rta.v,9b41bcee8cef632115f178e25462eb092b56dc33c68d9265b0d2d69b134625db,641,11,classic/util/all.v classic/model/arrival/basic/job.v classic/model/arrival/basic/task_arrival.v classic/model/schedule/uni/service.v classic/model/schedule/uni/workload.v classic/model/schedule/uni/schedule.v classic/model/schedule/uni/response_time.v classic/model/schedule/uni/schedule_of_task.v classic/model/schedule/uni/limited/rbf.v classic/model/schedule/uni/limited/schedule.v classic/model/arrival/curves/bounds.v classic/analysis/uni/arrival_curves/workload_bound.v classic/model/schedule/uni/limited/abstract_RTA/definitions.v classic/model/schedule/uni/limited/abstract_RTA/sufficient_condition_for_lock_in_service.v classic/model/schedule/uni/limited/abstract_RTA/reduction_of_search_space.v classic/model/schedule/uni/limited/abstract_RTA/abstract_rta.v,,Prosa/Classic/Model/Schedule/Uni/Limited/AbstractRTA/AbstractSeqRta.lean,,ACCEPTED,classic validation family (full scope); manifest Validation/planning/classic_pipeline/classic_model_schedule_uni_limited_abstract_rta_abstract_seq_rta_module_manifest.json
141,14,analysis,classic/analysis/apa/bertogna_fp_theory.v,bb00af339638096a6223ef7a0661f773090d6852bdaab3336b7fb5d8c432e199,1048,13,classic/util/all.v classic/model/arrival/basic/task.v classic/model/arrival/basic/job.v classic/model/priority.v classic/model/arrival/basic/task_arrival.v classic/model/schedule/global/response_time.v classic/model/schedule/global/schedulability.v classic/model/schedule/global/workload.v classic/model/schedule/global/basic/schedule.v classic/model/schedule/apa/platform.v classic/model/schedule/apa/constrained_deadlines.v classic/model/schedule/apa/interference.v classic/model/schedule/apa/affinity.v classic/analysis/apa/workload_bound.v classic/analysis/apa/interference_bound_fp.v,,Prosa/Classic/Analysis/Apa/BertognaFpTheory.lean,yes,ACCEPTED,case-study translation (reused): classic validation family; manifest Validation/planning/classic_pipeline/classic_analysis_apa_bertogna_fp_theory_module_manifest.json
142,14,analysis,classic/analysis/apa/interference_bound_edf.v,510f627aed8fb0cc303398746e90fdef9a16ff348ee8bf842fba08c5b82b8b2f,1204,41,classic/util/all.v classic/model/arrival/basic/job.v classic/model/arrival/basic/task.v classic/model/priority.v classic/model/arrival/basic/task_arrival.v classic/model/schedule/global/workload.v classic/model/schedule/global/response_time.v classic/model/schedule/global/schedulability.v classic/model/schedule/global/basic/schedule.v classic/model/schedule/apa/platform.v classic/model/schedule/apa/interference.v classic/model/schedule/apa/interference_edf.v classic/model/schedule/apa/affinity.v classic/analysis/apa/workload_bound.v classic/analysis/apa/interference_bound.v,,Prosa/Classic/Analysis/Apa/InterferenceBoundEdf.lean,,ACCEPTED,classic validation family (full scope); manifest Validation/planning/classic_pipeline/classic_analysis_apa_interference_bound_edf_module_manifest.json
143,14,analysis,classic/analysis/global/basic/bertogna_fp_theory.v,521399cd2702714377a3d5ad672acfd0d5afba34cff975845fba9cbc75972c17,787,10,classic/util/all.v classic/model/arrival/basic/task.v classic/model/arrival/basic/job.v classic/model/priority.v classic/model/arrival/basic/task_arrival.v classic/model/schedule/global/workload.v classic/model/schedule/global/schedulability.v classic/model/schedule/global/response_time.v classic/model/schedule/global/basic/schedule.v classic/model/schedule/global/basic/platform.v classic/model/schedule/global/basic/constrained_deadlines.v classic/model/schedule/global/basic/interference.v classic/analysis/global/basic/workload_bound.v classic/analysis/global/basic/interference_bound_fp.v,,Prosa/Classic/Analysis/Global/Basic/BertognaFpTheory.lean,yes,ACCEPTED,case-study translation (reused): classic validation family; manifest Validation/planning/classic_pipeline/classic_analysis_global_basic_bertogna_fp_theory_module_manifest.json
144,14,analysis,classic/analysis/global/basic/interference_bound_edf.v,baffd3b8f1ffdff6ba878f5dee757fdbd38cef123778e8c72d724921f2765cb1,1199,41,classic/util/all.v classic/model/arrival/basic/task.v classic/model/arrival/basic/job.v classic/model/arrival/basic/task_arrival.v classic/model/priority.v classic/model/schedule/global/response_time.v classic/model/schedule/global/workload.v classic/model/schedule/global/schedulability.v classic/model/schedule/global/basic/schedule.v classic/model/schedule/global/basic/platform.v classic/model/schedule/global/basic/interference.v classic/model/schedule/global/basic/interference_edf.v classic/analysis/global/basic/workload_bound.v classic/analysis/global/basic/interference_bound.v,,Prosa/Classic/Analysis/Global/Basic/InterferenceBoundEdf.lean,yes,ACCEPTED,case-study translation (reused): classic validation family; manifest Validation/planning/classic_pipeline/classic_analysis_global_basic_interference_bound_edf_module_manifest.json
145,14,analysis,classic/analysis/global/jitter/interference_bound_fp.v,a3cf4e2a742f0261562694e906ea6be35af7fa07d4db24896ada1e0bb0f39df1,45,1,classic/util/all.v classic/model/priority.v classic/model/schedule/global/workload.v classic/model/schedule/global/jitter/schedule.v classic/model/schedule/global/jitter/interference.v classic/analysis/global/jitter/workload_bound.v classic/analysis/global/jitter/interference_bound.v,,Prosa/Classic/Analysis/Global/Jitter/InterferenceBoundFp.lean,,ACCEPTED,classic validation family (full scope); manifest Validation/planning/classic_pipeline/classic_analysis_global_jitter_interference_bound_fp_module_manifest.json
146,14,analysis,classic/analysis/global/parallel/bertogna_fp_theory.v,7683628810603e17810b647a25888b0448d659da065beb7a94bab5093739bd6a,468,6,classic/util/all.v classic/model/arrival/basic/task.v classic/model/arrival/basic/job.v classic/model/arrival/basic/task_arrival.v classic/model/priority.v classic/model/schedule/global/workload.v classic/model/schedule/global/schedulability.v classic/model/schedule/global/response_time.v classic/model/schedule/global/basic/schedule.v classic/model/schedule/global/basic/platform.v classic/model/schedule/global/basic/constrained_deadlines.v classic/model/schedule/global/basic/interference.v classic/analysis/global/parallel/workload_bound.v classic/analysis/global/parallel/interference_bound_fp.v,,Prosa/Classic/Analysis/Global/Parallel/BertognaFpTheory.lean,,ACCEPTED,classic validation family (full scope); manifest Validation/planning/classic_pipeline/classic_analysis_global_parallel_bertogna_fp_theory_module_manifest.json
147,14,analysis,classic/analysis/global/parallel/interference_bound_edf.v,7579a69531695bbaf2caf79e4c0f99331e635212f475b9fd79bd88c3f8946a84,833,28,classic/util/all.v classic/model/arrival/basic/task.v classic/model/arrival/basic/job.v classic/model/priority.v classic/model/arrival/basic/task_arrival.v classic/model/schedule/global/response_time.v classic/model/schedule/global/workload.v classic/model/schedule/global/schedulability.v classic/model/schedule/global/basic/schedule.v classic/model/schedule/global/basic/platform.v classic/model/schedule/global/basic/interference.v classic/model/schedule/global/basic/interference_edf.v classic/analysis/global/parallel/workload_bound.v classic/analysis/global/parallel/interference_bound.v,,Prosa/Classic/Analysis/Global/Parallel/InterferenceBoundEdf.lean,,ACCEPTED,classic validation family (full scope); manifest Validation/planning/classic_pipeline/classic_analysis_global_parallel_interference_bound_edf_module_manifest.json
148,14,analysis,classic/analysis/uni/basic/fp_rta_comp.v,12343bfc4e37be5b97d9cf5ac19388a75698dcfa8df4913f48aa741ea6daa26d,393,13,classic/util/all.v classic/model/arrival/basic/task.v classic/model/arrival/basic/job.v classic/model/arrival/basic/arrival_sequence.v classic/model/priority.v classic/model/arrival/basic/task_arrival.v classic/model/schedule/uni/schedule.v classic/model/schedule/uni/schedulability.v classic/model/schedule/uni/response_time.v classic/model/schedule/uni/basic/platform.v classic/analysis/uni/basic/workload_bound_fp.v classic/analysis/uni/basic/fp_rta_theory.v,,Prosa/Classic/Analysis/Uni/Basic/FpRtaComp.lean,,ACCEPTED,classic validation family (full scope); manifest Validation/planning/classic_pipeline/classic_analysis_uni_basic_fp_rta_comp_module_manifest.json
149,14,analysis,classic/analysis/uni/susp/dynamic/jitter/jitter_schedule_properties.v,676e65323d5b436edf206c3e69b1a960e697832fddb63b77e570ef341c4bbb0e,457,9,classic/util/all.v classic/model/priority.v classic/model/suspension.v classic/model/arrival/basic/job.v classic/model/arrival/basic/task.v classic/model/arrival/basic/arrival_sequence.v classic/model/arrival/jitter/job.v classic/model/schedule/uni/schedulability.v classic/model/schedule/uni/service.v classic/model/schedule/uni/workload.v classic/model/schedule/uni/response_time.v classic/model/schedule/uni/jitter/schedule.v classic/model/schedule/uni/jitter/valid_schedule.v classic/model/schedule/uni/jitter/platform.v classic/model/schedule/uni/susp/suspension_intervals.v classic/model/schedule/uni/susp/schedule.v classic/model/schedule/uni/susp/valid_schedule.v classic/model/schedule/uni/susp/platform.v classic/analysis/uni/susp/dynamic/jitter/jitter_schedule.v classic/model/schedule/uni/transformation/construction.v,,Prosa/Classic/Analysis/Uni/Susp/Dynamic/Jitter/JitterScheduleProperties.lean,,ACCEPTED,classic validation family (full scope); manifest Validation/planning/classic_pipeline/classic_analysis_uni_susp_dynamic_jitter_jitter_schedule_properties_module_manifest.json
150,14,analysis,classic/analysis/uni/susp/dynamic/jitter/taskset_membership.v,3bd774104ef52367970036611847c6cf592f01a0df68af2834471b46437d6c6a,349,8,classic/util/all.v classic/model/priority.v classic/model/suspension.v classic/model/arrival/basic/task.v classic/model/arrival/basic/job.v classic/model/arrival/basic/arrival_sequence.v classic/model/arrival/jitter/job.v classic/model/schedule/uni/response_time.v classic/model/schedule/uni/susp/schedule.v classic/model/schedule/uni/susp/platform.v classic/model/schedule/uni/susp/valid_schedule.v classic/analysis/uni/susp/dynamic/jitter/jitter_schedule.v classic/analysis/uni/susp/dynamic/jitter/jitter_taskset_generation.v classic/analysis/uni/susp/sustainability/singlecost/reduction.v classic/analysis/uni/susp/sustainability/singlecost/reduction_properties.v,,Prosa/Classic/Analysis/Uni/Susp/Dynamic/Jitter/TasksetMembership.lean,,ACCEPTED,classic validation family (full scope); manifest Validation/planning/classic_pipeline/classic_analysis_uni_susp_dynamic_jitter_taskset_membership_module_manifest.json
151,14,analysis,classic/analysis/uni/susp/sustainability/allcosts/reduction_properties.v,6e9bdb26d160a7eb23a34ef8253c2cb25e6b2e8e269d568d09596d99445cb702,933,22,classic/util/all.v classic/model/priority.v classic/model/suspension.v classic/model/arrival/basic/arrival_sequence.v classic/model/schedule/uni/response_time.v classic/model/schedule/uni/susp/suspension_intervals.v classic/model/schedule/uni/susp/schedule.v classic/model/schedule/uni/susp/valid_schedule.v classic/model/schedule/uni/susp/build_suspension_table.v classic/model/schedule/uni/susp/platform.v classic/analysis/uni/susp/sustainability/allcosts/reduction.v classic/model/schedule/uni/transformation/construction.v,,Prosa/Classic/Analysis/Uni/Susp/Sustainability/Allcosts/ReductionProperties.lean,,ACCEPTED,classic validation family (full scope); manifest Validation/planning/classic_pipeline/classic_analysis_uni_susp_sustainability_allcosts_reduction_properties_module_manifest.json
152,14,implementation,classic/implementation/global/jitter/schedule.v,fdfaf89525f1a8c7500e8c601db881873abdcaf174a6fe73e84b99d353031e6b,269,14,classic/util/all.v classic/model/arrival/jitter/arrival_sequence.v classic/model/priority.v classic/model/schedule/global/jitter/schedule.v classic/model/schedule/global/jitter/platform.v classic/model/schedule/global/transformation/construction.v,,Prosa/Classic/Implementation/Global/Jitter/Schedule.lean,,ACCEPTED,classic validation family (full scope); manifest Validation/planning/classic_pipeline/classic_implementation_global_jitter_schedule_module_manifest.json
153,14,implementation,classic/implementation/uni/basic/tdma_rta_example.v,d0484c1449bc873338b3e37250a87106772a288618239097643fb82012d30c60,197,14,classic/util/all.v classic/util/find_seq.v classic/model/arrival/basic/job.v classic/model/arrival/basic/arrival_sequence.v classic/model/schedule/uni/basic/platform_tdma.v classic/model/arrival/basic/task.v classic/model/policy_tdma.v classic/model/schedule/uni/schedule.v classic/model/schedule/uni/schedulability.v classic/model/priority.v classic/analysis/uni/basic/tdma_rta_theory.v classic/analysis/uni/basic/tdma_wcrt_analysis.v classic/implementation/job.v classic/implementation/task.v classic/implementation/arrival_sequence.v classic/implementation/uni/basic/schedule_tdma.v,,Prosa/Classic/Implementation/Uni/Basic/TdmaRtaExample.lean,,ACCEPTED,goal-only mode (user decision 2026-10-03; no certificates); manifest Validation/planning/classic_pipeline/classic_implementation_uni_basic_tdma_rta_example_module_manifest.json
154,14,implementation,classic/implementation/uni/jitter/fp_rta_example.v,5a647d77c3cda3c77373246b081de418c1c2b34068c49fc4b639844855a45863,183,6,classic/util/all.v classic/model/priority.v classic/model/arrival/basic/task.v classic/model/schedule/uni/schedulability.v classic/model/arrival/jitter/job.v classic/model/schedule/uni/jitter/schedule.v classic/analysis/uni/jitter/workload_bound_fp.v classic/analysis/uni/jitter/fp_rta_comp.v classic/implementation/uni/jitter/job.v classic/implementation/uni/jitter/task.v classic/implementation/uni/jitter/arrival_sequence.v classic/implementation/uni/jitter/schedule.v,,Prosa/Classic/Implementation/Uni/Jitter/FpRtaExample.lean,,ACCEPTED,goal-only mode (user decision 2026-10-03; no certificates); manifest Validation/planning/classic_pipeline/classic_implementation_uni_jitter_fp_rta_example_module_manifest.json
155,15,model,classic/model/schedule/uni/limited/jlfp_instantiation.v,fedeba00a2e7b097d38391df2596ecc922705122e32b421170df8eed1193afb2,773,12,classic/util/all.v classic/model/arrival/basic/job.v classic/model/arrival/basic/task_arrival.v classic/model/priority.v classic/model/schedule/uni/service.v classic/model/schedule/uni/workload.v classic/model/schedule/uni/schedule_of_task.v classic/model/schedule/uni/limited/busy_interval.v classic/model/schedule/uni/limited/abstract_RTA/definitions.v classic/model/schedule/uni/limited/abstract_RTA/abstract_seq_rta.v,,Prosa/Classic/Model/Schedule/Uni/Limited/JlfpInstantiation.lean,,ACCEPTED,classic validation family (full scope); manifest Validation/planning/classic_pipeline/classic_model_schedule_uni_limited_jlfp_instantiation_module_manifest.json
156,15,analysis,classic/analysis/apa/bertogna_edf_theory.v,c18e758b4ffbf7a8f5648032a6e572205ad7fbdb8f65e59a62e3540ba616865e,1018,16,classic/util/all.v classic/model/arrival/basic/task.v classic/model/arrival/basic/job.v classic/model/priority.v classic/model/arrival/basic/task_arrival.v classic/model/schedule/global/workload.v classic/model/schedule/global/response_time.v classic/model/schedule/global/schedulability.v classic/model/schedule/global/basic/schedule.v classic/model/schedule/apa/platform.v classic/model/schedule/apa/interference.v classic/model/schedule/apa/affinity.v classic/model/schedule/apa/constrained_deadlines.v classic/analysis/apa/workload_bound.v classic/analysis/apa/interference_bound_edf.v,,Prosa/Classic/Analysis/Apa/BertognaEdfTheory.lean,,ACCEPTED,classic validation family (full scope); manifest Validation/planning/classic_pipeline/classic_analysis_apa_bertogna_edf_theory_module_manifest.json
157,15,analysis,classic/analysis/apa/bertogna_fp_comp.v,21a28471d6d1b6a14ef030b49a3f177d39e3f97ac527e2b158175fa91f3e77b4,726,20,classic/util/all.v classic/analysis/apa/bertogna_fp_theory.v,,Prosa/Classic/Analysis/Apa/BertognaFpComp.lean,,ACCEPTED,classic validation family (full scope); manifest Validation/planning/classic_pipeline/classic_analysis_apa_bertogna_fp_comp_module_manifest.json
158,15,analysis,classic/analysis/global/basic/bertogna_edf_theory.v,642f7eb8726a649816a5f3a8c94801731e6d78e842c12947294af7e1c4ff4e3c,820,14,classic/util/all.v classic/model/arrival/basic/task.v classic/model/arrival/basic/job.v classic/model/arrival/basic/task_arrival.v classic/model/priority.v classic/model/schedule/global/workload.v classic/model/schedule/global/schedulability.v classic/model/schedule/global/response_time.v classic/model/schedule/global/basic/schedule.v classic/model/schedule/global/basic/platform.v classic/model/schedule/global/basic/interference.v classic/model/schedule/global/basic/constrained_deadlines.v classic/analysis/global/basic/workload_bound.v classic/analysis/global/basic/interference_bound_edf.v,,Prosa/Classic/Analysis/Global/Basic/BertognaEdfTheory.lean,yes,ACCEPTED,case-study translation (reused): classic validation family; manifest Validation/planning/classic_pipeline/classic_analysis_global_basic_bertogna_edf_theory_module_manifest.json
159,15,analysis,classic/analysis/global/basic/bertogna_fp_comp.v,e7da2ac45fe550869babb24cbaa01356267273a1cf3e7569cbfe42621ca6d307,706,20,classic/util/all.v classic/analysis/global/basic/bertogna_fp_theory.v,,Prosa/Classic/Analysis/Global/Basic/BertognaFpComp.lean,,ACCEPTED,classic validation family (full scope); manifest Validation/planning/classic_pipeline/classic_analysis_global_basic_bertogna_fp_comp_module_manifest.json
160,15,analysis,classic/analysis/global/jitter/bertogna_fp_theory.v,ef1a3ac2df53532ceb664a7ba9d820818e9cf1f1fb73b8c4365da0d3559d0086,829,10,classic/util/all.v classic/model/arrival/basic/task.v classic/model/priority.v classic/model/arrival/basic/task_arrival.v classic/model/schedule/global/workload.v classic/model/schedule/global/response_time.v classic/model/schedule/global/schedulability.v classic/model/schedule/global/jitter/job.v classic/model/schedule/global/jitter/interference.v classic/model/schedule/global/jitter/schedule.v classic/model/schedule/global/jitter/platform.v classic/model/schedule/global/jitter/constrained_deadlines.v classic/analysis/global/jitter/workload_bound.v classic/analysis/global/jitter/interference_bound_fp.v,,Prosa/Classic/Analysis/Global/Jitter/BertognaFpTheory.lean,,ACCEPTED,classic validation family (full scope); manifest Validation/planning/classic_pipeline/classic_analysis_global_jitter_bertogna_fp_theory_module_manifest.json
161,15,analysis,classic/analysis/global/jitter/interference_bound_edf.v,5a47e1ee3e62c01d8023317d4110e635cf030852e5def171149e2abf73217e96,1305,41,classic/util/all.v classic/model/arrival/basic/task.v classic/model/priority.v classic/model/arrival/basic/task_arrival.v classic/model/schedule/global/response_time.v classic/model/schedule/global/workload.v classic/model/schedule/global/schedulability.v classic/model/schedule/global/jitter/job.v classic/model/schedule/global/jitter/schedule.v classic/model/schedule/global/jitter/platform.v classic/model/schedule/global/jitter/interference.v classic/model/schedule/global/jitter/interference_edf.v classic/analysis/global/jitter/workload_bound.v classic/analysis/global/jitter/interference_bound.v,,Prosa/Classic/Analysis/Global/Jitter/InterferenceBoundEdf.lean,,ACCEPTED,classic validation family (full scope); manifest Validation/planning/classic_pipeline/classic_analysis_global_jitter_interference_bound_edf_module_manifest.json
162,15,analysis,classic/analysis/global/parallel/bertogna_edf_theory.v,b7f3d33f072220072a4e5c6e0996c32ede8f4d3e56f3e764411e2e53c446c109,505,9,classic/util/all.v classic/model/arrival/basic/task.v classic/model/arrival/basic/job.v classic/model/arrival/basic/task_arrival.v classic/model/priority.v classic/model/schedule/global/workload.v classic/model/schedule/global/schedulability.v classic/model/schedule/global/response_time.v classic/model/schedule/global/basic/schedule.v classic/model/schedule/global/basic/interference.v classic/model/schedule/global/basic/platform.v classic/analysis/global/parallel/workload_bound.v classic/analysis/global/parallel/interference_bound_edf.v,,Prosa/Classic/Analysis/Global/Parallel/BertognaEdfTheory.lean,,ACCEPTED,classic validation family (full scope); manifest Validation/planning/classic_pipeline/classic_analysis_global_parallel_bertogna_edf_theory_module_manifest.json
163,15,analysis,classic/analysis/global/parallel/bertogna_fp_comp.v,ef6ef65c5e7aa21936733ba5ff36397362685832004559bd4e56752f0b0f651d,689,20,classic/util/all.v classic/analysis/global/parallel/bertogna_fp_theory.v,,Prosa/Classic/Analysis/Global/Parallel/BertognaFpComp.lean,,ACCEPTED,classic validation family (full scope); manifest Validation/planning/classic_pipeline/classic_analysis_global_parallel_bertogna_fp_comp_module_manifest.json
164,15,analysis,classic/analysis/uni/susp/dynamic/jitter/jitter_schedule_service.v,3750c6e6833488fe5cd92227607428a5fea6bb3b2cca818893d1df77e956e160,1260,27,classic/util/all.v classic/model/priority.v classic/model/suspension.v classic/model/arrival/basic/job.v classic/model/arrival/basic/task.v classic/model/arrival/basic/task_arrival.v classic/model/arrival/basic/arrival_sequence.v classic/model/arrival/jitter/job.v classic/model/schedule/uni/schedulability.v classic/model/schedule/uni/service.v classic/model/schedule/uni/workload.v classic/model/schedule/uni/response_time.v classic/model/schedule/uni/jitter/schedule.v classic/model/schedule/uni/jitter/platform.v classic/model/schedule/uni/susp/suspension_intervals.v classic/model/schedule/uni/susp/schedule.v classic/model/schedule/uni/susp/platform.v classic/model/schedule/uni/susp/valid_schedule.v classic/analysis/uni/susp/dynamic/jitter/jitter_schedule.v classic/analysis/uni/susp/dynamic/jitter/jitter_schedule_properties.v classic/model/schedule/uni/transformation/construction.v,,Prosa/Classic/Analysis/Uni/Susp/Dynamic/Jitter/JitterScheduleService.lean,,ACCEPTED,classic validation family (full scope); manifest Validation/planning/classic_pipeline/classic_analysis_uni_susp_dynamic_jitter_jitter_schedule_service_module_manifest.json
165,15,analysis,classic/analysis/uni/susp/dynamic/oblivious/fp_rta.v,4e863298cb8c0c05c474722bace7e756d755e71af2bb02a0d0a615028b46be20,160,1,classic/util/all.v classic/model/arrival/basic/job.v classic/model/arrival/basic/task.v classic/model/arrival/basic/arrival_sequence.v classic/model/priority.v classic/model/suspension.v classic/model/arrival/basic/task_arrival.v classic/model/schedule/uni/schedule.v classic/model/schedule/uni/schedulability.v classic/model/schedule/uni/susp/suspension_intervals.v classic/model/schedule/uni/susp/schedule.v classic/model/schedule/uni/susp/platform.v classic/analysis/uni/basic/fp_rta_comp.v classic/analysis/uni/susp/dynamic/oblivious/reduction.v,,Prosa/Classic/Analysis/Uni/Susp/Dynamic/Oblivious/FpRta.lean,,ACCEPTED,classic validation family (full scope); manifest Validation/planning/classic_pipeline/classic_analysis_uni_susp_dynamic_oblivious_fp_rta_module_manifest.json
166,15,analysis,classic/analysis/uni/susp/sustainability/allcosts/main_claim.v,da435cc67e9836b3fac9406f88188e69962d9cd7f76a5c93703b9ee1296732fd,164,1,classic/util/all.v classic/model/priority.v classic/model/suspension.v classic/model/arrival/basic/arrival_sequence.v classic/model/schedule/uni/response_time.v classic/model/schedule/uni/sustainability.v classic/model/schedule/uni/susp/suspension_intervals.v classic/model/schedule/uni/susp/schedule.v classic/model/schedule/uni/susp/valid_schedule.v classic/model/schedule/uni/susp/build_suspension_table.v classic/model/schedule/uni/susp/platform.v classic/analysis/uni/susp/sustainability/allcosts/reduction.v classic/analysis/uni/susp/sustainability/allcosts/reduction_properties.v classic/model/schedule/uni/transformation/construction.v,,Prosa/Classic/Analysis/Uni/Susp/Sustainability/Allcosts/MainClaim.lean,,ACCEPTED,classic validation family (full scope); manifest Validation/planning/classic_pipeline/classic_analysis_uni_susp_sustainability_allcosts_main_claim_module_manifest.json
167,15,implementation,classic/implementation/uni/basic/fp_rta_example.v,a96a9f43ffd7b662352d87758d1e547dd111659897aa28348302befb6a024f14,162,6,classic/util/all.v classic/model/arrival/basic/job.v classic/model/arrival/basic/task.v classic/model/priority.v classic/model/schedule/uni/schedule.v classic/model/schedule/uni/schedulability.v classic/analysis/uni/basic/workload_bound_fp.v classic/analysis/uni/basic/fp_rta_comp.v classic/implementation/job.v classic/implementation/task.v classic/implementation/arrival_sequence.v classic/implementation/uni/basic/schedule.v,,Prosa/Classic/Implementation/Uni/Basic/FpRtaExample.lean,,ACCEPTED,goal-only mode (user decision 2026-10-03; no certificates); manifest Validation/planning/classic_pipeline/classic_implementation_uni_basic_fp_rta_example_module_manifest.json
168,16,model,classic/model/schedule/uni/limited/edf/response_time_bound.v,596c53a2724341b9d00b5df19f362dcce4d7ebc2174560473fd9d7679477cb4e,653,9,classic/util/all.v classic/model/arrival/basic/job.v classic/model/arrival/basic/task_arrival.v classic/model/priority.v classic/model/schedule/uni/service.v classic/model/schedule/uni/workload.v classic/model/schedule/uni/schedule.v classic/model/schedule/uni/response_time.v classic/model/schedule/uni/schedule_of_task.v classic/model/schedule/uni/limited/platform/definitions.v classic/model/schedule/uni/limited/schedule.v classic/model/schedule/uni/limited/busy_interval.v classic/model/schedule/uni/limited/rbf.v classic/model/schedule/uni/limited/abstract_RTA/definitions.v classic/model/schedule/uni/limited/abstract_RTA/reduction_of_search_space.v classic/model/schedule/uni/limited/abstract_RTA/abstract_seq_rta.v classic/model/schedule/uni/limited/jlfp_instantiation.v classic/model/arrival/curves/bounds.v classic/analysis/uni/arrival_curves/workload_bound.v,,Prosa/Classic/Model/Schedule/Uni/Limited/Edf/ResponseTimeBound.lean,,ACCEPTED,classic validation family (full scope); manifest Validation/planning/classic_pipeline/classic_model_schedule_uni_limited_edf_response_time_bound_module_manifest.json
169,16,model,classic/model/schedule/uni/limited/fixed_priority/response_time_bound.v,592b3fde641cc43118578751630519ec96440599f03a5ebc9b32726c09093821,435,7,classic/util/all.v classic/model/arrival/basic/job.v classic/model/arrival/basic/task_arrival.v classic/model/priority.v classic/model/schedule/uni/service.v classic/model/schedule/uni/workload.v classic/model/schedule/uni/schedule.v classic/model/schedule/uni/response_time.v classic/model/schedule/uni/schedule_of_task.v classic/model/schedule/uni/limited/platform/definitions.v classic/model/schedule/uni/limited/schedule.v classic/model/schedule/uni/limited/rbf.v classic/model/schedule/uni/limited/abstract_RTA/definitions.v classic/model/schedule/uni/limited/abstract_RTA/reduction_of_search_space.v classic/model/schedule/uni/limited/abstract_RTA/abstract_seq_rta.v classic/model/schedule/uni/limited/jlfp_instantiation.v classic/model/arrival/curves/bounds.v classic/analysis/uni/arrival_curves/workload_bound.v classic/model/schedule/uni/limited/busy_interval.v,,Prosa/Classic/Model/Schedule/Uni/Limited/FixedPriority/ResponseTimeBound.lean,,ACCEPTED,classic validation family (full scope); manifest Validation/planning/classic_pipeline/classic_model_schedule_uni_limited_fixed_priority_response_time_bound_module_manifest.json
170,16,analysis,classic/analysis/apa/bertogna_edf_comp.v,32cbe516e6b52c4e932f9d6d23da3a90fc2bac587570731e23cedd14bbcce5f2,1002,30,classic/util/all.v classic/analysis/apa/bertogna_edf_theory.v,,Prosa/Classic/Analysis/Apa/BertognaEdfComp.lean,,ACCEPTED,classic validation family (full scope); manifest Validation/planning/classic_pipeline/classic_analysis_apa_bertogna_edf_comp_module_manifest.json
171,16,analysis,classic/analysis/global/basic/bertogna_edf_comp.v,a689b80724528237f6eedb69a6be8bdf418b1ca4b2968cd363c0ed16caf98905,990,30,classic/util/all.v classic/analysis/global/basic/bertogna_edf_theory.v,,Prosa/Classic/Analysis/Global/Basic/BertognaEdfComp.lean,,ACCEPTED,classic validation family (full scope); manifest Validation/planning/classic_pipeline/classic_analysis_global_basic_bertogna_edf_comp_module_manifest.json
172,16,analysis,classic/analysis/global/jitter/bertogna_edf_theory.v,eaed1d7c4c53a421f74afdde47d5de715904f1179054c841ec322bc486498056,871,14,classic/util/all.v classic/model/arrival/basic/task.v classic/model/priority.v classic/model/arrival/basic/task_arrival.v classic/model/schedule/global/workload.v classic/model/schedule/global/schedulability.v classic/model/schedule/global/response_time.v classic/model/schedule/global/jitter/job.v classic/model/schedule/global/jitter/schedule.v classic/model/schedule/global/jitter/platform.v classic/model/schedule/global/jitter/interference.v classic/model/schedule/global/jitter/constrained_deadlines.v classic/analysis/global/jitter/workload_bound.v classic/analysis/global/jitter/interference_bound_edf.v,,Prosa/Classic/Analysis/Global/Jitter/BertognaEdfTheory.lean,,ACCEPTED,classic validation family (full scope); manifest Validation/planning/classic_pipeline/classic_analysis_global_jitter_bertogna_edf_theory_module_manifest.json
173,16,analysis,classic/analysis/global/jitter/bertogna_fp_comp.v,e49961d88f3ce3b4d4773f4c7f9727d99ecbc0a67d1ae606c2cb14671fa08ff2,726,20,classic/util/all.v classic/analysis/global/jitter/bertogna_fp_theory.v,,Prosa/Classic/Analysis/Global/Jitter/BertognaFpComp.lean,,ACCEPTED,classic validation family (full scope); manifest Validation/planning/classic_pipeline/classic_analysis_global_jitter_bertogna_fp_comp_module_manifest.json
174,16,analysis,classic/analysis/global/parallel/bertogna_edf_comp.v,637323ff547533ac12b77e48146d6b41f3605758bb43048af677d8ef64a82178,985,30,classic/util/all.v classic/analysis/global/parallel/bertogna_edf_theory.v,,Prosa/Classic/Analysis/Global/Parallel/BertognaEdfComp.lean,,ACCEPTED,classic validation family (full scope); manifest Validation/planning/classic_pipeline/classic_analysis_global_parallel_bertogna_edf_comp_module_manifest.json
175,16,analysis,classic/analysis/uni/susp/dynamic/jitter/rta_by_reduction.v,615e3374e8be9f6f2239400cd615bac7cff8f8753719643a2dd0c6830717cf3a,201,2,classic/util/all.v classic/model/priority.v classic/model/suspension.v classic/model/arrival/basic/job.v classic/model/arrival/basic/task.v classic/model/arrival/basic/arrival_sequence.v classic/model/arrival/basic/task_arrival.v classic/model/arrival/jitter/job.v classic/model/schedule/uni/schedulability.v classic/model/schedule/uni/service.v classic/model/schedule/uni/workload.v classic/model/schedule/uni/response_time.v classic/model/schedule/uni/jitter/schedule.v classic/model/schedule/uni/jitter/platform.v classic/model/schedule/uni/susp/suspension_intervals.v classic/model/schedule/uni/susp/schedule.v classic/model/schedule/uni/susp/valid_schedule.v classic/model/schedule/uni/susp/platform.v classic/analysis/uni/susp/dynamic/jitter/jitter_schedule.v classic/analysis/uni/susp/dynamic/jitter/jitter_schedule_properties.v classic/analysis/uni/susp/dynamic/jitter/jitter_schedule_service.v classic/analysis/uni/susp/dynamic/jitter/jitter_taskset_generation.v,,Prosa/Classic/Analysis/Uni/Susp/Dynamic/Jitter/RtaByReduction.lean,,ACCEPTED,classic validation family (full scope); manifest Validation/planning/classic_pipeline/classic_analysis_uni_susp_dynamic_jitter_rta_by_reduction_module_manifest.json
176,16,implementation,classic/implementation/apa/bertogna_fp_example.v,600ece85aae41cfe3b8a55aed0bcef0ac828003cf93328b28312592ea09455e2,295,15,classic/util/all.v classic/model/arrival/basic/job.v classic/model/arrival/basic/task.v classic/model/priority.v classic/model/schedule/global/schedulability.v classic/model/schedule/global/basic/schedule.v classic/model/schedule/apa/affinity.v classic/model/schedule/apa/interference.v classic/model/schedule/apa/platform.v classic/analysis/apa/workload_bound.v classic/analysis/apa/interference_bound_fp.v classic/analysis/apa/bertogna_fp_comp.v classic/implementation/apa/job.v classic/implementation/apa/task.v classic/implementation/apa/schedule.v classic/implementation/apa/arrival_sequence.v,,Prosa/Classic/Implementation/Apa/BertognaFpExample.lean,,ACCEPTED,goal-only mode (user decision 2026-10-03; no certificates); manifest Validation/planning/classic_pipeline/classic_implementation_apa_bertogna_fp_example_module_manifest.json
177,16,implementation,classic/implementation/global/basic/bertogna_fp_example.v,1c5a08cfdc8adc42ce117a38ddbbf6fb705f79ac275b6ef9c88c2651637c7fd0,176,7,classic/util/all.v classic/model/arrival/basic/job.v classic/model/arrival/basic/task.v classic/model/priority.v classic/model/schedule/global/schedulability.v classic/model/schedule/global/basic/schedule.v classic/model/schedule/global/basic/platform.v classic/analysis/global/basic/workload_bound.v classic/analysis/global/basic/interference_bound_fp.v classic/analysis/global/basic/bertogna_fp_comp.v classic/implementation/job.v classic/implementation/task.v classic/implementation/arrival_sequence.v classic/implementation/global/basic/schedule.v,,Prosa/Classic/Implementation/Global/Basic/BertognaFpExample.lean,,ACCEPTED,goal-only mode (user decision 2026-10-03; no certificates); manifest Validation/planning/classic_pipeline/classic_implementation_global_basic_bertogna_fp_example_module_manifest.json
178,16,implementation,classic/implementation/global/parallel/bertogna_fp_example.v,7b19421381fae50ee627a358299638409fd6c28c351fb771cfbf812c5c698e25,195,7,classic/util/all.v classic/model/arrival/basic/job.v classic/model/arrival/basic/task.v classic/model/priority.v classic/model/schedule/global/schedulability.v classic/model/schedule/global/basic/schedule.v classic/model/schedule/global/basic/platform.v classic/model/schedule/global/basic/interference.v classic/analysis/global/parallel/workload_bound.v classic/analysis/global/parallel/interference_bound_fp.v classic/analysis/global/parallel/bertogna_fp_comp.v classic/implementation/job.v classic/implementation/task.v classic/implementation/arrival_sequence.v classic/implementation/global/basic/schedule.v,,Prosa/Classic/Implementation/Global/Parallel/BertognaFpExample.lean,,ACCEPTED,goal-only mode (user decision 2026-10-03; no certificates); manifest Validation/planning/classic_pipeline/classic_implementation_global_parallel_bertogna_fp_example_module_manifest.json
179,16,implementation,classic/implementation/uni/susp/dynamic/oblivious/fp_rta_example.v,ba32ef8a547cbf95876cedc63a8e1973a58b9db92664aad2960c232e041bd0ab,186,6,classic/util/all.v classic/model/arrival/basic/job.v classic/model/arrival/basic/task.v classic/model/priority.v classic/model/schedule/uni/schedule.v classic/model/schedule/uni/schedulability.v classic/model/schedule/uni/susp/suspension_intervals.v classic/analysis/uni/basic/workload_bound_fp.v classic/analysis/uni/susp/dynamic/oblivious/fp_rta.v classic/implementation/uni/susp/dynamic/job.v classic/implementation/uni/susp/dynamic/task.v classic/implementation/uni/susp/dynamic/arrival_sequence.v classic/implementation/uni/susp/schedule.v,,Prosa/Classic/Implementation/Uni/Susp/Dynamic/Oblivious/FpRtaExample.lean,,ACCEPTED,goal-only mode (user decision 2026-10-03; no certificates); manifest Validation/planning/classic_pipeline/classic_implementation_uni_susp_dynamic_oblivious_fp_rta_example_module_manifest.json
180,17,model,classic/model/schedule/uni/limited/edf/nonpr_reg/response_time_bound.v,181db2c7bfdfcf65f0e0bb49935288696bd25f700d7bbd20e4a33062d8886708,345,4,classic/util/all.v classic/model/arrival/basic/job.v classic/model/arrival/basic/task_arrival.v classic/model/priority.v classic/model/schedule/uni/service.v classic/model/schedule/uni/workload.v classic/model/schedule/uni/schedule.v classic/model/schedule/uni/response_time.v classic/model/schedule/uni/limited/platform/definitions.v classic/model/schedule/uni/limited/platform/priority_inversion_is_bounded.v classic/model/schedule/uni/limited/schedule.v classic/model/schedule/uni/limited/busy_interval.v classic/model/schedule/uni/limited/edf/response_time_bound.v classic/model/schedule/uni/limited/rbf.v classic/model/arrival/curves/bounds.v classic/analysis/uni/arrival_curves/workload_bound.v,,Prosa/Classic/Model/Schedule/Uni/Limited/Edf/NonprReg/ResponseTimeBound.lean,,ACCEPTED,classic validation family (full scope); manifest Validation/planning/classic_pipeline/classic_model_schedule_uni_limited_edf_nonpr_reg_response_time_bound_module_manifest.json
181,17,model,classic/model/schedule/uni/limited/fixed_priority/nonpr_reg/response_time_bound.v,dcb1fca71a496167c224a0e52b62c3024016047c927ab721ed5ab40b3e03b2af,291,4,classic/util/all.v classic/model/arrival/basic/job.v classic/model/arrival/basic/task_arrival.v classic/model/priority.v classic/model/arrival/curves/bounds.v classic/analysis/uni/arrival_curves/workload_bound.v classic/model/schedule/uni/service.v classic/model/schedule/uni/workload.v classic/model/schedule/uni/schedule.v classic/model/schedule/uni/response_time.v classic/model/schedule/uni/limited/platform/definitions.v classic/model/schedule/uni/limited/platform/priority_inversion_is_bounded.v classic/model/schedule/uni/limited/schedule.v classic/model/schedule/uni/limited/busy_interval.v classic/model/schedule/uni/limited/fixed_priority/response_time_bound.v classic/model/schedule/uni/limited/rbf.v,,Prosa/Classic/Model/Schedule/Uni/Limited/FixedPriority/NonprReg/ResponseTimeBound.lean,,ACCEPTED,classic validation family (full scope); manifest Validation/planning/classic_pipeline/classic_model_schedule_uni_limited_fixed_priority_nonpr_reg_response_time_bound_module_manifest.json
182,17,analysis,classic/analysis/global/jitter/bertogna_edf_comp.v,1b6b4a4c540dc832f72bb3d30a49fec7e3698957c5682ad5f96b9ddcc23dd005,1084,30,classic/util/all.v classic/analysis/global/jitter/bertogna_edf_theory.v,,Prosa/Classic/Analysis/Global/Jitter/BertognaEdfComp.lean,,ACCEPTED,classic validation family (full scope); manifest Validation/planning/classic_pipeline/classic_analysis_global_jitter_bertogna_edf_comp_module_manifest.json
183,17,analysis,classic/analysis/uni/susp/dynamic/jitter/taskset_rta.v,d3e5860243e4d7e67d4594d733c7df84a8930b3f5dac45097638f8d44c84248b,232,2,classic/util/all.v classic/model/priority.v classic/model/suspension.v classic/model/arrival/basic/task.v classic/model/arrival/basic/job.v classic/model/arrival/basic/task_arrival.v classic/model/arrival/basic/arrival_sequence.v classic/model/arrival/jitter/job.v classic/model/schedule/uni/response_time.v classic/model/schedule/uni/susp/schedule.v classic/model/schedule/uni/susp/platform.v classic/model/schedule/uni/susp/valid_schedule.v classic/model/schedule/uni/jitter/valid_schedule.v classic/analysis/uni/susp/dynamic/jitter/rta_by_reduction.v classic/analysis/uni/susp/dynamic/jitter/jitter_taskset_generation.v classic/analysis/uni/susp/dynamic/jitter/taskset_membership.v,,Prosa/Classic/Analysis/Uni/Susp/Dynamic/Jitter/TasksetRta.lean,,ACCEPTED,classic validation family (full scope); manifest Validation/planning/classic_pipeline/classic_analysis_uni_susp_dynamic_jitter_taskset_rta_module_manifest.json
184,17,implementation,classic/implementation/apa/bertogna_edf_example.v,5d044e4b54c24bb507b2c71da63eeb936d2d0831aa97207f716d213e7110f45a,210,13,classic/util/all.v classic/model/arrival/basic/job.v classic/model/arrival/basic/task.v classic/model/priority.v classic/model/schedule/global/schedulability.v classic/model/schedule/global/basic/schedule.v classic/model/schedule/apa/affinity.v classic/model/schedule/apa/interference.v classic/model/schedule/apa/platform.v classic/analysis/apa/workload_bound.v classic/analysis/apa/interference_bound_edf.v classic/analysis/apa/bertogna_edf_comp.v classic/implementation/apa/job.v classic/implementation/apa/task.v classic/implementation/apa/schedule.v classic/implementation/apa/arrival_sequence.v,,Prosa/Classic/Implementation/Apa/BertognaEdfExample.lean,,ACCEPTED,goal-only mode (user decision 2026-10-03; no certificates); manifest Validation/planning/classic_pipeline/classic_implementation_apa_bertogna_edf_example_module_manifest.json
185,17,implementation,classic/implementation/global/basic/bertogna_edf_example.v,da586bc3967e99aede58b25dbc97349384c46dbfe0304c2b0e1bbf831e13db46,134,5,classic/util/all.v classic/model/arrival/basic/job.v classic/model/arrival/basic/task.v classic/model/priority.v classic/model/schedule/global/schedulability.v classic/model/schedule/global/basic/schedule.v classic/model/schedule/global/basic/platform.v classic/analysis/global/basic/workload_bound.v classic/analysis/global/basic/interference_bound_edf.v classic/analysis/global/basic/bertogna_edf_comp.v classic/implementation/job.v classic/implementation/task.v classic/implementation/arrival_sequence.v classic/implementation/global/basic/schedule.v,,Prosa/Classic/Implementation/Global/Basic/BertognaEdfExample.lean,,ACCEPTED,goal-only mode (user decision 2026-10-03; no certificates); manifest Validation/planning/classic_pipeline/classic_implementation_global_basic_bertogna_edf_example_module_manifest.json
186,17,implementation,classic/implementation/global/jitter/bertogna_fp_example.v,c499ad5824621be5f0053514091666ee9e38ab5daa1fe4a694ee6486b7b114ff,180,7,classic/util/all.v classic/model/arrival/basic/task.v classic/model/priority.v classic/model/schedule/global/schedulability.v classic/model/schedule/global/jitter/job.v classic/model/schedule/global/jitter/schedule.v classic/model/schedule/global/jitter/platform.v classic/analysis/global/jitter/workload_bound.v classic/analysis/global/jitter/interference_bound_fp.v classic/analysis/global/jitter/bertogna_fp_comp.v classic/implementation/global/jitter/job.v classic/implementation/global/jitter/task.v classic/implementation/global/jitter/schedule.v classic/implementation/global/jitter/arrival_sequence.v,,Prosa/Classic/Implementation/Global/Jitter/BertognaFpExample.lean,,ACCEPTED,goal-only mode (user decision 2026-10-03; no certificates); manifest Validation/planning/classic_pipeline/classic_implementation_global_jitter_bertogna_fp_example_module_manifest.json
187,17,implementation,classic/implementation/global/parallel/bertogna_edf_example.v,8c86fd1bcaf8aba986ff4c6a845d5cef16ff52a261f35dda81ccaa75500b8616,138,5,classic/util/all.v classic/model/arrival/basic/job.v classic/model/arrival/basic/task.v classic/model/priority.v classic/model/schedule/global/schedulability.v classic/model/schedule/global/basic/schedule.v classic/model/schedule/global/basic/platform.v classic/analysis/global/parallel/workload_bound.v classic/analysis/global/parallel/interference_bound_edf.v classic/analysis/global/parallel/bertogna_edf_comp.v classic/implementation/job.v classic/implementation/task.v classic/implementation/arrival_sequence.v classic/implementation/global/basic/schedule.v,,Prosa/Classic/Implementation/Global/Parallel/BertognaEdfExample.lean,,ACCEPTED,goal-only mode (user decision 2026-10-03; no certificates); manifest Validation/planning/classic_pipeline/classic_implementation_global_parallel_bertogna_edf_example_module_manifest.json
188,18,model,classic/model/schedule/uni/limited/edf/nonpr_reg/concrete_models/response_time_bound.v,fd7092eda303022054cc7db72dbcc1a6383fe2312cccfb5f18e3c3b1c3e40242,634,5,classic/util/all.v classic/model/arrival/basic/job.v classic/model/arrival/basic/task_arrival.v classic/model/priority.v classic/model/schedule/uni/service.v classic/model/schedule/uni/workload.v classic/model/schedule/uni/schedule.v classic/model/schedule/uni/response_time.v classic/model/schedule/uni/limited/schedule.v classic/model/schedule/uni/limited/edf/response_time_bound.v classic/model/schedule/uni/limited/edf/nonpr_reg/response_time_bound.v classic/model/schedule/uni/limited/rbf.v classic/model/arrival/curves/bounds.v classic/analysis/uni/arrival_curves/workload_bound.v classic/model/schedule/uni/nonpreemptive/schedule.v classic/model/schedule/uni/limited/platform/limited.v classic/model/schedule/uni/limited/platform/preemptive.v classic/model/schedule/uni/limited/platform/nonpreemptive.v,,Prosa/Classic/Model/Schedule/Uni/Limited/Edf/NonprReg/ConcreteModels/ResponseTimeBound.lean,,ACCEPTED,classic validation family (full scope); manifest Validation/planning/classic_pipeline/classic_model_schedule_uni_limited_edf_nonpr_reg_concrete_models_response_time_bound_module_manifest.json
189,18,model,classic/model/schedule/uni/limited/fixed_priority/nonpr_reg/concrete_models/response_time_bound.v,9774cc357ef0dd24076d96119c27cf0455ed4aa1cef32c80118d31ecb5e4e169,608,4,classic/util/all.v classic/model/arrival/basic/job.v classic/model/arrival/basic/task_arrival.v classic/model/priority.v classic/model/schedule/uni/service.v classic/model/schedule/uni/workload.v classic/model/schedule/uni/schedule.v classic/model/schedule/uni/response_time.v classic/model/schedule/uni/limited/schedule.v classic/model/schedule/uni/limited/fixed_priority/nonpr_reg/response_time_bound.v classic/model/schedule/uni/limited/rbf.v classic/model/arrival/curves/bounds.v classic/analysis/uni/arrival_curves/workload_bound.v classic/model/schedule/uni/nonpreemptive/schedule.v classic/model/schedule/uni/limited/platform/limited.v classic/model/schedule/uni/limited/platform/preemptive.v classic/model/schedule/uni/limited/platform/nonpreemptive.v,,Prosa/Classic/Model/Schedule/Uni/Limited/FixedPriority/NonprReg/ConcreteModels/ResponseTimeBound.lean,,ACCEPTED,classic validation family (full scope); manifest Validation/planning/classic_pipeline/classic_model_schedule_uni_limited_fixed_priority_nonpr_reg_concrete_models_response_time_bound_module_manifest.json
190,18,implementation,classic/implementation/global/jitter/bertogna_edf_example.v,90051fae32b9214ae57485b4f599887eba164fb28eaa0ba335f1439c9e32c41c,139,5,classic/util/all.v classic/model/arrival/basic/task.v classic/model/priority.v classic/model/schedule/global/schedulability.v classic/model/schedule/global/jitter/job.v classic/model/schedule/global/jitter/schedule.v classic/model/schedule/global/jitter/platform.v classic/analysis/global/jitter/workload_bound.v classic/analysis/global/jitter/interference_bound_edf.v classic/analysis/global/jitter/bertogna_edf_comp.v classic/implementation/global/jitter/job.v classic/implementation/global/jitter/task.v classic/implementation/global/jitter/schedule.v classic/implementation/global/jitter/arrival_sequence.v,,Prosa/Classic/Implementation/Global/Jitter/BertognaEdfExample.lean,,ACCEPTED,goal-only mode (user decision 2026-10-03; no certificates); manifest Validation/planning/classic_pipeline/classic_implementation_global_jitter_bertogna_edf_example_module_manifest.json
