interface,used by,description
lean_interfaces/AbstractDefinitionsComputationInterface.lean,analysis/abstract/restricted_supply/busy_prefix.v; analysis/definitions/service_inversion/readiness_aware.v; analysis/abstract/iw_auxiliary.v; analysis/abstract/busy_interval.v; analysis/facts/readiness_interference.v; analysis/abstract/lower_bound_on_service.v; analysis/abstract/abstract_rta.v; analysis/abstract/IBF/supply.v; analysis/abstract/IBF/task.v; analysis/abstract/ideal/abstract_rta.v; analysis/abstract/IBF/supply_task.v; analysis/abstract/ideal/abstract_seq_rta.v; analysis/abstract/ideal/iw_instantiation.v; analysis/abstract/restricted_supply/abstract_rta.v; analysis/abstract/ideal/cumulative_bounds.v; analysis/abstract/restricted_supply/abstract_seq_rta.v; analysis/abstract/restricted_supply/iw_instantiation.v; analysis/abstract/restricted_supply/iw_readiness.v; analysis/facts/priority/fifo_ahep_bound.v; results/rta/ideal/fp/bounded_pi.v; analysis/abstract/restricted_supply/bounded_bi/aux.v; analysis/abstract/restricted_supply/search_space/fifo_fixpoint.v; analysis/abstract/restricted_supply/task_ibf_readiness.v; analysis/abstract/restricted_supply/task_intra_interference_bound.v; results/rta/ideal/edf/bounded_pi.v; results/rta/ideal/elf/bounded_pi.v; results/rta/ideal/fifo/bounded_nps.v; results/rta/ideal/fp/bounded_nps.v; results/rta/ideal/fp/nonseq/bounded_pi.v; results/rta/ideal/gel/bounded_pi.v; analysis/abstract/restricted_supply/bounded_bi/edf.v; analysis/abstract/restricted_supply/bounded_bi/elf.v; analysis/abstract/restricted_supply/bounded_bi/fp.v; analysis/abstract/restricted_supply/bounded_bi/jlfp.v; results/rta/ideal/edf/bounded_nps.v; results/rta/ideal/fp/floating_nonpreemptive.v; results/rta/ideal/fp/fully_nonpreemptive.v; results/rta/ideal/fp/fully_preemptive.v; results/rta/ideal/fp/limited_preemptive.v; results/rta/arm/edf/floating_nonpreemptive.v; results/rta/arm/edf/fully_nonpreemptive.v; results/rta/arm/edf/fully_preemptive.v; results/rta/arm/edf/limited_preemptive.v; results/rta/arm/fifo/bounded_nps.v; results/rta/arm/fp/floating_nonpreemptive.v; results/rta/arm/fp/fully_nonpreemptive.v; results/rta/arm/fp/fully_preemptive.v; results/rta/arm/fp/limited_preemptive.v; results/rta/ideal/edf/floating_nonpreemptive.v; results/rta/ideal/edf/fully_nonpreemptive.v; results/rta/ideal/edf/fully_preemptive.v; results/rta/ideal/edf/limited_preemptive.v; results/rta/ideal/fp/comp/fully_preemptive.v; results/rta/prm/edf/floating_nonpreemptive.v; results/rta/prm/edf/fully_nonpreemptive.v; results/rta/prm/edf/fully_preemptive.v; results/rta/prm/edf/limited_preemptive.v; results/rta/prm/fifo/bounded_nps.v; results/rta/prm/fp/floating_nonpreemptive.v; results/rta/prm/fp/fully_nonpreemptive.v; results/rta/prm/fp/fully_preemptive.v; results/rta/prm/fp/limited_preemptive.v; results/rta/rs/edf/floating_nonpreemptive.v; results/rta/rs/edf/fully_nonpreemptive.v; results/rta/rs/edf/fully_preemptive.v; results/rta/rs/edf/limited_preemptive.v; results/rta/rs/elf/floating_nonpreemptive.v; results/rta/rs/elf/fully_nonpreemptive.v; results/rta/rs/elf/fully_preemptive.v; results/rta/rs/elf/limited_preemptive.v; results/rta/rs/fifo/bounded_nps.v; results/rta/rs/fp/floating_nonpreemptive.v; results/rta/rs/fp/fully_nonpreemptive.v; results/rta/rs/fp/fully_preemptive.v; results/rta/rs/fp/limited_preemptive.v,Source-shaped computation interface for the half-open Boolean sum.
lean_interfaces/AbstractRtaComputationInterface.lean,analysis/abstract/IBF/supply.v; analysis/abstract/IBF/task.v; analysis/abstract/ideal/abstract_rta.v; analysis/abstract/IBF/supply_task.v; analysis/abstract/ideal/abstract_seq_rta.v; analysis/abstract/ideal/iw_instantiation.v; analysis/abstract/restricted_supply/abstract_rta.v; analysis/abstract/ideal/cumulative_bounds.v; analysis/abstract/restricted_supply/abstract_seq_rta.v; analysis/abstract/restricted_supply/iw_instantiation.v; analysis/abstract/restricted_supply/iw_readiness.v; analysis/facts/priority/fifo_ahep_bound.v; results/rta/ideal/fp/bounded_pi.v; analysis/abstract/restricted_supply/bounded_bi/aux.v; analysis/abstract/restricted_supply/search_space/fifo_fixpoint.v; analysis/abstract/restricted_supply/task_ibf_readiness.v; analysis/abstract/restricted_supply/task_intra_interference_bound.v; results/rta/ideal/edf/bounded_pi.v; results/rta/ideal/elf/bounded_pi.v; results/rta/ideal/fifo/bounded_nps.v; results/rta/ideal/fp/bounded_nps.v; results/rta/ideal/fp/nonseq/bounded_pi.v; results/rta/ideal/gel/bounded_pi.v; analysis/abstract/restricted_supply/bounded_bi/edf.v; analysis/abstract/restricted_supply/bounded_bi/elf.v; analysis/abstract/restricted_supply/bounded_bi/fp.v; analysis/abstract/restricted_supply/bounded_bi/jlfp.v; results/rta/ideal/edf/bounded_nps.v; results/rta/ideal/fp/floating_nonpreemptive.v; results/rta/ideal/fp/fully_nonpreemptive.v; results/rta/ideal/fp/fully_preemptive.v; results/rta/ideal/fp/limited_preemptive.v; results/rta/arm/edf/floating_nonpreemptive.v; results/rta/arm/edf/fully_nonpreemptive.v; results/rta/arm/edf/fully_preemptive.v; results/rta/arm/edf/limited_preemptive.v; results/rta/arm/fifo/bounded_nps.v; results/rta/arm/fp/floating_nonpreemptive.v; results/rta/arm/fp/fully_nonpreemptive.v; results/rta/arm/fp/fully_preemptive.v; results/rta/arm/fp/limited_preemptive.v; results/rta/ideal/edf/floating_nonpreemptive.v; results/rta/ideal/edf/fully_nonpreemptive.v; results/rta/ideal/edf/fully_preemptive.v; results/rta/ideal/edf/limited_preemptive.v; results/rta/ideal/fp/comp/fully_preemptive.v; results/rta/prm/edf/floating_nonpreemptive.v; results/rta/prm/edf/fully_nonpreemptive.v; results/rta/prm/edf/fully_preemptive.v; results/rta/prm/edf/limited_preemptive.v; results/rta/prm/fifo/bounded_nps.v; results/rta/prm/fp/floating_nonpreemptive.v; results/rta/prm/fp/fully_nonpreemptive.v; results/rta/prm/fp/fully_preemptive.v; results/rta/prm/fp/limited_preemptive.v; results/rta/rs/edf/floating_nonpreemptive.v; results/rta/rs/edf/fully_nonpreemptive.v; results/rta/rs/edf/fully_preemptive.v; results/rta/rs/edf/limited_preemptive.v; results/rta/rs/elf/floating_nonpreemptive.v; results/rta/rs/elf/fully_nonpreemptive.v; results/rta/rs/elf/fully_preemptive.v; results/rta/rs/elf/limited_preemptive.v; results/rta/rs/fifo/bounded_nps.v; results/rta/rs/fp/floating_nonpreemptive.v; results/rta/rs/fp/fully_nonpreemptive.v; results/rta/rs/fp/fully_preemptive.v; results/rta/rs/fp/limited_preemptive.v,Export root for `analysis/abstract/abstract_rta.v`: the two definitions and twelve statements together with the accepted abstract lower-bound-on-service export …
lean_interfaces/ArrivalSequenceComputationInterface.lean,analysis/definitions/carry_in.v; analysis/definitions/work_bearing_readiness.v; analysis/facts/behavior/service.v; analysis/facts/delay_propagation.v; analysis/facts/job_index.v; analysis/facts/model/arrival_curves.v; analysis/facts/model/sbf/average.v; analysis/facts/model/sbf/periodic.v; analysis/facts/sporadic/arrival_bound.v; implementation/facts/maximal_arrival_sequence.v; model/aggregate/service_of_jobs.v; model/aggregate/workload.v; model/preemption/parameter.v; analysis/definitions/interference.v; analysis/definitions/readiness.v; analysis/facts/behavior/completion.v; analysis/facts/model/ideal/schedule.v; analysis/facts/model/ideal/service_of_jobs.v; analysis/facts/model/task_schedule.v; analysis/facts/model/workload.v; analysis/facts/sporadic/arrival_times.v; implementation/definitions/task.v; model/preemption/limited_preemptive.v; model/schedule/limited_preemptive.v; model/schedule/preemption_time.v; model/task/arrival/sporadic_as_curve.v; model/task/preemption/parameters.v; analysis/definitions/blocking_bound/edf.v; analysis/definitions/blocking_bound/elf.v; analysis/definitions/blocking_bound/fp.v; analysis/definitions/busy_interval/classical.v; analysis/definitions/request_bound_function.v; analysis/definitions/schedulability.v; analysis/definitions/service_inversion/pred.v; analysis/facts/behavior/deadlines.v; analysis/facts/preemption/job/preemptive.v; analysis/facts/priority/jlfp_with_fp.v; analysis/facts/readiness/backlogged.v; analysis/facts/readiness/basic.v; analysis/facts/readiness/sequential.v; analysis/facts/sporadic/arrival_sequence.v; analysis/facts/transform/replace_at.v; implementation/definitions/job_constructor.v; model/schedule/priority_driven.v; model/task/preemption/floating_nonpreemptive.v; model/task/preemption/fully_nonpreemptive.v; model/task/preemption/fully_preemptive.v; model/task/preemption/limited_preemptive.v; analysis/abstract/restricted_supply/busy_prefix.v; analysis/definitions/busy_interval/edf_pi_bound.v; analysis/definitions/demand_bound_function.v; analysis/definitions/priority_inversion.v; analysis/definitions/sbf/busy.v; analysis/definitions/service_inversion/busy_prefix.v; analysis/definitions/service_inversion/readiness_aware.v; analysis/definitions/tardiness.v; analysis/definitions/workload/bounded.v; analysis/definitions/workload/edf_athep_bound.v; analysis/definitions/workload/elf_athep_bound.v; analysis/facts/busy_interval/quiet_time.v; analysis/facts/edf_definitions.v; analysis/facts/jitter.v; analysis/facts/model/preemption.v; analysis/facts/preemption/task/preemptive.v; analysis/facts/suspension.v; analysis/facts/transform/swaps.v; implementation/definitions/ideal_uni_scheduler.v; implementation/facts/generic_schedule.v; implementation/facts/job_constructor.v; analysis/facts/completes_at.v; analysis/facts/model/dynamic_suspension.v; analysis/facts/model/exceedance/SBF.v; analysis/facts/model/rbf.v; analysis/facts/model/sequential.v; analysis/facts/model/service_of_jobs.v; analysis/facts/preemption/job/nonpreemptive.v; analysis/facts/preemption/rtc_threshold/job_preemptable.v; analysis/facts/priority/inversion.v; analysis/facts/priority/sequential.v; analysis/transform/prefix.v; implementation/facts/ideal_uni/preemption_aware.v; model/task/offset.v; analysis/abstract/iw_auxiliary.v; analysis/abstract/restricted_supply/search_space/fp.v; analysis/facts/busy_interval/existence.v; analysis/facts/interference.v; analysis/facts/model/dbf.v; analysis/facts/model/ideal/priority_inversion.v; analysis/facts/model/offset.v; analysis/facts/preemption/job/limited.v; analysis/facts/preemption/rtc_threshold/nonpreemptive.v; analysis/facts/preemption/rtc_threshold/preemptive.v; analysis/facts/preemption/task/nonpreemptive.v; analysis/facts/priority/edf.v; analysis/facts/priority/gel.v; analysis/facts/workload/edf_athep_bound.v; analysis/facts/workload/elf_athep_bound.v; analysis/transform/edf_trans.v; analysis/transform/wc_trans.v; implementation/facts/ideal_uni/prio_aware.v; model/task/arrival/periodic.v; results/transfer_schedulability/criterion.v; analysis/abstract/busy_interval.v; analysis/abstract/restricted_supply/search_space/edf.v; analysis/abstract/restricted_supply/search_space/elf.v; analysis/definitions/hyperperiod.v; analysis/facts/busy_interval/carry_in.v; analysis/facts/busy_interval/hep_at_pt.v; analysis/facts/preemption/task/floating.v; analysis/facts/preemption/task/limited.v; analysis/facts/priority/elf.v; analysis/facts/readiness_interference.v; analysis/facts/transform/edf_opt.v; analysis/facts/transform/wc_correctness.v; model/task/arrival/periodic_as_sporadic.v; results/transfer_schedulability/paper_model.v; analysis/abstract/lower_bound_on_service.v; analysis/facts/busy_interval/arrival.v; analysis/facts/busy_interval/pi.v; analysis/facts/periodic/arrival_separation.v; analysis/facts/preemption/rtc_threshold/floating.v; analysis/facts/preemption/rtc_threshold/limited.v; analysis/facts/transform/edf_wc.v; results/generality/elf.v; analysis/abstract/abstract_rta.v; analysis/facts/blocking_bound/edf.v; analysis/facts/blocking_bound/elf.v; analysis/facts/blocking_bound/fp.v; analysis/facts/busy_interval/pi_bound.v; analysis/facts/busy_interval/pi_cond.v; analysis/facts/busy_interval/service_inversion.v; analysis/facts/model/overheads/schedule.v; analysis/facts/periodic/max_inter_arrival.v; results/optimality/edf.v; analysis/abstract/IBF/supply.v; analysis/abstract/IBF/task.v; analysis/abstract/ideal/abstract_rta.v; analysis/facts/model/overheads/priority_bump.v; analysis/facts/model/overheads/schedule_change.v; analysis/facts/periodic/arrival_times.v; analysis/abstract/IBF/supply_task.v; analysis/abstract/ideal/abstract_seq_rta.v; analysis/abstract/ideal/iw_instantiation.v; analysis/abstract/restricted_supply/abstract_rta.v; analysis/facts/model/overheads/schedule_change_bound.v; analysis/facts/periodic/task_arrivals_size.v; analysis/facts/priority/fifo.v; model/processor/overhead_resource_model.v; analysis/abstract/ideal/cumulative_bounds.v; analysis/abstract/restricted_supply/abstract_seq_rta.v; analysis/abstract/restricted_supply/iw_instantiation.v; analysis/abstract/restricted_supply/iw_readiness.v; analysis/abstract/restricted_supply/search_space/fifo.v; analysis/facts/hyperperiod.v; analysis/facts/model/overheads/blackout_bound.v; analysis/facts/priority/fifo_ahep_bound.v; results/generality/gel.v; results/rta/ideal/fp/bounded_pi.v; analysis/abstract/restricted_supply/bounded_bi/aux.v; analysis/abstract/restricted_supply/search_space/fifo_fixpoint.v; analysis/abstract/restricted_supply/task_ibf_readiness.v; analysis/abstract/restricted_supply/task_intra_interference_bound.v; analysis/facts/model/overheads/sbf/fifo.v; analysis/facts/model/overheads/sbf/fp.v; analysis/facts/model/overheads/sbf/jlfp.v; analysis/facts/shifted_job_costs.v; results/rta/ideal/edf/bounded_pi.v; results/rta/ideal/elf/bounded_pi.v; results/rta/ideal/fifo/bounded_nps.v; results/rta/ideal/fp/bounded_nps.v; results/rta/ideal/fp/nonseq/bounded_pi.v; results/rta/ideal/gel/bounded_pi.v; analysis/abstract/restricted_supply/bounded_bi/edf.v; analysis/abstract/restricted_supply/bounded_bi/elf.v; analysis/abstract/restricted_supply/bounded_bi/fp.v; analysis/abstract/restricted_supply/bounded_bi/jlfp.v; results/rta/ideal/edf/bounded_nps.v; results/rta/ideal/fp/floating_nonpreemptive.v; results/rta/ideal/fp/fully_nonpreemptive.v; results/rta/ideal/fp/fully_preemptive.v; results/rta/ideal/fp/limited_preemptive.v; results/rta/arm/edf/floating_nonpreemptive.v; results/rta/arm/edf/fully_nonpreemptive.v; results/rta/arm/edf/fully_preemptive.v; results/rta/arm/edf/limited_preemptive.v; results/rta/arm/fifo/bounded_nps.v; results/rta/arm/fp/floating_nonpreemptive.v; results/rta/arm/fp/fully_nonpreemptive.v; results/rta/arm/fp/fully_preemptive.v; results/rta/arm/fp/limited_preemptive.v; results/rta/exc/fp/fully_nonpreemptive.v; results/rta/ideal/edf/floating_nonpreemptive.v; results/rta/ideal/edf/fully_nonpreemptive.v; results/rta/ideal/edf/fully_preemptive.v; results/rta/ideal/edf/limited_preemptive.v; results/rta/ideal/fp/comp/fully_preemptive.v; results/rta/ovh/edf/floating_nonpreemptive.v; results/rta/ovh/edf/fully_nonpreemptive.v; results/rta/ovh/edf/fully_preemptive.v; results/rta/ovh/edf/limited_preemptive.v; results/rta/ovh/fifo/bounded_nps.v; results/rta/ovh/fp/floating_nonpreemptive.v; results/rta/ovh/fp/fully_nonpreemptive.v; results/rta/ovh/fp/fully_preemptive.v; results/rta/ovh/fp/limited_preemptive.v; results/rta/prm/edf/floating_nonpreemptive.v; results/rta/prm/edf/fully_nonpreemptive.v; results/rta/prm/edf/fully_preemptive.v; results/rta/prm/edf/limited_preemptive.v; results/rta/prm/fifo/bounded_nps.v; results/rta/prm/fp/floating_nonpreemptive.v; results/rta/prm/fp/fully_nonpreemptive.v; results/rta/prm/fp/fully_preemptive.v; results/rta/prm/fp/limited_preemptive.v; results/rta/rs/edf/floating_nonpreemptive.v; results/rta/rs/edf/fully_nonpreemptive.v; results/rta/rs/edf/fully_preemptive.v; results/rta/rs/edf/limited_preemptive.v; results/rta/rs/elf/floating_nonpreemptive.v; results/rta/rs/elf/fully_nonpreemptive.v; results/rta/rs/elf/fully_preemptive.v; results/rta/rs/elf/limited_preemptive.v; results/rta/rs/fifo/bounded_nps.v; results/rta/rs/fp/floating_nonpreemptive.v; results/rta/rs/fp/fully_nonpreemptive.v; results/rta/rs/fp/fully_preemptive.v; results/rta/rs/fp/limited_preemptive.v; implementation/refinements/EDF/nonpreemptive_sched.v; implementation/refinements/EDF/preemptive_sched.v; implementation/refinements/FP/nonpreemptive_sched.v; implementation/refinements/FP/preemptive_sched.v,This validation-only module deliberately adds no model declaration.
lean_interfaces/ArrivalsComputationInterface.lean,analysis/facts/delay_propagation.v; analysis/facts/job_index.v; analysis/facts/model/arrival_curves.v; analysis/facts/sporadic/arrival_bound.v; implementation/facts/maximal_arrival_sequence.v; model/aggregate/service_of_jobs.v; model/aggregate/workload.v; analysis/definitions/interference.v; analysis/definitions/readiness.v; analysis/facts/model/ideal/service_of_jobs.v; analysis/facts/model/task_schedule.v; analysis/facts/model/workload.v; analysis/facts/sporadic/arrival_times.v; implementation/definitions/task.v; model/task/arrival/sporadic_as_curve.v; analysis/facts/priority/jlfp_with_fp.v; analysis/facts/readiness/backlogged.v; analysis/facts/readiness/basic.v; analysis/facts/readiness/sequential.v; analysis/facts/sporadic/arrival_sequence.v; implementation/definitions/job_constructor.v; analysis/definitions/workload/bounded.v; analysis/facts/jitter.v; analysis/facts/suspension.v; implementation/facts/job_constructor.v; analysis/facts/model/dynamic_suspension.v; analysis/facts/model/exceedance/SBF.v; analysis/facts/model/rbf.v; analysis/facts/model/sequential.v; analysis/facts/model/service_of_jobs.v; analysis/abstract/restricted_supply/search_space/fp.v; analysis/facts/busy_interval/existence.v; analysis/facts/interference.v; analysis/facts/model/dbf.v; analysis/facts/model/offset.v; analysis/facts/workload/edf_athep_bound.v; analysis/facts/workload/elf_athep_bound.v; model/task/arrival/periodic.v; results/transfer_schedulability/criterion.v; analysis/abstract/busy_interval.v; analysis/abstract/restricted_supply/search_space/edf.v; analysis/abstract/restricted_supply/search_space/elf.v; analysis/definitions/hyperperiod.v; analysis/facts/busy_interval/carry_in.v; analysis/facts/busy_interval/hep_at_pt.v; analysis/facts/readiness_interference.v; model/task/arrival/periodic_as_sporadic.v; results/transfer_schedulability/paper_model.v; analysis/abstract/lower_bound_on_service.v; analysis/facts/busy_interval/arrival.v; analysis/facts/busy_interval/pi.v; analysis/facts/periodic/arrival_separation.v; analysis/abstract/abstract_rta.v; analysis/facts/blocking_bound/edf.v; analysis/facts/blocking_bound/elf.v; analysis/facts/blocking_bound/fp.v; analysis/facts/busy_interval/pi_bound.v; analysis/facts/busy_interval/pi_cond.v; analysis/facts/busy_interval/service_inversion.v; analysis/facts/model/overheads/schedule.v; analysis/facts/periodic/max_inter_arrival.v; analysis/abstract/IBF/supply.v; analysis/abstract/IBF/task.v; analysis/abstract/ideal/abstract_rta.v; analysis/facts/model/overheads/priority_bump.v; analysis/facts/model/overheads/schedule_change.v; analysis/facts/periodic/arrival_times.v; analysis/abstract/IBF/supply_task.v; analysis/abstract/ideal/abstract_seq_rta.v; analysis/abstract/ideal/iw_instantiation.v; analysis/abstract/restricted_supply/abstract_rta.v; analysis/facts/model/overheads/schedule_change_bound.v; analysis/facts/periodic/task_arrivals_size.v; analysis/facts/priority/fifo.v; model/processor/overhead_resource_model.v; analysis/abstract/ideal/cumulative_bounds.v; analysis/abstract/restricted_supply/abstract_seq_rta.v; analysis/abstract/restricted_supply/iw_instantiation.v; analysis/abstract/restricted_supply/iw_readiness.v; analysis/abstract/restricted_supply/search_space/fifo.v; analysis/facts/hyperperiod.v; analysis/facts/model/overheads/blackout_bound.v; analysis/facts/priority/fifo_ahep_bound.v; results/rta/ideal/fp/bounded_pi.v; analysis/abstract/restricted_supply/bounded_bi/aux.v; analysis/abstract/restricted_supply/search_space/fifo_fixpoint.v; analysis/abstract/restricted_supply/task_ibf_readiness.v; analysis/abstract/restricted_supply/task_intra_interference_bound.v; analysis/facts/model/overheads/sbf/fifo.v; analysis/facts/model/overheads/sbf/fp.v; analysis/facts/model/overheads/sbf/jlfp.v; analysis/facts/shifted_job_costs.v; results/rta/ideal/edf/bounded_pi.v; results/rta/ideal/elf/bounded_pi.v; results/rta/ideal/fifo/bounded_nps.v; results/rta/ideal/fp/bounded_nps.v; results/rta/ideal/fp/nonseq/bounded_pi.v; results/rta/ideal/gel/bounded_pi.v; analysis/abstract/restricted_supply/bounded_bi/edf.v; analysis/abstract/restricted_supply/bounded_bi/elf.v; analysis/abstract/restricted_supply/bounded_bi/fp.v; analysis/abstract/restricted_supply/bounded_bi/jlfp.v; results/rta/ideal/edf/bounded_nps.v; results/rta/ideal/fp/floating_nonpreemptive.v; results/rta/ideal/fp/fully_nonpreemptive.v; results/rta/ideal/fp/fully_preemptive.v; results/rta/ideal/fp/limited_preemptive.v; results/rta/arm/edf/floating_nonpreemptive.v; results/rta/arm/edf/fully_nonpreemptive.v; results/rta/arm/edf/fully_preemptive.v; results/rta/arm/edf/limited_preemptive.v; results/rta/arm/fifo/bounded_nps.v; results/rta/arm/fp/floating_nonpreemptive.v; results/rta/arm/fp/fully_nonpreemptive.v; results/rta/arm/fp/fully_preemptive.v; results/rta/arm/fp/limited_preemptive.v; results/rta/exc/fp/fully_nonpreemptive.v; results/rta/ideal/edf/floating_nonpreemptive.v; results/rta/ideal/edf/fully_nonpreemptive.v; results/rta/ideal/edf/fully_preemptive.v; results/rta/ideal/edf/limited_preemptive.v; results/rta/ideal/fp/comp/fully_preemptive.v; results/rta/ovh/edf/floating_nonpreemptive.v; results/rta/ovh/edf/fully_nonpreemptive.v; results/rta/ovh/edf/fully_preemptive.v; results/rta/ovh/edf/limited_preemptive.v; results/rta/ovh/fifo/bounded_nps.v; results/rta/ovh/fp/floating_nonpreemptive.v; results/rta/ovh/fp/fully_nonpreemptive.v; results/rta/ovh/fp/fully_preemptive.v; results/rta/ovh/fp/limited_preemptive.v; results/rta/prm/edf/floating_nonpreemptive.v; results/rta/prm/edf/fully_nonpreemptive.v; results/rta/prm/edf/fully_preemptive.v; results/rta/prm/edf/limited_preemptive.v; results/rta/prm/fifo/bounded_nps.v; results/rta/prm/fp/floating_nonpreemptive.v; results/rta/prm/fp/fully_nonpreemptive.v; results/rta/prm/fp/fully_preemptive.v; results/rta/prm/fp/limited_preemptive.v; results/rta/rs/edf/floating_nonpreemptive.v; results/rta/rs/edf/fully_nonpreemptive.v; results/rta/rs/edf/fully_preemptive.v; results/rta/rs/edf/limited_preemptive.v; results/rta/rs/elf/floating_nonpreemptive.v; results/rta/rs/elf/fully_nonpreemptive.v; results/rta/rs/elf/fully_preemptive.v; results/rta/rs/elf/limited_preemptive.v; results/rta/rs/fifo/bounded_nps.v; results/rta/rs/fp/floating_nonpreemptive.v; results/rta/rs/fp/fully_nonpreemptive.v; results/rta/rs/fp/fully_preemptive.v; results/rta/rs/fp/limited_preemptive.v,"Export root for `model/task/arrivals.v`: the production declarations together with the accepted ArrivalSequence/Bigcat computation interface, so the accepted …"
lean_interfaces/BigcatComputationInterface.lean,analysis/definitions/carry_in.v; analysis/definitions/work_bearing_readiness.v; analysis/facts/behavior/service.v; analysis/facts/delay_propagation.v; analysis/facts/job_index.v; analysis/facts/model/arrival_curves.v; analysis/facts/model/sbf/average.v; analysis/facts/model/sbf/periodic.v; analysis/facts/sporadic/arrival_bound.v; implementation/facts/maximal_arrival_sequence.v; model/aggregate/service_of_jobs.v; model/aggregate/workload.v; model/preemption/parameter.v; analysis/definitions/interference.v; analysis/definitions/readiness.v; analysis/facts/behavior/completion.v; analysis/facts/model/ideal/schedule.v; analysis/facts/model/ideal/service_of_jobs.v; analysis/facts/model/task_schedule.v; analysis/facts/model/workload.v; analysis/facts/sporadic/arrival_times.v; implementation/definitions/task.v; model/preemption/limited_preemptive.v; model/schedule/limited_preemptive.v; model/schedule/preemption_time.v; model/task/arrival/sporadic_as_curve.v; model/task/preemption/parameters.v; analysis/definitions/blocking_bound/edf.v; analysis/definitions/blocking_bound/elf.v; analysis/definitions/blocking_bound/fp.v; analysis/definitions/busy_interval/classical.v; analysis/definitions/request_bound_function.v; analysis/definitions/schedulability.v; analysis/definitions/service_inversion/pred.v; analysis/facts/behavior/deadlines.v; analysis/facts/preemption/job/preemptive.v; analysis/facts/priority/jlfp_with_fp.v; analysis/facts/readiness/backlogged.v; analysis/facts/readiness/basic.v; analysis/facts/readiness/sequential.v; analysis/facts/sporadic/arrival_sequence.v; analysis/facts/transform/replace_at.v; implementation/definitions/job_constructor.v; model/schedule/priority_driven.v; model/task/preemption/floating_nonpreemptive.v; model/task/preemption/fully_nonpreemptive.v; model/task/preemption/fully_preemptive.v; model/task/preemption/limited_preemptive.v; analysis/abstract/restricted_supply/busy_prefix.v; analysis/definitions/busy_interval/edf_pi_bound.v; analysis/definitions/demand_bound_function.v; analysis/definitions/priority_inversion.v; analysis/definitions/sbf/busy.v; analysis/definitions/service_inversion/busy_prefix.v; analysis/definitions/service_inversion/readiness_aware.v; analysis/definitions/tardiness.v; analysis/definitions/workload/bounded.v; analysis/definitions/workload/edf_athep_bound.v; analysis/definitions/workload/elf_athep_bound.v; analysis/facts/busy_interval/quiet_time.v; analysis/facts/edf_definitions.v; analysis/facts/jitter.v; analysis/facts/model/preemption.v; analysis/facts/preemption/task/preemptive.v; analysis/facts/suspension.v; analysis/facts/transform/swaps.v; implementation/definitions/ideal_uni_scheduler.v; implementation/facts/generic_schedule.v; implementation/facts/job_constructor.v; analysis/facts/completes_at.v; analysis/facts/model/dynamic_suspension.v; analysis/facts/model/exceedance/SBF.v; analysis/facts/model/rbf.v; analysis/facts/model/sequential.v; analysis/facts/model/service_of_jobs.v; analysis/facts/preemption/job/nonpreemptive.v; analysis/facts/preemption/rtc_threshold/job_preemptable.v; analysis/facts/priority/inversion.v; analysis/facts/priority/sequential.v; analysis/transform/prefix.v; implementation/facts/ideal_uni/preemption_aware.v; model/task/offset.v; analysis/abstract/iw_auxiliary.v; analysis/abstract/restricted_supply/search_space/fp.v; analysis/facts/busy_interval/existence.v; analysis/facts/interference.v; analysis/facts/model/dbf.v; analysis/facts/model/ideal/priority_inversion.v; analysis/facts/model/offset.v; analysis/facts/preemption/job/limited.v; analysis/facts/preemption/rtc_threshold/nonpreemptive.v; analysis/facts/preemption/rtc_threshold/preemptive.v; analysis/facts/preemption/task/nonpreemptive.v; analysis/facts/priority/edf.v; analysis/facts/priority/gel.v; analysis/facts/workload/edf_athep_bound.v; analysis/facts/workload/elf_athep_bound.v; analysis/transform/edf_trans.v; analysis/transform/wc_trans.v; implementation/facts/ideal_uni/prio_aware.v; model/task/arrival/periodic.v; results/transfer_schedulability/criterion.v; analysis/abstract/busy_interval.v; analysis/abstract/restricted_supply/search_space/edf.v; analysis/abstract/restricted_supply/search_space/elf.v; analysis/definitions/hyperperiod.v; analysis/facts/busy_interval/carry_in.v; analysis/facts/busy_interval/hep_at_pt.v; analysis/facts/preemption/task/floating.v; analysis/facts/preemption/task/limited.v; analysis/facts/priority/elf.v; analysis/facts/readiness_interference.v; analysis/facts/transform/edf_opt.v; analysis/facts/transform/wc_correctness.v; model/task/arrival/periodic_as_sporadic.v; results/transfer_schedulability/paper_model.v; analysis/abstract/lower_bound_on_service.v; analysis/facts/busy_interval/arrival.v; analysis/facts/busy_interval/pi.v; analysis/facts/periodic/arrival_separation.v; analysis/facts/preemption/rtc_threshold/floating.v; analysis/facts/preemption/rtc_threshold/limited.v; analysis/facts/transform/edf_wc.v; results/generality/elf.v; analysis/abstract/abstract_rta.v; analysis/facts/blocking_bound/edf.v; analysis/facts/blocking_bound/elf.v; analysis/facts/blocking_bound/fp.v; analysis/facts/busy_interval/pi_bound.v; analysis/facts/busy_interval/pi_cond.v; analysis/facts/busy_interval/service_inversion.v; analysis/facts/model/overheads/schedule.v; analysis/facts/periodic/max_inter_arrival.v; results/optimality/edf.v; analysis/abstract/IBF/supply.v; analysis/abstract/IBF/task.v; analysis/abstract/ideal/abstract_rta.v; analysis/facts/model/overheads/priority_bump.v; analysis/facts/model/overheads/schedule_change.v; analysis/facts/periodic/arrival_times.v; analysis/abstract/IBF/supply_task.v; analysis/abstract/ideal/abstract_seq_rta.v; analysis/abstract/ideal/iw_instantiation.v; analysis/abstract/restricted_supply/abstract_rta.v; analysis/facts/model/overheads/schedule_change_bound.v; analysis/facts/periodic/task_arrivals_size.v; analysis/facts/priority/fifo.v; model/processor/overhead_resource_model.v; analysis/abstract/ideal/cumulative_bounds.v; analysis/abstract/restricted_supply/abstract_seq_rta.v; analysis/abstract/restricted_supply/iw_instantiation.v; analysis/abstract/restricted_supply/iw_readiness.v; analysis/abstract/restricted_supply/search_space/fifo.v; analysis/facts/hyperperiod.v; analysis/facts/model/overheads/blackout_bound.v; analysis/facts/priority/fifo_ahep_bound.v; results/generality/gel.v; results/rta/ideal/fp/bounded_pi.v; analysis/abstract/restricted_supply/bounded_bi/aux.v; analysis/abstract/restricted_supply/search_space/fifo_fixpoint.v; analysis/abstract/restricted_supply/task_ibf_readiness.v; analysis/abstract/restricted_supply/task_intra_interference_bound.v; analysis/facts/model/overheads/sbf/fifo.v; analysis/facts/model/overheads/sbf/fp.v; analysis/facts/model/overheads/sbf/jlfp.v; analysis/facts/shifted_job_costs.v; results/rta/ideal/edf/bounded_pi.v; results/rta/ideal/elf/bounded_pi.v; results/rta/ideal/fifo/bounded_nps.v; results/rta/ideal/fp/bounded_nps.v; results/rta/ideal/fp/nonseq/bounded_pi.v; results/rta/ideal/gel/bounded_pi.v; analysis/abstract/restricted_supply/bounded_bi/edf.v; analysis/abstract/restricted_supply/bounded_bi/elf.v; analysis/abstract/restricted_supply/bounded_bi/fp.v; analysis/abstract/restricted_supply/bounded_bi/jlfp.v; results/rta/ideal/edf/bounded_nps.v; results/rta/ideal/fp/floating_nonpreemptive.v; results/rta/ideal/fp/fully_nonpreemptive.v; results/rta/ideal/fp/fully_preemptive.v; results/rta/ideal/fp/limited_preemptive.v; results/rta/arm/edf/floating_nonpreemptive.v; results/rta/arm/edf/fully_nonpreemptive.v; results/rta/arm/edf/fully_preemptive.v; results/rta/arm/edf/limited_preemptive.v; results/rta/arm/fifo/bounded_nps.v; results/rta/arm/fp/floating_nonpreemptive.v; results/rta/arm/fp/fully_nonpreemptive.v; results/rta/arm/fp/fully_preemptive.v; results/rta/arm/fp/limited_preemptive.v; results/rta/exc/fp/fully_nonpreemptive.v; results/rta/ideal/edf/floating_nonpreemptive.v; results/rta/ideal/edf/fully_nonpreemptive.v; results/rta/ideal/edf/fully_preemptive.v; results/rta/ideal/edf/limited_preemptive.v; results/rta/ideal/fp/comp/fully_preemptive.v; results/rta/ovh/edf/floating_nonpreemptive.v; results/rta/ovh/edf/fully_nonpreemptive.v; results/rta/ovh/edf/fully_preemptive.v; results/rta/ovh/edf/limited_preemptive.v; results/rta/ovh/fifo/bounded_nps.v; results/rta/ovh/fp/floating_nonpreemptive.v; results/rta/ovh/fp/fully_nonpreemptive.v; results/rta/ovh/fp/fully_preemptive.v; results/rta/ovh/fp/limited_preemptive.v; results/rta/prm/edf/floating_nonpreemptive.v; results/rta/prm/edf/fully_nonpreemptive.v; results/rta/prm/edf/fully_preemptive.v; results/rta/prm/edf/limited_preemptive.v; results/rta/prm/fifo/bounded_nps.v; results/rta/prm/fp/floating_nonpreemptive.v; results/rta/prm/fp/fully_nonpreemptive.v; results/rta/prm/fp/fully_preemptive.v; results/rta/prm/fp/limited_preemptive.v; results/rta/rs/edf/floating_nonpreemptive.v; results/rta/rs/edf/fully_nonpreemptive.v; results/rta/rs/edf/fully_preemptive.v; results/rta/rs/edf/limited_preemptive.v; results/rta/rs/elf/floating_nonpreemptive.v; results/rta/rs/elf/fully_nonpreemptive.v; results/rta/rs/elf/fully_preemptive.v; results/rta/rs/elf/limited_preemptive.v; results/rta/rs/fifo/bounded_nps.v; results/rta/rs/fp/floating_nonpreemptive.v; results/rta/rs/fp/fully_nonpreemptive.v; results/rta/rs/fp/fully_preemptive.v; results/rta/rs/fp/limited_preemptive.v; implementation/refinements/EDF/nonpreemptive_sched.v; implementation/refinements/EDF/preemptive_sched.v; implementation/refinements/FP/nonpreemptive_sched.v; implementation/refinements/FP/preemptive_sched.v,Exact actual-artifact equations for the three Bigcat computational interfaces.
lean_interfaces/BlackoutBoundComputationInterface.lean,analysis/facts/model/overheads/blackout_bound.v; analysis/facts/model/overheads/sbf/fifo.v; analysis/facts/model/overheads/sbf/fp.v; analysis/facts/model/overheads/sbf/jlfp.v; results/rta/ovh/edf/floating_nonpreemptive.v; results/rta/ovh/edf/fully_nonpreemptive.v; results/rta/ovh/edf/fully_preemptive.v; results/rta/ovh/edf/limited_preemptive.v; results/rta/ovh/fifo/bounded_nps.v; results/rta/ovh/fp/floating_nonpreemptive.v; results/rta/ovh/fp/fully_nonpreemptive.v; results/rta/ovh/fp/fully_preemptive.v; results/rta/ovh/fp/limited_preemptive.v,"Export root for `analysis/facts/model/overheads/blackout_bound.v`: the eleven statements together with the accepted overhead-resource-model export root, the …"
lean_interfaces/BlockingBoundEdfComputationInterface.lean,analysis/definitions/blocking_bound/elf.v; analysis/definitions/blocking_bound/fp.v; analysis/abstract/restricted_supply/search_space/fp.v; analysis/abstract/restricted_supply/search_space/edf.v; analysis/abstract/restricted_supply/search_space/elf.v; analysis/facts/blocking_bound/edf.v; analysis/facts/blocking_bound/elf.v; analysis/abstract/restricted_supply/search_space/fifo.v; analysis/abstract/restricted_supply/search_space/fifo_fixpoint.v; results/rta/ideal/edf/bounded_pi.v; results/rta/ideal/elf/bounded_pi.v; results/rta/ideal/fifo/bounded_nps.v; results/rta/ideal/fp/nonseq/bounded_pi.v; results/rta/ideal/gel/bounded_pi.v; analysis/abstract/restricted_supply/bounded_bi/edf.v; analysis/abstract/restricted_supply/bounded_bi/elf.v; analysis/abstract/restricted_supply/bounded_bi/fp.v; results/rta/ideal/edf/bounded_nps.v; results/rta/arm/edf/floating_nonpreemptive.v; results/rta/arm/edf/fully_nonpreemptive.v; results/rta/arm/edf/fully_preemptive.v; results/rta/arm/edf/limited_preemptive.v; results/rta/arm/fifo/bounded_nps.v; results/rta/arm/fp/floating_nonpreemptive.v; results/rta/arm/fp/fully_nonpreemptive.v; results/rta/arm/fp/fully_preemptive.v; results/rta/arm/fp/limited_preemptive.v; results/rta/exc/fp/fully_nonpreemptive.v; results/rta/ideal/edf/floating_nonpreemptive.v; results/rta/ideal/edf/fully_nonpreemptive.v; results/rta/ideal/edf/fully_preemptive.v; results/rta/ideal/edf/limited_preemptive.v; results/rta/ovh/edf/floating_nonpreemptive.v; results/rta/ovh/edf/fully_nonpreemptive.v; results/rta/ovh/edf/fully_preemptive.v; results/rta/ovh/edf/limited_preemptive.v; results/rta/ovh/fifo/bounded_nps.v; results/rta/ovh/fp/floating_nonpreemptive.v; results/rta/ovh/fp/fully_nonpreemptive.v; results/rta/ovh/fp/fully_preemptive.v; results/rta/ovh/fp/limited_preemptive.v; results/rta/prm/edf/floating_nonpreemptive.v; results/rta/prm/edf/fully_nonpreemptive.v; results/rta/prm/edf/fully_preemptive.v; results/rta/prm/edf/limited_preemptive.v; results/rta/prm/fifo/bounded_nps.v; results/rta/prm/fp/floating_nonpreemptive.v; results/rta/prm/fp/fully_nonpreemptive.v; results/rta/prm/fp/fully_preemptive.v; results/rta/prm/fp/limited_preemptive.v; results/rta/rs/edf/floating_nonpreemptive.v; results/rta/rs/edf/fully_nonpreemptive.v; results/rta/rs/edf/fully_preemptive.v; results/rta/rs/edf/limited_preemptive.v; results/rta/rs/elf/floating_nonpreemptive.v; results/rta/rs/elf/fully_nonpreemptive.v; results/rta/rs/elf/fully_preemptive.v; results/rta/rs/elf/limited_preemptive.v; results/rta/rs/fifo/bounded_nps.v; results/rta/rs/fp/floating_nonpreemptive.v; results/rta/rs/fp/fully_nonpreemptive.v; results/rta/rs/fp/fully_preemptive.v; results/rta/rs/fp/limited_preemptive.v,"Export root for `analysis/definitions/blocking_bound/edf.v`: the production declarations, the accepted task-preemption-parameters export root, and …"
lean_interfaces/BlockingBoundEdfFactsComputationInterface.lean,analysis/facts/blocking_bound/elf.v,"Export root for `analysis/facts/blocking_bound/edf.v`: the statement together with the accepted `pi` export root, the accepted EDF blocking-bound export root …"
lean_interfaces/BlockingBoundElfComputationInterface.lean,analysis/abstract/restricted_supply/search_space/elf.v; analysis/facts/blocking_bound/elf.v; analysis/abstract/restricted_supply/bounded_bi/elf.v; results/rta/rs/elf/floating_nonpreemptive.v; results/rta/rs/elf/fully_nonpreemptive.v; results/rta/rs/elf/fully_preemptive.v; results/rta/rs/elf/limited_preemptive.v,Export root for `analysis/definitions/blocking_bound/elf.v`: the ELF blocking bound together with the accepted blocking-bound export root (with its …
lean_interfaces/BlockingBoundFpComputationInterface.lean,analysis/definitions/blocking_bound/elf.v; analysis/abstract/restricted_supply/search_space/fp.v; analysis/abstract/restricted_supply/search_space/elf.v; analysis/facts/blocking_bound/elf.v; analysis/abstract/restricted_supply/search_space/fifo.v; analysis/abstract/restricted_supply/search_space/fifo_fixpoint.v; analysis/abstract/restricted_supply/bounded_bi/edf.v; analysis/abstract/restricted_supply/bounded_bi/elf.v; analysis/abstract/restricted_supply/bounded_bi/fp.v; results/rta/arm/fifo/bounded_nps.v; results/rta/arm/fp/floating_nonpreemptive.v; results/rta/arm/fp/fully_nonpreemptive.v; results/rta/arm/fp/fully_preemptive.v; results/rta/arm/fp/limited_preemptive.v; results/rta/exc/fp/fully_nonpreemptive.v; results/rta/ovh/fifo/bounded_nps.v; results/rta/ovh/fp/floating_nonpreemptive.v; results/rta/ovh/fp/fully_nonpreemptive.v; results/rta/ovh/fp/fully_preemptive.v; results/rta/ovh/fp/limited_preemptive.v; results/rta/prm/fifo/bounded_nps.v; results/rta/prm/fp/floating_nonpreemptive.v; results/rta/prm/fp/fully_nonpreemptive.v; results/rta/prm/fp/fully_preemptive.v; results/rta/prm/fp/limited_preemptive.v; results/rta/rs/elf/floating_nonpreemptive.v; results/rta/rs/elf/fully_nonpreemptive.v; results/rta/rs/elf/fully_preemptive.v; results/rta/rs/elf/limited_preemptive.v; results/rta/rs/fifo/bounded_nps.v; results/rta/rs/fp/floating_nonpreemptive.v; results/rta/rs/fp/fully_nonpreemptive.v; results/rta/rs/fp/fully_preemptive.v; results/rta/rs/fp/limited_preemptive.v,Export root for `analysis/definitions/blocking_bound/fp.v`: the production declaration together with the accepted EDF blocking-bound export root (the …
lean_interfaces/BoundedBiFpComputationInterface.lean,analysis/abstract/restricted_supply/bounded_bi/edf.v; analysis/abstract/restricted_supply/bounded_bi/elf.v; results/rta/arm/fp/floating_nonpreemptive.v; results/rta/arm/fp/fully_nonpreemptive.v; results/rta/arm/fp/fully_preemptive.v; results/rta/arm/fp/limited_preemptive.v; results/rta/prm/fp/floating_nonpreemptive.v; results/rta/prm/fp/fully_nonpreemptive.v; results/rta/prm/fp/fully_preemptive.v; results/rta/prm/fp/limited_preemptive.v; results/rta/rs/fp/floating_nonpreemptive.v; results/rta/rs/fp/fully_nonpreemptive.v; results/rta/rs/fp/fully_preemptive.v; results/rta/rs/fp/limited_preemptive.v,Export root for `analysis/abstract/restricted_supply/bounded_bi/fp.v`: the statement together with the accepted restricted-supply JLFP bounded-busy-interval …
lean_interfaces/BoundedBiJlfpComputationInterface.lean,analysis/abstract/restricted_supply/search_space/fifo_fixpoint.v; analysis/abstract/restricted_supply/bounded_bi/edf.v; analysis/abstract/restricted_supply/bounded_bi/elf.v; analysis/abstract/restricted_supply/bounded_bi/fp.v; results/rta/arm/edf/floating_nonpreemptive.v; results/rta/arm/edf/fully_nonpreemptive.v; results/rta/arm/edf/fully_preemptive.v; results/rta/arm/edf/limited_preemptive.v; results/rta/arm/fifo/bounded_nps.v; results/rta/arm/fp/floating_nonpreemptive.v; results/rta/arm/fp/fully_nonpreemptive.v; results/rta/arm/fp/fully_preemptive.v; results/rta/arm/fp/limited_preemptive.v; results/rta/prm/edf/floating_nonpreemptive.v; results/rta/prm/edf/fully_nonpreemptive.v; results/rta/prm/edf/fully_preemptive.v; results/rta/prm/edf/limited_preemptive.v; results/rta/prm/fifo/bounded_nps.v; results/rta/prm/fp/floating_nonpreemptive.v; results/rta/prm/fp/fully_nonpreemptive.v; results/rta/prm/fp/fully_preemptive.v; results/rta/prm/fp/limited_preemptive.v; results/rta/rs/edf/floating_nonpreemptive.v; results/rta/rs/edf/fully_nonpreemptive.v; results/rta/rs/edf/fully_preemptive.v; results/rta/rs/edf/limited_preemptive.v; results/rta/rs/elf/floating_nonpreemptive.v; results/rta/rs/elf/fully_nonpreemptive.v; results/rta/rs/elf/fully_preemptive.v; results/rta/rs/elf/limited_preemptive.v; results/rta/rs/fifo/bounded_nps.v; results/rta/rs/fp/floating_nonpreemptive.v; results/rta/rs/fp/fully_nonpreemptive.v; results/rta/rs/fp/fully_preemptive.v; results/rta/rs/fp/limited_preemptive.v,Export root for `analysis/abstract/restricted_supply/bounded_bi/jlfp.v`: the statement together with the accepted restricted-supply task intra-interference …
lean_interfaces/BusyIntervalAbstractComputationInterface.lean,analysis/abstract/lower_bound_on_service.v; analysis/abstract/abstract_rta.v; analysis/abstract/IBF/supply.v; analysis/abstract/IBF/task.v; analysis/abstract/ideal/abstract_rta.v; analysis/abstract/IBF/supply_task.v; analysis/abstract/ideal/abstract_seq_rta.v; analysis/abstract/ideal/iw_instantiation.v; analysis/abstract/restricted_supply/abstract_rta.v; analysis/abstract/ideal/cumulative_bounds.v; analysis/abstract/restricted_supply/abstract_seq_rta.v; analysis/abstract/restricted_supply/iw_instantiation.v; analysis/abstract/restricted_supply/iw_readiness.v; analysis/facts/priority/fifo_ahep_bound.v; results/rta/ideal/fp/bounded_pi.v; analysis/abstract/restricted_supply/bounded_bi/aux.v; analysis/abstract/restricted_supply/search_space/fifo_fixpoint.v; analysis/abstract/restricted_supply/task_ibf_readiness.v; analysis/abstract/restricted_supply/task_intra_interference_bound.v; results/rta/ideal/edf/bounded_pi.v; results/rta/ideal/elf/bounded_pi.v; results/rta/ideal/fifo/bounded_nps.v; results/rta/ideal/fp/bounded_nps.v; results/rta/ideal/fp/nonseq/bounded_pi.v; results/rta/ideal/gel/bounded_pi.v; analysis/abstract/restricted_supply/bounded_bi/edf.v; analysis/abstract/restricted_supply/bounded_bi/elf.v; analysis/abstract/restricted_supply/bounded_bi/fp.v; analysis/abstract/restricted_supply/bounded_bi/jlfp.v; results/rta/ideal/edf/bounded_nps.v; results/rta/ideal/fp/floating_nonpreemptive.v; results/rta/ideal/fp/fully_nonpreemptive.v; results/rta/ideal/fp/fully_preemptive.v; results/rta/ideal/fp/limited_preemptive.v; results/rta/arm/edf/floating_nonpreemptive.v; results/rta/arm/edf/fully_nonpreemptive.v; results/rta/arm/edf/fully_preemptive.v; results/rta/arm/edf/limited_preemptive.v; results/rta/arm/fifo/bounded_nps.v; results/rta/arm/fp/floating_nonpreemptive.v; results/rta/arm/fp/fully_nonpreemptive.v; results/rta/arm/fp/fully_preemptive.v; results/rta/arm/fp/limited_preemptive.v; results/rta/ideal/edf/floating_nonpreemptive.v; results/rta/ideal/edf/fully_nonpreemptive.v; results/rta/ideal/edf/fully_preemptive.v; results/rta/ideal/edf/limited_preemptive.v; results/rta/ideal/fp/comp/fully_preemptive.v; results/rta/prm/edf/floating_nonpreemptive.v; results/rta/prm/edf/fully_nonpreemptive.v; results/rta/prm/edf/fully_preemptive.v; results/rta/prm/edf/limited_preemptive.v; results/rta/prm/fifo/bounded_nps.v; results/rta/prm/fp/floating_nonpreemptive.v; results/rta/prm/fp/fully_nonpreemptive.v; results/rta/prm/fp/fully_preemptive.v; results/rta/prm/fp/limited_preemptive.v; results/rta/rs/edf/floating_nonpreemptive.v; results/rta/rs/edf/fully_nonpreemptive.v; results/rta/rs/edf/fully_preemptive.v; results/rta/rs/edf/limited_preemptive.v; results/rta/rs/elf/floating_nonpreemptive.v; results/rta/rs/elf/fully_nonpreemptive.v; results/rta/rs/elf/fully_preemptive.v; results/rta/rs/elf/limited_preemptive.v; results/rta/rs/fifo/bounded_nps.v; results/rta/rs/fp/floating_nonpreemptive.v; results/rta/rs/fp/fully_nonpreemptive.v; results/rta/rs/fp/fully_preemptive.v; results/rta/rs/fp/limited_preemptive.v,Export root for `analysis/abstract/busy_interval.v`: the fifteen statements together with the accepted abstract restricted-supply busy-prefix export root …
lean_interfaces/BusyIntervalClassicalComputationInterface.lean,analysis/definitions/priority_inversion.v; analysis/definitions/sbf/busy.v; analysis/definitions/service_inversion/busy_prefix.v; analysis/definitions/workload/bounded.v; analysis/facts/busy_interval/quiet_time.v; analysis/facts/completes_at.v; analysis/facts/model/exceedance/SBF.v; analysis/facts/model/rbf.v; analysis/facts/model/service_of_jobs.v; analysis/facts/priority/inversion.v; analysis/abstract/restricted_supply/search_space/fp.v; analysis/facts/busy_interval/existence.v; analysis/facts/interference.v; analysis/facts/model/dbf.v; analysis/facts/model/ideal/priority_inversion.v; analysis/facts/workload/edf_athep_bound.v; analysis/facts/workload/elf_athep_bound.v; analysis/abstract/restricted_supply/search_space/edf.v; analysis/abstract/restricted_supply/search_space/elf.v; analysis/facts/busy_interval/carry_in.v; analysis/facts/busy_interval/hep_at_pt.v; analysis/facts/busy_interval/arrival.v; analysis/facts/busy_interval/pi.v; analysis/facts/blocking_bound/edf.v; analysis/facts/blocking_bound/elf.v; analysis/facts/blocking_bound/fp.v; analysis/facts/busy_interval/pi_bound.v; analysis/facts/busy_interval/pi_cond.v; analysis/facts/busy_interval/service_inversion.v; analysis/facts/model/overheads/schedule.v; analysis/facts/model/overheads/priority_bump.v; analysis/facts/model/overheads/schedule_change.v; analysis/abstract/ideal/iw_instantiation.v; analysis/facts/model/overheads/schedule_change_bound.v; analysis/facts/priority/fifo.v; model/processor/overhead_resource_model.v; analysis/abstract/ideal/cumulative_bounds.v; analysis/abstract/restricted_supply/iw_instantiation.v; analysis/abstract/restricted_supply/iw_readiness.v; analysis/abstract/restricted_supply/search_space/fifo.v; analysis/facts/model/overheads/blackout_bound.v; analysis/facts/priority/fifo_ahep_bound.v; results/rta/ideal/fp/bounded_pi.v; analysis/abstract/restricted_supply/bounded_bi/aux.v; analysis/abstract/restricted_supply/search_space/fifo_fixpoint.v; analysis/abstract/restricted_supply/task_ibf_readiness.v; analysis/abstract/restricted_supply/task_intra_interference_bound.v; analysis/facts/model/overheads/sbf/fifo.v; analysis/facts/model/overheads/sbf/fp.v; analysis/facts/model/overheads/sbf/jlfp.v; results/rta/ideal/edf/bounded_pi.v; results/rta/ideal/elf/bounded_pi.v; results/rta/ideal/fifo/bounded_nps.v; results/rta/ideal/fp/bounded_nps.v; results/rta/ideal/fp/nonseq/bounded_pi.v; results/rta/ideal/gel/bounded_pi.v; analysis/abstract/restricted_supply/bounded_bi/edf.v; analysis/abstract/restricted_supply/bounded_bi/elf.v; analysis/abstract/restricted_supply/bounded_bi/fp.v; analysis/abstract/restricted_supply/bounded_bi/jlfp.v; results/rta/ideal/edf/bounded_nps.v; results/rta/ideal/fp/floating_nonpreemptive.v; results/rta/ideal/fp/fully_nonpreemptive.v; results/rta/ideal/fp/fully_preemptive.v; results/rta/ideal/fp/limited_preemptive.v; results/rta/arm/edf/floating_nonpreemptive.v; results/rta/arm/edf/fully_nonpreemptive.v; results/rta/arm/edf/fully_preemptive.v; results/rta/arm/edf/limited_preemptive.v; results/rta/arm/fifo/bounded_nps.v; results/rta/arm/fp/floating_nonpreemptive.v; results/rta/arm/fp/fully_nonpreemptive.v; results/rta/arm/fp/fully_preemptive.v; results/rta/arm/fp/limited_preemptive.v; results/rta/exc/fp/fully_nonpreemptive.v; results/rta/ideal/edf/floating_nonpreemptive.v; results/rta/ideal/edf/fully_nonpreemptive.v; results/rta/ideal/edf/fully_preemptive.v; results/rta/ideal/edf/limited_preemptive.v; results/rta/ideal/fp/comp/fully_preemptive.v; results/rta/ovh/edf/floating_nonpreemptive.v; results/rta/ovh/edf/fully_nonpreemptive.v; results/rta/ovh/edf/fully_preemptive.v; results/rta/ovh/edf/limited_preemptive.v; results/rta/ovh/fifo/bounded_nps.v; results/rta/ovh/fp/floating_nonpreemptive.v; results/rta/ovh/fp/fully_nonpreemptive.v; results/rta/ovh/fp/fully_preemptive.v; results/rta/ovh/fp/limited_preemptive.v; results/rta/prm/edf/floating_nonpreemptive.v; results/rta/prm/edf/fully_nonpreemptive.v; results/rta/prm/edf/fully_preemptive.v; results/rta/prm/edf/limited_preemptive.v; results/rta/prm/fifo/bounded_nps.v; results/rta/prm/fp/floating_nonpreemptive.v; results/rta/prm/fp/fully_nonpreemptive.v; results/rta/prm/fp/fully_preemptive.v; results/rta/prm/fp/limited_preemptive.v; results/rta/rs/edf/floating_nonpreemptive.v; results/rta/rs/edf/fully_nonpreemptive.v; results/rta/rs/edf/fully_preemptive.v; results/rta/rs/edf/limited_preemptive.v; results/rta/rs/elf/floating_nonpreemptive.v; results/rta/rs/elf/fully_nonpreemptive.v; results/rta/rs/elf/fully_preemptive.v; results/rta/rs/elf/limited_preemptive.v; results/rta/rs/fifo/bounded_nps.v; results/rta/rs/fp/floating_nonpreemptive.v; results/rta/rs/fp/fully_nonpreemptive.v; results/rta/rs/fp/fully_preemptive.v; results/rta/rs/fp/limited_preemptive.v,"Export root for `analysis/definitions/busy_interval/classical.v`: the production declarations, the accepted preemption-parameter export root, and …"
lean_interfaces/BusyIntervalServiceInversionComputationInterface.lean,analysis/abstract/ideal/iw_instantiation.v; analysis/facts/priority/fifo.v; analysis/abstract/ideal/cumulative_bounds.v; analysis/abstract/restricted_supply/iw_instantiation.v; analysis/abstract/restricted_supply/iw_readiness.v; analysis/facts/priority/fifo_ahep_bound.v; results/rta/ideal/fp/bounded_pi.v; analysis/abstract/restricted_supply/bounded_bi/aux.v; analysis/abstract/restricted_supply/search_space/fifo_fixpoint.v; analysis/abstract/restricted_supply/task_ibf_readiness.v; analysis/abstract/restricted_supply/task_intra_interference_bound.v; results/rta/ideal/edf/bounded_pi.v; results/rta/ideal/elf/bounded_pi.v; results/rta/ideal/fifo/bounded_nps.v; results/rta/ideal/fp/bounded_nps.v; results/rta/ideal/fp/nonseq/bounded_pi.v; results/rta/ideal/gel/bounded_pi.v; analysis/abstract/restricted_supply/bounded_bi/edf.v; analysis/abstract/restricted_supply/bounded_bi/elf.v; analysis/abstract/restricted_supply/bounded_bi/fp.v; analysis/abstract/restricted_supply/bounded_bi/jlfp.v; results/rta/ideal/edf/bounded_nps.v; results/rta/ideal/fp/floating_nonpreemptive.v; results/rta/ideal/fp/fully_nonpreemptive.v; results/rta/ideal/fp/fully_preemptive.v; results/rta/ideal/fp/limited_preemptive.v; results/rta/arm/edf/floating_nonpreemptive.v; results/rta/arm/edf/fully_nonpreemptive.v; results/rta/arm/edf/fully_preemptive.v; results/rta/arm/edf/limited_preemptive.v; results/rta/arm/fifo/bounded_nps.v; results/rta/arm/fp/floating_nonpreemptive.v; results/rta/arm/fp/fully_nonpreemptive.v; results/rta/arm/fp/fully_preemptive.v; results/rta/arm/fp/limited_preemptive.v; results/rta/ideal/edf/floating_nonpreemptive.v; results/rta/ideal/edf/fully_nonpreemptive.v; results/rta/ideal/edf/fully_preemptive.v; results/rta/ideal/edf/limited_preemptive.v; results/rta/ideal/fp/comp/fully_preemptive.v; results/rta/prm/edf/floating_nonpreemptive.v; results/rta/prm/edf/fully_nonpreemptive.v; results/rta/prm/edf/fully_preemptive.v; results/rta/prm/edf/limited_preemptive.v; results/rta/prm/fifo/bounded_nps.v; results/rta/prm/fp/floating_nonpreemptive.v; results/rta/prm/fp/fully_nonpreemptive.v; results/rta/prm/fp/fully_preemptive.v; results/rta/prm/fp/limited_preemptive.v; results/rta/rs/edf/floating_nonpreemptive.v; results/rta/rs/edf/fully_nonpreemptive.v; results/rta/rs/edf/fully_preemptive.v; results/rta/rs/edf/limited_preemptive.v; results/rta/rs/elf/floating_nonpreemptive.v; results/rta/rs/elf/fully_nonpreemptive.v; results/rta/rs/elf/fully_preemptive.v; results/rta/rs/elf/limited_preemptive.v; results/rta/rs/fifo/bounded_nps.v; results/rta/rs/fp/floating_nonpreemptive.v; results/rta/rs/fp/fully_nonpreemptive.v; results/rta/rs/fp/fully_preemptive.v; results/rta/rs/fp/limited_preemptive.v,Export root for `analysis/facts/busy_interval/service_inversion.v`: the statements together with the accepted `pi_bound` export root and the accepted …
lean_interfaces/BusyPrefixComputationInterface.lean,analysis/definitions/service_inversion/readiness_aware.v; analysis/abstract/iw_auxiliary.v; analysis/abstract/busy_interval.v; analysis/facts/readiness_interference.v; analysis/abstract/lower_bound_on_service.v; analysis/abstract/abstract_rta.v; analysis/abstract/IBF/supply.v; analysis/abstract/IBF/task.v; analysis/abstract/ideal/abstract_rta.v; analysis/abstract/IBF/supply_task.v; analysis/abstract/ideal/abstract_seq_rta.v; analysis/abstract/ideal/iw_instantiation.v; analysis/abstract/restricted_supply/abstract_rta.v; analysis/abstract/ideal/cumulative_bounds.v; analysis/abstract/restricted_supply/abstract_seq_rta.v; analysis/abstract/restricted_supply/iw_instantiation.v; analysis/abstract/restricted_supply/iw_readiness.v; analysis/facts/priority/fifo_ahep_bound.v; results/rta/ideal/fp/bounded_pi.v; analysis/abstract/restricted_supply/bounded_bi/aux.v; analysis/abstract/restricted_supply/search_space/fifo_fixpoint.v; analysis/abstract/restricted_supply/task_ibf_readiness.v; analysis/abstract/restricted_supply/task_intra_interference_bound.v; results/rta/ideal/edf/bounded_pi.v; results/rta/ideal/elf/bounded_pi.v; results/rta/ideal/fifo/bounded_nps.v; results/rta/ideal/fp/bounded_nps.v; results/rta/ideal/fp/nonseq/bounded_pi.v; results/rta/ideal/gel/bounded_pi.v; analysis/abstract/restricted_supply/bounded_bi/edf.v; analysis/abstract/restricted_supply/bounded_bi/elf.v; analysis/abstract/restricted_supply/bounded_bi/fp.v; analysis/abstract/restricted_supply/bounded_bi/jlfp.v; results/rta/ideal/edf/bounded_nps.v; results/rta/ideal/fp/floating_nonpreemptive.v; results/rta/ideal/fp/fully_nonpreemptive.v; results/rta/ideal/fp/fully_preemptive.v; results/rta/ideal/fp/limited_preemptive.v; results/rta/arm/edf/floating_nonpreemptive.v; results/rta/arm/edf/fully_nonpreemptive.v; results/rta/arm/edf/fully_preemptive.v; results/rta/arm/edf/limited_preemptive.v; results/rta/arm/fifo/bounded_nps.v; results/rta/arm/fp/floating_nonpreemptive.v; results/rta/arm/fp/fully_nonpreemptive.v; results/rta/arm/fp/fully_preemptive.v; results/rta/arm/fp/limited_preemptive.v; results/rta/ideal/edf/floating_nonpreemptive.v; results/rta/ideal/edf/fully_nonpreemptive.v; results/rta/ideal/edf/fully_preemptive.v; results/rta/ideal/edf/limited_preemptive.v; results/rta/ideal/fp/comp/fully_preemptive.v; results/rta/prm/edf/floating_nonpreemptive.v; results/rta/prm/edf/fully_nonpreemptive.v; results/rta/prm/edf/fully_preemptive.v; results/rta/prm/edf/limited_preemptive.v; results/rta/prm/fifo/bounded_nps.v; results/rta/prm/fp/floating_nonpreemptive.v; results/rta/prm/fp/fully_nonpreemptive.v; results/rta/prm/fp/fully_preemptive.v; results/rta/prm/fp/limited_preemptive.v; results/rta/rs/edf/floating_nonpreemptive.v; results/rta/rs/edf/fully_nonpreemptive.v; results/rta/rs/edf/fully_preemptive.v; results/rta/rs/edf/limited_preemptive.v; results/rta/rs/elf/floating_nonpreemptive.v; results/rta/rs/elf/fully_nonpreemptive.v; results/rta/rs/elf/fully_preemptive.v; results/rta/rs/elf/limited_preemptive.v; results/rta/rs/fifo/bounded_nps.v; results/rta/rs/fp/floating_nonpreemptive.v; results/rta/rs/fp/fully_nonpreemptive.v; results/rta/rs/fp/fully_preemptive.v; results/rta/rs/fp/limited_preemptive.v,Export root for `analysis/abstract/restricted_supply/busy_prefix.v`: the two production definitions together with the accepted service-inversion-predicate …
lean_interfaces/BusySbfComputationInterface.lean,analysis/abstract/restricted_supply/abstract_rta.v; analysis/abstract/restricted_supply/abstract_seq_rta.v,Export root for `analysis/abstract/restricted_supply/busy_sbf.v`: the two production definitions together with the accepted `sbf/pred` and …
lean_interfaces/CarryInComputationInterface.lean,analysis/facts/busy_interval/quiet_time.v; analysis/facts/busy_interval/carry_in.v,Export root for `analysis/definitions/carry_in.v`: the definition with the accepted Arrival Sequence and Service / Schedule computation interfaces.
lean_interfaces/CriterionComputationInterface.lean,results/transfer_schedulability/paper_model.v,Export root for `results/transfer_schedulability/criterion.v`: the eight definitions and thirty-two statements together with the accepted ideal-schedule export …
lean_interfaces/CurvesComputationInterface.lean,analysis/facts/model/rbf.v; analysis/abstract/restricted_supply/search_space/fp.v; analysis/facts/model/dbf.v; analysis/facts/workload/edf_athep_bound.v; analysis/facts/workload/elf_athep_bound.v; analysis/abstract/restricted_supply/search_space/edf.v; analysis/abstract/restricted_supply/search_space/elf.v; analysis/abstract/IBF/task.v; analysis/abstract/IBF/supply_task.v; analysis/abstract/ideal/abstract_seq_rta.v; analysis/abstract/ideal/iw_instantiation.v; analysis/abstract/ideal/cumulative_bounds.v; analysis/abstract/restricted_supply/abstract_seq_rta.v; analysis/abstract/restricted_supply/iw_instantiation.v; analysis/abstract/restricted_supply/iw_readiness.v; analysis/abstract/restricted_supply/search_space/fifo.v; analysis/facts/priority/fifo_ahep_bound.v; results/rta/ideal/fp/bounded_pi.v; analysis/abstract/restricted_supply/bounded_bi/aux.v; analysis/abstract/restricted_supply/search_space/fifo_fixpoint.v; analysis/abstract/restricted_supply/task_ibf_readiness.v; analysis/abstract/restricted_supply/task_intra_interference_bound.v; results/rta/ideal/edf/bounded_pi.v; results/rta/ideal/elf/bounded_pi.v; results/rta/ideal/fifo/bounded_nps.v; results/rta/ideal/fp/bounded_nps.v; results/rta/ideal/fp/nonseq/bounded_pi.v; results/rta/ideal/gel/bounded_pi.v; analysis/abstract/restricted_supply/bounded_bi/edf.v; analysis/abstract/restricted_supply/bounded_bi/elf.v; analysis/abstract/restricted_supply/bounded_bi/fp.v; analysis/abstract/restricted_supply/bounded_bi/jlfp.v; results/rta/ideal/edf/bounded_nps.v; results/rta/ideal/fp/floating_nonpreemptive.v; results/rta/ideal/fp/fully_nonpreemptive.v; results/rta/ideal/fp/fully_preemptive.v; results/rta/ideal/fp/limited_preemptive.v; results/rta/arm/edf/floating_nonpreemptive.v; results/rta/arm/edf/fully_nonpreemptive.v; results/rta/arm/edf/fully_preemptive.v; results/rta/arm/edf/limited_preemptive.v; results/rta/arm/fifo/bounded_nps.v; results/rta/arm/fp/floating_nonpreemptive.v; results/rta/arm/fp/fully_nonpreemptive.v; results/rta/arm/fp/fully_preemptive.v; results/rta/arm/fp/limited_preemptive.v; results/rta/exc/fp/fully_nonpreemptive.v; results/rta/ideal/edf/floating_nonpreemptive.v; results/rta/ideal/edf/fully_nonpreemptive.v; results/rta/ideal/edf/fully_preemptive.v; results/rta/ideal/edf/limited_preemptive.v; results/rta/ideal/fp/comp/fully_preemptive.v; results/rta/ovh/edf/floating_nonpreemptive.v; results/rta/ovh/edf/fully_nonpreemptive.v; results/rta/ovh/edf/fully_preemptive.v; results/rta/ovh/edf/limited_preemptive.v; results/rta/ovh/fifo/bounded_nps.v; results/rta/ovh/fp/floating_nonpreemptive.v; results/rta/ovh/fp/fully_nonpreemptive.v; results/rta/ovh/fp/fully_preemptive.v; results/rta/ovh/fp/limited_preemptive.v; results/rta/prm/edf/floating_nonpreemptive.v; results/rta/prm/edf/fully_nonpreemptive.v; results/rta/prm/edf/fully_preemptive.v; results/rta/prm/edf/limited_preemptive.v; results/rta/prm/fifo/bounded_nps.v; results/rta/prm/fp/floating_nonpreemptive.v; results/rta/prm/fp/fully_nonpreemptive.v; results/rta/prm/fp/fully_preemptive.v; results/rta/prm/fp/limited_preemptive.v; results/rta/rs/edf/floating_nonpreemptive.v; results/rta/rs/edf/fully_nonpreemptive.v; results/rta/rs/edf/fully_preemptive.v; results/rta/rs/edf/limited_preemptive.v; results/rta/rs/elf/floating_nonpreemptive.v; results/rta/rs/elf/fully_nonpreemptive.v; results/rta/rs/elf/fully_preemptive.v; results/rta/rs/elf/limited_preemptive.v; results/rta/rs/fifo/bounded_nps.v; results/rta/rs/fp/floating_nonpreemptive.v; results/rta/rs/fp/fully_nonpreemptive.v; results/rta/rs/fp/fully_preemptive.v; results/rta/rs/fp/limited_preemptive.v,"Export root for `model/task/arrival/curves.v`: the curve classes and definitions with the accepted Arrivals / ArrivalSequence / Bigcat computation interface, …"
lean_interfaces/DelayPropagationComputationInterface.lean,analysis/facts/delay_propagation.v; analysis/facts/jitter.v,Export root for `analysis/definitions/delay_propagation.v`: the definitions and the two remarks (statement-only) with the accepted Arrivals / ArrivalSequence / …
lean_interfaces/DemandBoundFunctionComputationInterface.lean,analysis/facts/model/dbf.v,Export root for `analysis/definitions/demand_bound_function.v`: the production declarations together with the accepted request-bound-function export root …
lean_interfaces/DivModComputationInterface.lean,analysis/facts/model/sbf/average.v; analysis/facts/model/sbf/periodic.v; analysis/facts/sporadic/arrival_bound.v; implementation/definitions/task.v; model/task/arrival/sporadic_as_curve.v; implementation/definitions/job_constructor.v; implementation/facts/job_constructor.v; results/rta/arm/edf/floating_nonpreemptive.v; results/rta/arm/edf/fully_nonpreemptive.v; results/rta/arm/edf/fully_preemptive.v; results/rta/arm/edf/limited_preemptive.v; results/rta/arm/fifo/bounded_nps.v; results/rta/arm/fp/floating_nonpreemptive.v; results/rta/arm/fp/fully_nonpreemptive.v; results/rta/arm/fp/fully_preemptive.v; results/rta/arm/fp/limited_preemptive.v; results/rta/prm/edf/floating_nonpreemptive.v; results/rta/prm/edf/fully_nonpreemptive.v; results/rta/prm/edf/fully_preemptive.v; results/rta/prm/edf/limited_preemptive.v; results/rta/prm/fifo/bounded_nps.v; results/rta/prm/fp/floating_nonpreemptive.v; results/rta/prm/fp/fully_nonpreemptive.v; results/rta/prm/fp/fully_preemptive.v; results/rta/prm/fp/limited_preemptive.v; implementation/refinements/refinements.v; implementation/refinements/arrival_bound.v; implementation/refinements/task.v; implementation/refinements/arrival_curve.v; implementation/refinements/arrival_curve_prefix.v; implementation/refinements/fast_search_space_computation.v; implementation/refinements/FP/fast_search_space.v; implementation/refinements/EDF/fast_search_space.v; implementation/refinements/FP/refinements.v; implementation/refinements/EDF/refinements.v,Bind the validation interface to the actual production definitions.
lean_interfaces/DynamicSuspensionComputationInterface.lean,analysis/facts/suspension.v; analysis/facts/model/dynamic_suspension.v,Export root for `model/task/suspension/dynamic.v`: the class and the validity definition together with the accepted suspension export root.
lean_interfaces/EdfAthepBoundComputationInterface.lean,analysis/definitions/workload/elf_athep_bound.v; analysis/facts/workload/edf_athep_bound.v; analysis/facts/workload/elf_athep_bound.v; analysis/abstract/restricted_supply/search_space/edf.v; analysis/abstract/restricted_supply/search_space/elf.v; results/rta/ideal/edf/bounded_pi.v; results/rta/ideal/elf/bounded_pi.v; results/rta/ideal/fifo/bounded_nps.v; results/rta/ideal/fp/nonseq/bounded_pi.v; results/rta/ideal/gel/bounded_pi.v; results/rta/ideal/edf/bounded_nps.v; results/rta/arm/edf/floating_nonpreemptive.v; results/rta/arm/edf/fully_nonpreemptive.v; results/rta/arm/edf/fully_preemptive.v; results/rta/arm/edf/limited_preemptive.v; results/rta/ideal/edf/floating_nonpreemptive.v; results/rta/ideal/edf/fully_nonpreemptive.v; results/rta/ideal/edf/fully_preemptive.v; results/rta/ideal/edf/limited_preemptive.v; results/rta/ovh/edf/floating_nonpreemptive.v; results/rta/ovh/edf/fully_nonpreemptive.v; results/rta/ovh/edf/fully_preemptive.v; results/rta/ovh/edf/limited_preemptive.v; results/rta/prm/edf/floating_nonpreemptive.v; results/rta/prm/edf/fully_nonpreemptive.v; results/rta/prm/edf/fully_preemptive.v; results/rta/prm/edf/limited_preemptive.v; results/rta/rs/edf/floating_nonpreemptive.v; results/rta/rs/edf/fully_nonpreemptive.v; results/rta/rs/edf/fully_preemptive.v; results/rta/rs/edf/limited_preemptive.v; results/rta/rs/elf/floating_nonpreemptive.v; results/rta/rs/elf/fully_nonpreemptive.v; results/rta/rs/elf/fully_preemptive.v; results/rta/rs/elf/limited_preemptive.v,"Export root for `analysis/definitions/workload/edf_athep_bound.v`: the production declaration, the accepted request-bound-function export root (including its …"
lean_interfaces/EdfDefinitionsComputationInterface.lean,analysis/facts/transform/edf_opt.v; analysis/facts/transform/edf_wc.v; results/optimality/edf.v,Export root for `analysis/facts/edf_definitions.v`: the three statements together with the accepted ideal-uniprocessor-scheduler export root …
lean_interfaces/EdfPiBoundComputationInterface.lean,analysis/abstract/restricted_supply/bounded_bi/edf.v; results/rta/arm/edf/floating_nonpreemptive.v; results/rta/arm/edf/fully_nonpreemptive.v; results/rta/arm/edf/limited_preemptive.v; results/rta/prm/edf/floating_nonpreemptive.v; results/rta/prm/edf/fully_nonpreemptive.v; results/rta/prm/edf/limited_preemptive.v; results/rta/rs/edf/floating_nonpreemptive.v; results/rta/rs/edf/fully_nonpreemptive.v; results/rta/rs/edf/limited_preemptive.v,"Export root for `analysis/definitions/busy_interval/edf_pi_bound.v`: the production declaration, the accepted task-preemption-parameters and …"
lean_interfaces/ElfAthepBoundComputationInterface.lean,analysis/facts/workload/elf_athep_bound.v; analysis/abstract/restricted_supply/search_space/elf.v; results/rta/ideal/elf/bounded_pi.v; results/rta/ideal/gel/bounded_pi.v; results/rta/rs/elf/floating_nonpreemptive.v; results/rta/rs/elf/fully_nonpreemptive.v; results/rta/rs/elf/fully_preemptive.v; results/rta/rs/elf/limited_preemptive.v,Export root for `analysis/definitions/workload/elf_athep_bound.v`: the four definitions together with the accepted EDF workload-bound export root …
lean_interfaces/ExceedanceInstWitnessComputationInterface.lean,analysis/facts/model/exceedance/SBF.v; results/rta/exc/fp/fully_nonpreemptive.v,Validation-only universe witnesses for the exceedance processor model: each definition applies one generic processor-state-dependent constant used by the …
lean_interfaces/ExceedanceSbfComputationInterface.lean,results/rta/exc/fp/fully_nonpreemptive.v,"Export root for `analysis/facts/model/exceedance/SBF.v`: the definition, the source-local SBF instance and the three statements, together with the accepted …"
lean_interfaces/ExistenceComputationInterface.lean,analysis/facts/model/exceedance/SBF.v; analysis/facts/busy_interval/carry_in.v; analysis/facts/busy_interval/hep_at_pt.v; analysis/facts/busy_interval/arrival.v; analysis/facts/busy_interval/pi.v; analysis/facts/blocking_bound/edf.v; analysis/facts/blocking_bound/elf.v; analysis/facts/blocking_bound/fp.v; analysis/facts/busy_interval/pi_bound.v; analysis/facts/busy_interval/pi_cond.v; analysis/facts/busy_interval/service_inversion.v; analysis/facts/model/overheads/schedule.v; analysis/facts/model/overheads/priority_bump.v; analysis/facts/model/overheads/schedule_change.v; analysis/abstract/ideal/iw_instantiation.v; analysis/facts/model/overheads/schedule_change_bound.v; analysis/facts/priority/fifo.v; model/processor/overhead_resource_model.v; analysis/abstract/ideal/cumulative_bounds.v; analysis/abstract/restricted_supply/iw_instantiation.v; analysis/abstract/restricted_supply/iw_readiness.v; analysis/facts/model/overheads/blackout_bound.v; analysis/facts/priority/fifo_ahep_bound.v; results/rta/ideal/fp/bounded_pi.v; analysis/abstract/restricted_supply/bounded_bi/aux.v; analysis/abstract/restricted_supply/search_space/fifo_fixpoint.v; analysis/abstract/restricted_supply/task_ibf_readiness.v; analysis/abstract/restricted_supply/task_intra_interference_bound.v; analysis/facts/model/overheads/sbf/fifo.v; analysis/facts/model/overheads/sbf/fp.v; analysis/facts/model/overheads/sbf/jlfp.v; results/rta/ideal/edf/bounded_pi.v; results/rta/ideal/elf/bounded_pi.v; results/rta/ideal/fifo/bounded_nps.v; results/rta/ideal/fp/bounded_nps.v; results/rta/ideal/fp/nonseq/bounded_pi.v; results/rta/ideal/gel/bounded_pi.v; analysis/abstract/restricted_supply/bounded_bi/edf.v; analysis/abstract/restricted_supply/bounded_bi/elf.v; analysis/abstract/restricted_supply/bounded_bi/fp.v; analysis/abstract/restricted_supply/bounded_bi/jlfp.v; results/rta/ideal/edf/bounded_nps.v; results/rta/ideal/fp/floating_nonpreemptive.v; results/rta/ideal/fp/fully_nonpreemptive.v; results/rta/ideal/fp/fully_preemptive.v; results/rta/ideal/fp/limited_preemptive.v; results/rta/arm/edf/floating_nonpreemptive.v; results/rta/arm/edf/fully_nonpreemptive.v; results/rta/arm/edf/fully_preemptive.v; results/rta/arm/edf/limited_preemptive.v; results/rta/arm/fifo/bounded_nps.v; results/rta/arm/fp/floating_nonpreemptive.v; results/rta/arm/fp/fully_nonpreemptive.v; results/rta/arm/fp/fully_preemptive.v; results/rta/arm/fp/limited_preemptive.v; results/rta/exc/fp/fully_nonpreemptive.v; results/rta/ideal/edf/floating_nonpreemptive.v; results/rta/ideal/edf/fully_nonpreemptive.v; results/rta/ideal/edf/fully_preemptive.v; results/rta/ideal/edf/limited_preemptive.v; results/rta/ideal/fp/comp/fully_preemptive.v; results/rta/ovh/edf/floating_nonpreemptive.v; results/rta/ovh/edf/fully_nonpreemptive.v; results/rta/ovh/edf/fully_preemptive.v; results/rta/ovh/edf/limited_preemptive.v; results/rta/ovh/fifo/bounded_nps.v; results/rta/ovh/fp/floating_nonpreemptive.v; results/rta/ovh/fp/fully_nonpreemptive.v; results/rta/ovh/fp/fully_preemptive.v; results/rta/ovh/fp/limited_preemptive.v; results/rta/prm/edf/floating_nonpreemptive.v; results/rta/prm/edf/fully_nonpreemptive.v; results/rta/prm/edf/fully_preemptive.v; results/rta/prm/edf/limited_preemptive.v; results/rta/prm/fifo/bounded_nps.v; results/rta/prm/fp/floating_nonpreemptive.v; results/rta/prm/fp/fully_nonpreemptive.v; results/rta/prm/fp/fully_preemptive.v; results/rta/prm/fp/limited_preemptive.v; results/rta/rs/edf/floating_nonpreemptive.v; results/rta/rs/edf/fully_nonpreemptive.v; results/rta/rs/edf/fully_preemptive.v; results/rta/rs/edf/limited_preemptive.v; results/rta/rs/elf/floating_nonpreemptive.v; results/rta/rs/elf/fully_nonpreemptive.v; results/rta/rs/elf/fully_preemptive.v; results/rta/rs/elf/limited_preemptive.v; results/rta/rs/fifo/bounded_nps.v; results/rta/rs/fp/floating_nonpreemptive.v; results/rta/rs/fp/fully_nonpreemptive.v; results/rta/rs/fp/fully_preemptive.v; results/rta/rs/fp/limited_preemptive.v,"Export root for `analysis/facts/busy_interval/existence.v`: the fourteen statements together with the accepted preemption-facts export root, the accepted …"
lean_interfaces/ExtrapolatedArrivalCurveArithmeticInterface.lean,implementation/definitions/task.v; implementation/definitions/job_constructor.v; implementation/facts/job_constructor.v; implementation/refinements/EDF/nonpreemptive_sched.v; implementation/refinements/EDF/preemptive_sched.v; implementation/refinements/FP/nonpreemptive_sched.v; implementation/refinements/FP/preemptive_sched.v,Validation-only Euclidean laws for the exact `Nat.div`/`Nat.mod` operations used by the compiled production module.
lean_interfaces/FactsArrivalCurvesComputationInterface.lean,implementation/definitions/task.v; model/task/arrival/sporadic_as_curve.v; implementation/definitions/job_constructor.v; implementation/facts/job_constructor.v; analysis/facts/model/dynamic_suspension.v; analysis/facts/model/overheads/schedule_change_bound.v; analysis/facts/model/overheads/sbf/fifo.v; analysis/facts/model/overheads/sbf/fp.v; analysis/facts/model/overheads/sbf/jlfp.v; results/rta/ovh/edf/floating_nonpreemptive.v; results/rta/ovh/edf/fully_nonpreemptive.v; results/rta/ovh/edf/fully_preemptive.v; results/rta/ovh/edf/limited_preemptive.v; results/rta/ovh/fifo/bounded_nps.v; results/rta/ovh/fp/floating_nonpreemptive.v; results/rta/ovh/fp/fully_nonpreemptive.v; results/rta/ovh/fp/fully_preemptive.v; results/rta/ovh/fp/limited_preemptive.v,"Export root for `analysis/facts/model/arrival_curves.v`: the 3 facts (statement-only), arrival curves, priority policies and the accepted Arrivals / …"
lean_interfaces/FactsCompletionComputationInterface.lean,analysis/definitions/schedulability.v; analysis/facts/behavior/deadlines.v; analysis/facts/transform/replace_at.v; analysis/definitions/tardiness.v; analysis/facts/jitter.v; analysis/facts/transform/swaps.v; implementation/facts/generic_schedule.v,Export root for `analysis/facts/behavior/completion.v`: the thirty facts (statement-only) with the accepted Service/Schedule and arrival-sequence computation …
lean_interfaces/FactsDelayPropagationComputationInterface.lean,analysis/facts/jitter.v,"Export root for `analysis/facts/delay_propagation.v`: the 12 facts (statement-only), the two source-local instance helpers, the accepted delay-propagation …"
lean_interfaces/FactsEdfAthepBoundComputationInterface.lean,analysis/facts/workload/elf_athep_bound.v; analysis/abstract/restricted_supply/search_space/elf.v; results/rta/rs/elf/floating_nonpreemptive.v; results/rta/rs/elf/fully_nonpreemptive.v; results/rta/rs/elf/fully_preemptive.v; results/rta/rs/elf/limited_preemptive.v,"Export root for `analysis/facts/workload/edf_athep_bound.v`: the 4 statements together with the accepted workload-bound (busy-interval + workload), …"
lean_interfaces/FactsEdfOptComputationInterface.lean,analysis/facts/transform/edf_wc.v; results/optimality/edf.v,"Export root for `analysis/facts/transform/edf_opt.v`: the 43 statements (statement-only), together with the accepted edf-definitions export root (ideal …"
lean_interfaces/FactsEdfTransComputationInterface.lean,analysis/transform/edf_trans.v; analysis/facts/transform/edf_opt.v; analysis/facts/transform/edf_wc.v; results/optimality/edf.v,Export root for `analysis/transform/edf_trans.v`: the six definitions together with the accepted ideal-schedule export root (ideal processor over the Service / …
lean_interfaces/FactsEdfWcComputationInterface.lean,results/optimality/edf.v,"Export root for `analysis/facts/transform/edf_wc.v`: the definition `scheduled_behavior_premises` and the ten statements (statement-only), together with the …"
lean_interfaces/FactsElfAthepBoundComputationInterface.lean,analysis/abstract/restricted_supply/search_space/elf.v; results/rta/rs/elf/floating_nonpreemptive.v; results/rta/rs/elf/fully_nonpreemptive.v; results/rta/rs/elf/fully_preemptive.v; results/rta/rs/elf/limited_preemptive.v,"Export root for `analysis/facts/workload/elf_athep_bound.v`: the six statements together with the accepted EDF workload-bound facts export root (workloads, …"
lean_interfaces/FactsHyperperiodComputationInterface.lean,analysis/facts/shifted_job_costs.v,"Export root for `analysis/facts/hyperperiod.v`: the ten statements (statement-only), together with the accepted hyperperiod-definitions export root merged with …"
lean_interfaces/FactsInterferenceComputationInterface.lean,analysis/abstract/ideal/iw_instantiation.v; analysis/abstract/ideal/cumulative_bounds.v; analysis/abstract/restricted_supply/iw_instantiation.v; analysis/abstract/restricted_supply/iw_readiness.v; analysis/facts/priority/fifo_ahep_bound.v; results/rta/ideal/fp/bounded_pi.v; analysis/abstract/restricted_supply/bounded_bi/aux.v; analysis/abstract/restricted_supply/search_space/fifo_fixpoint.v; analysis/abstract/restricted_supply/task_ibf_readiness.v; analysis/abstract/restricted_supply/task_intra_interference_bound.v; results/rta/ideal/edf/bounded_pi.v; results/rta/ideal/elf/bounded_pi.v; results/rta/ideal/fifo/bounded_nps.v; results/rta/ideal/fp/bounded_nps.v; results/rta/ideal/fp/nonseq/bounded_pi.v; results/rta/ideal/gel/bounded_pi.v; analysis/abstract/restricted_supply/bounded_bi/edf.v; analysis/abstract/restricted_supply/bounded_bi/elf.v; analysis/abstract/restricted_supply/bounded_bi/fp.v; analysis/abstract/restricted_supply/bounded_bi/jlfp.v; results/rta/ideal/edf/bounded_nps.v; results/rta/ideal/fp/floating_nonpreemptive.v; results/rta/ideal/fp/fully_nonpreemptive.v; results/rta/ideal/fp/fully_preemptive.v; results/rta/ideal/fp/limited_preemptive.v; results/rta/arm/edf/floating_nonpreemptive.v; results/rta/arm/edf/fully_nonpreemptive.v; results/rta/arm/edf/fully_preemptive.v; results/rta/arm/edf/limited_preemptive.v; results/rta/arm/fifo/bounded_nps.v; results/rta/arm/fp/floating_nonpreemptive.v; results/rta/arm/fp/fully_nonpreemptive.v; results/rta/arm/fp/fully_preemptive.v; results/rta/arm/fp/limited_preemptive.v; results/rta/ideal/edf/floating_nonpreemptive.v; results/rta/ideal/edf/fully_nonpreemptive.v; results/rta/ideal/edf/fully_preemptive.v; results/rta/ideal/edf/limited_preemptive.v; results/rta/ideal/fp/comp/fully_preemptive.v; results/rta/prm/edf/floating_nonpreemptive.v; results/rta/prm/edf/fully_nonpreemptive.v; results/rta/prm/edf/fully_preemptive.v; results/rta/prm/edf/limited_preemptive.v; results/rta/prm/fifo/bounded_nps.v; results/rta/prm/fp/floating_nonpreemptive.v; results/rta/prm/fp/fully_nonpreemptive.v; results/rta/prm/fp/fully_preemptive.v; results/rta/prm/fp/limited_preemptive.v; results/rta/rs/edf/floating_nonpreemptive.v; results/rta/rs/edf/fully_nonpreemptive.v; results/rta/rs/edf/fully_preemptive.v; results/rta/rs/edf/limited_preemptive.v; results/rta/rs/elf/floating_nonpreemptive.v; results/rta/rs/elf/fully_nonpreemptive.v; results/rta/rs/elf/fully_preemptive.v; results/rta/rs/elf/limited_preemptive.v; results/rta/rs/fifo/bounded_nps.v; results/rta/rs/fp/floating_nonpreemptive.v; results/rta/rs/fp/fully_nonpreemptive.v; results/rta/rs/fp/fully_preemptive.v; results/rta/rs/fp/limited_preemptive.v,"Export root for `analysis/facts/interference.v`: the 17 statements together with the accepted busy-interval, workload, service-of-jobs and interference export …"
lean_interfaces/FactsLimitedJobComputationInterface.lean,analysis/facts/preemption/task/floating.v; analysis/facts/preemption/task/limited.v; analysis/facts/preemption/rtc_threshold/floating.v; analysis/facts/preemption/rtc_threshold/limited.v,Export root for `analysis/facts/preemption/job/limited.v`: the statements together with the accepted limited-preemptive task-model export root and the accepted …
lean_interfaces/FactsPeriodicArrivalTimesComputationInterface.lean,analysis/definitions/hyperperiod.v; analysis/facts/hyperperiod.v; analysis/facts/shifted_job_costs.v,Export root for `analysis/facts/periodic/arrival_times.v`: the three statements together with the accepted task-offset export root (preemption-parameter …
lean_interfaces/FactsPreemptionComputationInterface.lean,analysis/facts/jitter.v; analysis/facts/completes_at.v; analysis/facts/model/exceedance/SBF.v; analysis/facts/priority/sequential.v; analysis/facts/busy_interval/existence.v; analysis/facts/priority/edf.v; analysis/facts/priority/gel.v; analysis/facts/busy_interval/carry_in.v; analysis/facts/busy_interval/hep_at_pt.v; analysis/facts/priority/elf.v; analysis/facts/busy_interval/arrival.v; analysis/facts/busy_interval/pi.v; results/generality/elf.v; analysis/facts/blocking_bound/edf.v; analysis/facts/blocking_bound/elf.v; analysis/facts/blocking_bound/fp.v; analysis/facts/busy_interval/pi_bound.v; analysis/facts/busy_interval/pi_cond.v; analysis/facts/busy_interval/service_inversion.v; analysis/facts/model/overheads/schedule.v; analysis/facts/model/overheads/priority_bump.v; analysis/facts/model/overheads/schedule_change.v; analysis/abstract/ideal/iw_instantiation.v; analysis/facts/model/overheads/schedule_change_bound.v; analysis/facts/priority/fifo.v; model/processor/overhead_resource_model.v; analysis/abstract/ideal/cumulative_bounds.v; analysis/abstract/restricted_supply/iw_instantiation.v; analysis/abstract/restricted_supply/iw_readiness.v; analysis/facts/model/overheads/blackout_bound.v; analysis/facts/priority/fifo_ahep_bound.v; results/generality/gel.v; results/rta/ideal/fp/bounded_pi.v; analysis/abstract/restricted_supply/bounded_bi/aux.v; analysis/abstract/restricted_supply/search_space/fifo_fixpoint.v; analysis/abstract/restricted_supply/task_ibf_readiness.v; analysis/abstract/restricted_supply/task_intra_interference_bound.v; analysis/facts/model/overheads/sbf/fifo.v; analysis/facts/model/overheads/sbf/fp.v; analysis/facts/model/overheads/sbf/jlfp.v; results/rta/ideal/edf/bounded_pi.v; results/rta/ideal/elf/bounded_pi.v; results/rta/ideal/fifo/bounded_nps.v; results/rta/ideal/fp/bounded_nps.v; results/rta/ideal/fp/nonseq/bounded_pi.v; results/rta/ideal/gel/bounded_pi.v; analysis/abstract/restricted_supply/bounded_bi/edf.v; analysis/abstract/restricted_supply/bounded_bi/elf.v; analysis/abstract/restricted_supply/bounded_bi/fp.v; analysis/abstract/restricted_supply/bounded_bi/jlfp.v; results/rta/ideal/edf/bounded_nps.v; results/rta/ideal/fp/floating_nonpreemptive.v; results/rta/ideal/fp/fully_nonpreemptive.v; results/rta/ideal/fp/fully_preemptive.v; results/rta/ideal/fp/limited_preemptive.v; results/rta/arm/edf/floating_nonpreemptive.v; results/rta/arm/edf/fully_nonpreemptive.v; results/rta/arm/edf/fully_preemptive.v; results/rta/arm/edf/limited_preemptive.v; results/rta/arm/fifo/bounded_nps.v; results/rta/arm/fp/floating_nonpreemptive.v; results/rta/arm/fp/fully_nonpreemptive.v; results/rta/arm/fp/fully_preemptive.v; results/rta/arm/fp/limited_preemptive.v; results/rta/exc/fp/fully_nonpreemptive.v; results/rta/ideal/edf/floating_nonpreemptive.v; results/rta/ideal/edf/fully_nonpreemptive.v; results/rta/ideal/edf/fully_preemptive.v; results/rta/ideal/edf/limited_preemptive.v; results/rta/ideal/fp/comp/fully_preemptive.v; results/rta/ovh/edf/floating_nonpreemptive.v; results/rta/ovh/edf/fully_nonpreemptive.v; results/rta/ovh/edf/fully_preemptive.v; results/rta/ovh/edf/limited_preemptive.v; results/rta/ovh/fifo/bounded_nps.v; results/rta/ovh/fp/floating_nonpreemptive.v; results/rta/ovh/fp/fully_nonpreemptive.v; results/rta/ovh/fp/fully_preemptive.v; results/rta/ovh/fp/limited_preemptive.v; results/rta/prm/edf/floating_nonpreemptive.v; results/rta/prm/edf/fully_nonpreemptive.v; results/rta/prm/edf/fully_preemptive.v; results/rta/prm/edf/limited_preemptive.v; results/rta/prm/fifo/bounded_nps.v; results/rta/prm/fp/floating_nonpreemptive.v; results/rta/prm/fp/fully_nonpreemptive.v; results/rta/prm/fp/fully_preemptive.v; results/rta/prm/fp/limited_preemptive.v; results/rta/rs/edf/floating_nonpreemptive.v; results/rta/rs/edf/fully_nonpreemptive.v; results/rta/rs/edf/fully_preemptive.v; results/rta/rs/edf/limited_preemptive.v; results/rta/rs/elf/floating_nonpreemptive.v; results/rta/rs/elf/fully_nonpreemptive.v; results/rta/rs/elf/fully_preemptive.v; results/rta/rs/elf/limited_preemptive.v; results/rta/rs/fifo/bounded_nps.v; results/rta/rs/fp/floating_nonpreemptive.v; results/rta/rs/fp/fully_nonpreemptive.v; results/rta/rs/fp/fully_preemptive.v; results/rta/rs/fp/limited_preemptive.v,"Export root for `analysis/facts/model/preemption.v`: the fourteen statements together with the accepted priority-driven export root (preemption time, scheduled …"
lean_interfaces/FactsPriorityElfComputationInterface.lean,results/generality/elf.v; results/generality/gel.v,"Export root for `analysis/facts/priority/elf.v`: the eight statements together with the accepted GEL-facts export root (preemption facts, GEL, kernel-checked …"
lean_interfaces/FactsPriorityGelComputationInterface.lean,analysis/facts/priority/elf.v; results/generality/elf.v; results/generality/gel.v,Export root for `analysis/facts/priority/gel.v`: the six statements together with the accepted preemption-facts export root and the accepted GEL export root …
lean_interfaces/FactsPriorityInversionComputationInterface.lean,analysis/facts/model/ideal/priority_inversion.v,Export root for `analysis/facts/priority/inversion.v`: the seven statements together with the accepted priority-inversion export root (busy-interval / …
lean_interfaces/FactsPrioritySequentialComputationInterface.lean,analysis/facts/priority/edf.v,"Export root for `analysis/facts/priority/sequential.v`: the statement together with the accepted preemption-facts export root and the always-higher-priority, …"
lean_interfaces/FactsReadinessInterferenceComputationInterface.lean,analysis/abstract/restricted_supply/iw_readiness.v; analysis/abstract/restricted_supply/task_ibf_readiness.v,"Export root for `analysis/facts/readiness_interference.v`: the two statements, together with the accepted readiness-aware export root and the accepted …"
lean_interfaces/FactsReadinessSequentialComputationInterface.lean,analysis/facts/model/sequential.v,"Export root for `analysis/facts/readiness/sequential.v`: the production declarations and the source-local readiness instance, together with the accepted …"
lean_interfaces/FactsReplaceAtComputationInterface.lean,analysis/facts/transform/swaps.v; implementation/facts/generic_schedule.v,Export root for `analysis/facts/transform/replace_at.v`: the production declarations together with the accepted completion-facts export root (Service / …
lean_interfaces/FactsSbfAverageComputationInterface.lean,results/rta/arm/edf/floating_nonpreemptive.v; results/rta/arm/edf/fully_nonpreemptive.v; results/rta/arm/edf/fully_preemptive.v; results/rta/arm/edf/limited_preemptive.v; results/rta/arm/fifo/bounded_nps.v; results/rta/arm/fp/floating_nonpreemptive.v; results/rta/arm/fp/fully_nonpreemptive.v; results/rta/arm/fp/fully_preemptive.v; results/rta/arm/fp/limited_preemptive.v,Export root for `analysis/facts/model/sbf/average.v`: the three facts (statement-only) with the accepted sbf/pred supply computation interface and the accepted …
lean_interfaces/FactsSbfPeriodicComputationInterface.lean,results/rta/prm/edf/floating_nonpreemptive.v; results/rta/prm/edf/fully_nonpreemptive.v; results/rta/prm/edf/fully_preemptive.v; results/rta/prm/edf/limited_preemptive.v; results/rta/prm/fifo/bounded_nps.v; results/rta/prm/fp/floating_nonpreemptive.v; results/rta/prm/fp/fully_nonpreemptive.v; results/rta/prm/fp/fully_preemptive.v; results/rta/prm/fp/limited_preemptive.v,"Export root for `analysis/facts/model/sbf/periodic.v`: the nine facts (statement-only) with the accepted sbf/pred supply computation interface, the accepted …"
lean_interfaces/FactsSearchSpaceEdfComputationInterface.lean,analysis/abstract/restricted_supply/search_space/edf.v; results/rta/ideal/edf/bounded_pi.v; results/rta/ideal/elf/bounded_pi.v; results/rta/ideal/fifo/bounded_nps.v; results/rta/ideal/fp/nonseq/bounded_pi.v; results/rta/ideal/gel/bounded_pi.v; results/rta/ideal/edf/bounded_nps.v; results/rta/arm/edf/floating_nonpreemptive.v; results/rta/arm/edf/fully_nonpreemptive.v; results/rta/arm/edf/fully_preemptive.v; results/rta/arm/edf/limited_preemptive.v; results/rta/ideal/edf/floating_nonpreemptive.v; results/rta/ideal/edf/fully_nonpreemptive.v; results/rta/ideal/edf/fully_preemptive.v; results/rta/ideal/edf/limited_preemptive.v; results/rta/ovh/edf/floating_nonpreemptive.v; results/rta/ovh/edf/fully_nonpreemptive.v; results/rta/ovh/edf/fully_preemptive.v; results/rta/ovh/edf/limited_preemptive.v; results/rta/prm/edf/floating_nonpreemptive.v; results/rta/prm/edf/fully_nonpreemptive.v; results/rta/prm/edf/fully_preemptive.v; results/rta/prm/edf/limited_preemptive.v; results/rta/rs/edf/floating_nonpreemptive.v; results/rta/rs/edf/fully_nonpreemptive.v; results/rta/rs/edf/fully_preemptive.v; results/rta/rs/edf/limited_preemptive.v,"Export root for `analysis/abstract/restricted_supply/search_space/edf.v`: the definition and the statement together with the accepted workload-bound, …"
lean_interfaces/FactsSearchSpaceElfComputationInterface.lean,analysis/abstract/restricted_supply/search_space/elf.v; results/rta/rs/elf/floating_nonpreemptive.v; results/rta/rs/elf/fully_nonpreemptive.v; results/rta/rs/elf/fully_preemptive.v; results/rta/rs/elf/limited_preemptive.v,Export root for `analysis/abstract/restricted_supply/search_space/elf.v`: the definition and the statement together with the accepted ELF workload-bound facts …
lean_interfaces/FactsSearchSpaceFifoComputationInterface.lean,analysis/abstract/restricted_supply/search_space/fifo.v; analysis/abstract/restricted_supply/search_space/fifo_fixpoint.v; results/rta/arm/fifo/bounded_nps.v; results/rta/ovh/fifo/bounded_nps.v; results/rta/prm/fifo/bounded_nps.v; results/rta/rs/fifo/bounded_nps.v,Export root for `analysis/abstract/restricted_supply/search_space/fifo.v`: the definition and the statement together with the accepted FP search-space export …
lean_interfaces/FactsSearchSpaceFpComputationInterface.lean,analysis/abstract/restricted_supply/search_space/fp.v; analysis/abstract/restricted_supply/search_space/fifo.v; analysis/abstract/restricted_supply/search_space/fifo_fixpoint.v; results/rta/arm/fifo/bounded_nps.v; results/rta/arm/fp/floating_nonpreemptive.v; results/rta/arm/fp/fully_nonpreemptive.v; results/rta/arm/fp/fully_preemptive.v; results/rta/arm/fp/limited_preemptive.v; results/rta/exc/fp/fully_nonpreemptive.v; results/rta/ovh/fifo/bounded_nps.v; results/rta/ovh/fp/floating_nonpreemptive.v; results/rta/ovh/fp/fully_nonpreemptive.v; results/rta/ovh/fp/fully_preemptive.v; results/rta/ovh/fp/limited_preemptive.v; results/rta/prm/fifo/bounded_nps.v; results/rta/prm/fp/floating_nonpreemptive.v; results/rta/prm/fp/fully_nonpreemptive.v; results/rta/prm/fp/fully_preemptive.v; results/rta/prm/fp/limited_preemptive.v; results/rta/rs/fifo/bounded_nps.v; results/rta/rs/fp/floating_nonpreemptive.v; results/rta/rs/fp/fully_nonpreemptive.v; results/rta/rs/fp/fully_preemptive.v; results/rta/rs/fp/limited_preemptive.v,"Export root for `analysis/abstract/restricted_supply/search_space/fp.v`: the definition and the statement together with the accepted workload-bound, …"
lean_interfaces/FactsServiceOfJobsComputationInterface.lean,analysis/facts/model/exceedance/SBF.v; analysis/facts/busy_interval/existence.v; analysis/facts/busy_interval/carry_in.v; analysis/facts/busy_interval/hep_at_pt.v; analysis/facts/busy_interval/arrival.v; analysis/facts/busy_interval/pi.v; analysis/facts/blocking_bound/edf.v; analysis/facts/blocking_bound/elf.v; analysis/facts/blocking_bound/fp.v; analysis/facts/busy_interval/pi_bound.v; analysis/facts/busy_interval/pi_cond.v; analysis/facts/busy_interval/service_inversion.v; analysis/facts/model/overheads/schedule.v; analysis/facts/model/overheads/priority_bump.v; analysis/facts/model/overheads/schedule_change.v; analysis/abstract/ideal/iw_instantiation.v; analysis/facts/model/overheads/schedule_change_bound.v; analysis/facts/priority/fifo.v; model/processor/overhead_resource_model.v; analysis/abstract/ideal/cumulative_bounds.v; analysis/abstract/restricted_supply/iw_instantiation.v; analysis/abstract/restricted_supply/iw_readiness.v; analysis/facts/model/overheads/blackout_bound.v; analysis/facts/priority/fifo_ahep_bound.v; results/rta/ideal/fp/bounded_pi.v; analysis/abstract/restricted_supply/bounded_bi/aux.v; analysis/abstract/restricted_supply/search_space/fifo_fixpoint.v; analysis/abstract/restricted_supply/task_ibf_readiness.v; analysis/abstract/restricted_supply/task_intra_interference_bound.v; analysis/facts/model/overheads/sbf/fifo.v; analysis/facts/model/overheads/sbf/fp.v; analysis/facts/model/overheads/sbf/jlfp.v; results/rta/ideal/edf/bounded_pi.v; results/rta/ideal/elf/bounded_pi.v; results/rta/ideal/fifo/bounded_nps.v; results/rta/ideal/fp/bounded_nps.v; results/rta/ideal/fp/nonseq/bounded_pi.v; results/rta/ideal/gel/bounded_pi.v; analysis/abstract/restricted_supply/bounded_bi/edf.v; analysis/abstract/restricted_supply/bounded_bi/elf.v; analysis/abstract/restricted_supply/bounded_bi/fp.v; analysis/abstract/restricted_supply/bounded_bi/jlfp.v; results/rta/ideal/edf/bounded_nps.v; results/rta/ideal/fp/floating_nonpreemptive.v; results/rta/ideal/fp/fully_nonpreemptive.v; results/rta/ideal/fp/fully_preemptive.v; results/rta/ideal/fp/limited_preemptive.v; results/rta/arm/edf/floating_nonpreemptive.v; results/rta/arm/edf/fully_nonpreemptive.v; results/rta/arm/edf/fully_preemptive.v; results/rta/arm/edf/limited_preemptive.v; results/rta/arm/fifo/bounded_nps.v; results/rta/arm/fp/floating_nonpreemptive.v; results/rta/arm/fp/fully_nonpreemptive.v; results/rta/arm/fp/fully_preemptive.v; results/rta/arm/fp/limited_preemptive.v; results/rta/exc/fp/fully_nonpreemptive.v; results/rta/ideal/edf/floating_nonpreemptive.v; results/rta/ideal/edf/fully_nonpreemptive.v; results/rta/ideal/edf/fully_preemptive.v; results/rta/ideal/edf/limited_preemptive.v; results/rta/ideal/fp/comp/fully_preemptive.v; results/rta/ovh/edf/floating_nonpreemptive.v; results/rta/ovh/edf/fully_nonpreemptive.v; results/rta/ovh/edf/fully_preemptive.v; results/rta/ovh/edf/limited_preemptive.v; results/rta/ovh/fifo/bounded_nps.v; results/rta/ovh/fp/floating_nonpreemptive.v; results/rta/ovh/fp/fully_nonpreemptive.v; results/rta/ovh/fp/fully_preemptive.v; results/rta/ovh/fp/limited_preemptive.v; results/rta/prm/edf/floating_nonpreemptive.v; results/rta/prm/edf/fully_nonpreemptive.v; results/rta/prm/edf/fully_preemptive.v; results/rta/prm/edf/limited_preemptive.v; results/rta/prm/fifo/bounded_nps.v; results/rta/prm/fp/floating_nonpreemptive.v; results/rta/prm/fp/fully_nonpreemptive.v; results/rta/prm/fp/fully_preemptive.v; results/rta/prm/fp/limited_preemptive.v; results/rta/rs/edf/floating_nonpreemptive.v; results/rta/rs/edf/fully_nonpreemptive.v; results/rta/rs/edf/fully_preemptive.v; results/rta/rs/edf/limited_preemptive.v; results/rta/rs/elf/floating_nonpreemptive.v; results/rta/rs/elf/fully_nonpreemptive.v; results/rta/rs/elf/fully_preemptive.v; results/rta/rs/elf/limited_preemptive.v; results/rta/rs/fifo/bounded_nps.v; results/rta/rs/fp/floating_nonpreemptive.v; results/rta/rs/fp/fully_nonpreemptive.v; results/rta/rs/fp/fully_preemptive.v; results/rta/rs/fp/limited_preemptive.v,Export root for `analysis/facts/model/service_of_jobs.v`: the 22 statements together with the accepted busy-interval export root (preemption-parameter / …
lean_interfaces/FactsSporadicArrivalBoundComputationInterface.lean,implementation/definitions/task.v; model/task/arrival/sporadic_as_curve.v; implementation/definitions/job_constructor.v; implementation/facts/job_constructor.v,"Export root for `analysis/facts/sporadic/arrival_bound.v`: the computational definition `max_sporadic_arrivals`, the three statement-only facts, the accepted …"
lean_interfaces/FactsSporadicArrivalTimesComputationInterface.lean,analysis/facts/sporadic/arrival_sequence.v,Export root for `analysis/facts/sporadic/arrival_times.v`: the three facts (statement-only) with the accepted task-arrival and arrival-sequence computation …
lean_interfaces/FactsSuspensionComputationInterface.lean,analysis/facts/model/dynamic_suspension.v,"Export root for `analysis/facts/suspension.v`: the eleven statements, together with the accepted dynamic-suspension export root and the accepted …"
lean_interfaces/FactsTaskFloatingComputationInterface.lean,analysis/facts/preemption/rtc_threshold/floating.v,Export root for `analysis/facts/preemption/task/floating.v`: the statements together with the accepted limited-preemptive job-facts export root and the …
lean_interfaces/FactsTaskLimitedComputationInterface.lean,analysis/facts/preemption/rtc_threshold/limited.v,Export root for `analysis/facts/preemption/task/limited.v`: the statements together with the accepted limited-preemptive job-facts export root.
lean_interfaces/FactsWcTransComputationInterface.lean,analysis/transform/wc_trans.v; analysis/facts/transform/wc_correctness.v,"Export root for `analysis/transform/wc_trans.v`: the six definitions together with the accepted transform-prefix export root (preemption-parameter closure, …"
lean_interfaces/FactsWorkloadComputationInterface.lean,analysis/facts/priority/jlfp_with_fp.v,"Export root for `analysis/facts/model/workload.v`: the seventeen facts (statement-only) with the accepted workload, task-arrival and arrival-sequence …"
lean_interfaces/FifoFixpointComputationInterface.lean,results/rta/arm/fifo/bounded_nps.v; results/rta/prm/fifo/bounded_nps.v; results/rta/rs/fifo/bounded_nps.v,Export root for `analysis/abstract/restricted_supply/search_space/fifo_fixpoint.v`: the statement together with the accepted restricted-supply JLFP …
lean_interfaces/FinishTimeExportInterface.lean,results/transfer_schedulability/paper_model.v,0 validation-only equations about `Prosa.Analysis.Definitions.FinishTime`
lean_interfaces/FixpointComputationInterface.lean,results/rta/ideal/fp/comp/fully_preemptive.v,"38 validation-only equations about `Prosa.Util.Fixpoint`: `natBeqZeroZero`, `natBeqZeroSucc`, `natBeqSuccZero`, `natBeqSuccSucc`, …"
lean_interfaces/GeneralityElfComputationInterface.lean,results/generality/gel.v,"Export root for `results/generality/elf.v`: the three remarks together with the accepted ELF-facts export root (GEL/ELF policies, preemption facts, …"
lean_interfaces/HepAtPtComputationInterface.lean,analysis/facts/model/exceedance/SBF.v; analysis/facts/busy_interval/arrival.v; analysis/facts/busy_interval/pi.v; analysis/facts/blocking_bound/edf.v; analysis/facts/blocking_bound/elf.v; analysis/facts/blocking_bound/fp.v; analysis/facts/busy_interval/pi_bound.v; analysis/facts/busy_interval/pi_cond.v; analysis/facts/busy_interval/service_inversion.v; analysis/facts/model/overheads/schedule.v; analysis/facts/model/overheads/priority_bump.v; analysis/facts/model/overheads/schedule_change.v; analysis/abstract/ideal/iw_instantiation.v; analysis/facts/model/overheads/schedule_change_bound.v; analysis/facts/priority/fifo.v; model/processor/overhead_resource_model.v; analysis/abstract/ideal/cumulative_bounds.v; analysis/abstract/restricted_supply/iw_instantiation.v; analysis/abstract/restricted_supply/iw_readiness.v; analysis/facts/model/overheads/blackout_bound.v; analysis/facts/priority/fifo_ahep_bound.v; results/rta/ideal/fp/bounded_pi.v; analysis/abstract/restricted_supply/bounded_bi/aux.v; analysis/abstract/restricted_supply/search_space/fifo_fixpoint.v; analysis/abstract/restricted_supply/task_ibf_readiness.v; analysis/abstract/restricted_supply/task_intra_interference_bound.v; analysis/facts/model/overheads/sbf/fifo.v; analysis/facts/model/overheads/sbf/fp.v; analysis/facts/model/overheads/sbf/jlfp.v; results/rta/ideal/edf/bounded_pi.v; results/rta/ideal/elf/bounded_pi.v; results/rta/ideal/fifo/bounded_nps.v; results/rta/ideal/fp/bounded_nps.v; results/rta/ideal/fp/nonseq/bounded_pi.v; results/rta/ideal/gel/bounded_pi.v; analysis/abstract/restricted_supply/bounded_bi/edf.v; analysis/abstract/restricted_supply/bounded_bi/elf.v; analysis/abstract/restricted_supply/bounded_bi/fp.v; analysis/abstract/restricted_supply/bounded_bi/jlfp.v; results/rta/ideal/edf/bounded_nps.v; results/rta/ideal/fp/floating_nonpreemptive.v; results/rta/ideal/fp/fully_nonpreemptive.v; results/rta/ideal/fp/fully_preemptive.v; results/rta/ideal/fp/limited_preemptive.v; results/rta/arm/edf/floating_nonpreemptive.v; results/rta/arm/edf/fully_nonpreemptive.v; results/rta/arm/edf/fully_preemptive.v; results/rta/arm/edf/limited_preemptive.v; results/rta/arm/fifo/bounded_nps.v; results/rta/arm/fp/floating_nonpreemptive.v; results/rta/arm/fp/fully_nonpreemptive.v; results/rta/arm/fp/fully_preemptive.v; results/rta/arm/fp/limited_preemptive.v; results/rta/exc/fp/fully_nonpreemptive.v; results/rta/ideal/edf/floating_nonpreemptive.v; results/rta/ideal/edf/fully_nonpreemptive.v; results/rta/ideal/edf/fully_preemptive.v; results/rta/ideal/edf/limited_preemptive.v; results/rta/ideal/fp/comp/fully_preemptive.v; results/rta/ovh/edf/floating_nonpreemptive.v; results/rta/ovh/edf/fully_nonpreemptive.v; results/rta/ovh/edf/fully_preemptive.v; results/rta/ovh/edf/limited_preemptive.v; results/rta/ovh/fifo/bounded_nps.v; results/rta/ovh/fp/floating_nonpreemptive.v; results/rta/ovh/fp/fully_nonpreemptive.v; results/rta/ovh/fp/fully_preemptive.v; results/rta/ovh/fp/limited_preemptive.v; results/rta/prm/edf/floating_nonpreemptive.v; results/rta/prm/edf/fully_nonpreemptive.v; results/rta/prm/edf/fully_preemptive.v; results/rta/prm/edf/limited_preemptive.v; results/rta/prm/fifo/bounded_nps.v; results/rta/prm/fp/floating_nonpreemptive.v; results/rta/prm/fp/fully_nonpreemptive.v; results/rta/prm/fp/fully_preemptive.v; results/rta/prm/fp/limited_preemptive.v; results/rta/rs/edf/floating_nonpreemptive.v; results/rta/rs/edf/fully_nonpreemptive.v; results/rta/rs/edf/fully_preemptive.v; results/rta/rs/edf/limited_preemptive.v; results/rta/rs/elf/floating_nonpreemptive.v; results/rta/rs/elf/fully_nonpreemptive.v; results/rta/rs/elf/fully_preemptive.v; results/rta/rs/elf/limited_preemptive.v; results/rta/rs/fifo/bounded_nps.v; results/rta/rs/fp/floating_nonpreemptive.v; results/rta/rs/fp/fully_nonpreemptive.v; results/rta/rs/fp/fully_preemptive.v; results/rta/rs/fp/limited_preemptive.v,Export root for `analysis/facts/busy_interval/hep_at_pt.v`: the eight statements together with the accepted busy-interval-existence export root (which already …
lean_interfaces/HyperperiodComputationInterface.lean,analysis/facts/hyperperiod.v; analysis/facts/shifted_job_costs.v,"Export root for `analysis/definitions/hyperperiod.v`: the seven hyperperiod definitions, together with the accepted periodic arrival-times export root and the …"
lean_interfaces/IbfSupplyComputationInterface.lean,analysis/abstract/IBF/supply_task.v; analysis/abstract/ideal/iw_instantiation.v; analysis/abstract/restricted_supply/abstract_rta.v; analysis/abstract/ideal/cumulative_bounds.v; analysis/abstract/restricted_supply/abstract_seq_rta.v; analysis/abstract/restricted_supply/iw_instantiation.v; analysis/abstract/restricted_supply/iw_readiness.v; analysis/facts/priority/fifo_ahep_bound.v; results/rta/ideal/fp/bounded_pi.v; analysis/abstract/restricted_supply/bounded_bi/aux.v; analysis/abstract/restricted_supply/search_space/fifo_fixpoint.v; analysis/abstract/restricted_supply/task_ibf_readiness.v; analysis/abstract/restricted_supply/task_intra_interference_bound.v; results/rta/ideal/edf/bounded_pi.v; results/rta/ideal/elf/bounded_pi.v; results/rta/ideal/fifo/bounded_nps.v; results/rta/ideal/fp/bounded_nps.v; results/rta/ideal/fp/nonseq/bounded_pi.v; results/rta/ideal/gel/bounded_pi.v; analysis/abstract/restricted_supply/bounded_bi/edf.v; analysis/abstract/restricted_supply/bounded_bi/elf.v; analysis/abstract/restricted_supply/bounded_bi/fp.v; analysis/abstract/restricted_supply/bounded_bi/jlfp.v; results/rta/ideal/edf/bounded_nps.v; results/rta/ideal/fp/floating_nonpreemptive.v; results/rta/ideal/fp/fully_nonpreemptive.v; results/rta/ideal/fp/fully_preemptive.v; results/rta/ideal/fp/limited_preemptive.v; results/rta/arm/edf/floating_nonpreemptive.v; results/rta/arm/edf/fully_nonpreemptive.v; results/rta/arm/edf/fully_preemptive.v; results/rta/arm/edf/limited_preemptive.v; results/rta/arm/fifo/bounded_nps.v; results/rta/arm/fp/floating_nonpreemptive.v; results/rta/arm/fp/fully_nonpreemptive.v; results/rta/arm/fp/fully_preemptive.v; results/rta/arm/fp/limited_preemptive.v; results/rta/ideal/edf/floating_nonpreemptive.v; results/rta/ideal/edf/fully_nonpreemptive.v; results/rta/ideal/edf/fully_preemptive.v; results/rta/ideal/edf/limited_preemptive.v; results/rta/ideal/fp/comp/fully_preemptive.v; results/rta/prm/edf/floating_nonpreemptive.v; results/rta/prm/edf/fully_nonpreemptive.v; results/rta/prm/edf/fully_preemptive.v; results/rta/prm/edf/limited_preemptive.v; results/rta/prm/fifo/bounded_nps.v; results/rta/prm/fp/floating_nonpreemptive.v; results/rta/prm/fp/fully_nonpreemptive.v; results/rta/prm/fp/fully_preemptive.v; results/rta/prm/fp/limited_preemptive.v; results/rta/rs/edf/floating_nonpreemptive.v; results/rta/rs/edf/fully_nonpreemptive.v; results/rta/rs/edf/fully_preemptive.v; results/rta/rs/edf/limited_preemptive.v; results/rta/rs/elf/floating_nonpreemptive.v; results/rta/rs/elf/fully_nonpreemptive.v; results/rta/rs/elf/fully_preemptive.v; results/rta/rs/elf/limited_preemptive.v; results/rta/rs/fifo/bounded_nps.v; results/rta/rs/fp/floating_nonpreemptive.v; results/rta/rs/fp/fully_nonpreemptive.v; results/rta/rs/fp/fully_preemptive.v; results/rta/rs/fp/limited_preemptive.v,Export root for `analysis/abstract/IBF/supply.v`: the three definitions together with the accepted abstract-RTA export root and the accepted supply export root …
lean_interfaces/IbfSupplyTaskComputationInterface.lean,analysis/abstract/ideal/iw_instantiation.v; analysis/abstract/ideal/cumulative_bounds.v; analysis/abstract/restricted_supply/abstract_seq_rta.v; analysis/abstract/restricted_supply/iw_instantiation.v; analysis/abstract/restricted_supply/iw_readiness.v; analysis/facts/priority/fifo_ahep_bound.v; results/rta/ideal/fp/bounded_pi.v; analysis/abstract/restricted_supply/bounded_bi/aux.v; analysis/abstract/restricted_supply/search_space/fifo_fixpoint.v; analysis/abstract/restricted_supply/task_ibf_readiness.v; analysis/abstract/restricted_supply/task_intra_interference_bound.v; results/rta/ideal/edf/bounded_pi.v; results/rta/ideal/elf/bounded_pi.v; results/rta/ideal/fifo/bounded_nps.v; results/rta/ideal/fp/bounded_nps.v; results/rta/ideal/fp/nonseq/bounded_pi.v; results/rta/ideal/gel/bounded_pi.v; analysis/abstract/restricted_supply/bounded_bi/edf.v; analysis/abstract/restricted_supply/bounded_bi/elf.v; analysis/abstract/restricted_supply/bounded_bi/fp.v; analysis/abstract/restricted_supply/bounded_bi/jlfp.v; results/rta/ideal/edf/bounded_nps.v; results/rta/ideal/fp/floating_nonpreemptive.v; results/rta/ideal/fp/fully_nonpreemptive.v; results/rta/ideal/fp/fully_preemptive.v; results/rta/ideal/fp/limited_preemptive.v; results/rta/arm/edf/floating_nonpreemptive.v; results/rta/arm/edf/fully_nonpreemptive.v; results/rta/arm/edf/fully_preemptive.v; results/rta/arm/edf/limited_preemptive.v; results/rta/arm/fifo/bounded_nps.v; results/rta/arm/fp/floating_nonpreemptive.v; results/rta/arm/fp/fully_nonpreemptive.v; results/rta/arm/fp/fully_preemptive.v; results/rta/arm/fp/limited_preemptive.v; results/rta/ideal/edf/floating_nonpreemptive.v; results/rta/ideal/edf/fully_nonpreemptive.v; results/rta/ideal/edf/fully_preemptive.v; results/rta/ideal/edf/limited_preemptive.v; results/rta/ideal/fp/comp/fully_preemptive.v; results/rta/prm/edf/floating_nonpreemptive.v; results/rta/prm/edf/fully_nonpreemptive.v; results/rta/prm/edf/fully_preemptive.v; results/rta/prm/edf/limited_preemptive.v; results/rta/prm/fifo/bounded_nps.v; results/rta/prm/fp/floating_nonpreemptive.v; results/rta/prm/fp/fully_nonpreemptive.v; results/rta/prm/fp/fully_preemptive.v; results/rta/prm/fp/limited_preemptive.v; results/rta/rs/edf/floating_nonpreemptive.v; results/rta/rs/edf/fully_nonpreemptive.v; results/rta/rs/edf/fully_preemptive.v; results/rta/rs/edf/limited_preemptive.v; results/rta/rs/elf/floating_nonpreemptive.v; results/rta/rs/elf/fully_nonpreemptive.v; results/rta/rs/elf/fully_preemptive.v; results/rta/rs/elf/limited_preemptive.v; results/rta/rs/fifo/bounded_nps.v; results/rta/rs/fp/floating_nonpreemptive.v; results/rta/rs/fp/fully_nonpreemptive.v; results/rta/rs/fp/fully_preemptive.v; results/rta/rs/fp/limited_preemptive.v,Export root for `analysis/abstract/IBF/supply_task.v`: the three definitions together with the accepted IBF/task export root and the accepted IBF/supply export …
lean_interfaces/IbfTaskComputationInterface.lean,analysis/abstract/IBF/supply_task.v; analysis/abstract/ideal/abstract_seq_rta.v; analysis/abstract/ideal/iw_instantiation.v; analysis/abstract/ideal/cumulative_bounds.v; analysis/abstract/restricted_supply/abstract_seq_rta.v; analysis/abstract/restricted_supply/iw_instantiation.v; analysis/abstract/restricted_supply/iw_readiness.v; analysis/facts/priority/fifo_ahep_bound.v; results/rta/ideal/fp/bounded_pi.v; analysis/abstract/restricted_supply/bounded_bi/aux.v; analysis/abstract/restricted_supply/search_space/fifo_fixpoint.v; analysis/abstract/restricted_supply/task_ibf_readiness.v; analysis/abstract/restricted_supply/task_intra_interference_bound.v; results/rta/ideal/edf/bounded_pi.v; results/rta/ideal/elf/bounded_pi.v; results/rta/ideal/fifo/bounded_nps.v; results/rta/ideal/fp/bounded_nps.v; results/rta/ideal/fp/nonseq/bounded_pi.v; results/rta/ideal/gel/bounded_pi.v; analysis/abstract/restricted_supply/bounded_bi/edf.v; analysis/abstract/restricted_supply/bounded_bi/elf.v; analysis/abstract/restricted_supply/bounded_bi/fp.v; analysis/abstract/restricted_supply/bounded_bi/jlfp.v; results/rta/ideal/edf/bounded_nps.v; results/rta/ideal/fp/floating_nonpreemptive.v; results/rta/ideal/fp/fully_nonpreemptive.v; results/rta/ideal/fp/fully_preemptive.v; results/rta/ideal/fp/limited_preemptive.v; results/rta/arm/edf/floating_nonpreemptive.v; results/rta/arm/edf/fully_nonpreemptive.v; results/rta/arm/edf/fully_preemptive.v; results/rta/arm/edf/limited_preemptive.v; results/rta/arm/fifo/bounded_nps.v; results/rta/arm/fp/floating_nonpreemptive.v; results/rta/arm/fp/fully_nonpreemptive.v; results/rta/arm/fp/fully_preemptive.v; results/rta/arm/fp/limited_preemptive.v; results/rta/ideal/edf/floating_nonpreemptive.v; results/rta/ideal/edf/fully_nonpreemptive.v; results/rta/ideal/edf/fully_preemptive.v; results/rta/ideal/edf/limited_preemptive.v; results/rta/ideal/fp/comp/fully_preemptive.v; results/rta/prm/edf/floating_nonpreemptive.v; results/rta/prm/edf/fully_nonpreemptive.v; results/rta/prm/edf/fully_preemptive.v; results/rta/prm/edf/limited_preemptive.v; results/rta/prm/fifo/bounded_nps.v; results/rta/prm/fp/floating_nonpreemptive.v; results/rta/prm/fp/fully_nonpreemptive.v; results/rta/prm/fp/fully_preemptive.v; results/rta/prm/fp/limited_preemptive.v; results/rta/rs/edf/floating_nonpreemptive.v; results/rta/rs/edf/fully_nonpreemptive.v; results/rta/rs/edf/fully_preemptive.v; results/rta/rs/edf/limited_preemptive.v; results/rta/rs/elf/floating_nonpreemptive.v; results/rta/rs/elf/fully_nonpreemptive.v; results/rta/rs/elf/fully_preemptive.v; results/rta/rs/elf/limited_preemptive.v; results/rta/rs/fifo/bounded_nps.v; results/rta/rs/fp/floating_nonpreemptive.v; results/rta/rs/fp/fully_nonpreemptive.v; results/rta/rs/fp/fully_preemptive.v; results/rta/rs/fp/limited_preemptive.v,"Export root for `analysis/abstract/IBF/task.v`: the definitions and statements together with the accepted ideal abstract-RTA, request-bound-function, …"
lean_interfaces/IdealAbstractRtaComputationInterface.lean,analysis/abstract/IBF/task.v; analysis/abstract/IBF/supply_task.v; analysis/abstract/ideal/abstract_seq_rta.v; analysis/abstract/ideal/iw_instantiation.v; analysis/abstract/ideal/cumulative_bounds.v; analysis/abstract/restricted_supply/abstract_seq_rta.v; analysis/abstract/restricted_supply/iw_instantiation.v; analysis/abstract/restricted_supply/iw_readiness.v; analysis/facts/priority/fifo_ahep_bound.v; results/rta/ideal/fp/bounded_pi.v; analysis/abstract/restricted_supply/bounded_bi/aux.v; analysis/abstract/restricted_supply/search_space/fifo_fixpoint.v; analysis/abstract/restricted_supply/task_ibf_readiness.v; analysis/abstract/restricted_supply/task_intra_interference_bound.v; results/rta/ideal/edf/bounded_pi.v; results/rta/ideal/elf/bounded_pi.v; results/rta/ideal/fifo/bounded_nps.v; results/rta/ideal/fp/bounded_nps.v; results/rta/ideal/fp/nonseq/bounded_pi.v; results/rta/ideal/gel/bounded_pi.v; analysis/abstract/restricted_supply/bounded_bi/edf.v; analysis/abstract/restricted_supply/bounded_bi/elf.v; analysis/abstract/restricted_supply/bounded_bi/fp.v; analysis/abstract/restricted_supply/bounded_bi/jlfp.v; results/rta/ideal/edf/bounded_nps.v; results/rta/ideal/fp/floating_nonpreemptive.v; results/rta/ideal/fp/fully_nonpreemptive.v; results/rta/ideal/fp/fully_preemptive.v; results/rta/ideal/fp/limited_preemptive.v; results/rta/arm/edf/floating_nonpreemptive.v; results/rta/arm/edf/fully_nonpreemptive.v; results/rta/arm/edf/fully_preemptive.v; results/rta/arm/edf/limited_preemptive.v; results/rta/arm/fifo/bounded_nps.v; results/rta/arm/fp/floating_nonpreemptive.v; results/rta/arm/fp/fully_nonpreemptive.v; results/rta/arm/fp/fully_preemptive.v; results/rta/arm/fp/limited_preemptive.v; results/rta/ideal/edf/floating_nonpreemptive.v; results/rta/ideal/edf/fully_nonpreemptive.v; results/rta/ideal/edf/fully_preemptive.v; results/rta/ideal/edf/limited_preemptive.v; results/rta/ideal/fp/comp/fully_preemptive.v; results/rta/prm/edf/floating_nonpreemptive.v; results/rta/prm/edf/fully_nonpreemptive.v; results/rta/prm/edf/fully_preemptive.v; results/rta/prm/edf/limited_preemptive.v; results/rta/prm/fifo/bounded_nps.v; results/rta/prm/fp/floating_nonpreemptive.v; results/rta/prm/fp/fully_nonpreemptive.v; results/rta/prm/fp/fully_preemptive.v; results/rta/prm/fp/limited_preemptive.v; results/rta/rs/edf/floating_nonpreemptive.v; results/rta/rs/edf/fully_nonpreemptive.v; results/rta/rs/edf/fully_preemptive.v; results/rta/rs/edf/limited_preemptive.v; results/rta/rs/elf/floating_nonpreemptive.v; results/rta/rs/elf/fully_nonpreemptive.v; results/rta/rs/elf/fully_preemptive.v; results/rta/rs/elf/limited_preemptive.v; results/rta/rs/fifo/bounded_nps.v; results/rta/rs/fp/floating_nonpreemptive.v; results/rta/rs/fp/fully_nonpreemptive.v; results/rta/rs/fp/fully_preemptive.v; results/rta/rs/fp/limited_preemptive.v,Export root for `analysis/abstract/ideal/abstract_rta.v`: the two statements together with the accepted abstract-RTA export root and the accepted …
lean_interfaces/IdealCumulativeBoundsComputationInterface.lean,results/rta/ideal/fp/bounded_pi.v; results/rta/ideal/edf/bounded_pi.v; results/rta/ideal/elf/bounded_pi.v; results/rta/ideal/fifo/bounded_nps.v; results/rta/ideal/fp/bounded_nps.v; results/rta/ideal/fp/nonseq/bounded_pi.v; results/rta/ideal/gel/bounded_pi.v; results/rta/ideal/edf/bounded_nps.v; results/rta/ideal/fp/floating_nonpreemptive.v; results/rta/ideal/fp/fully_nonpreemptive.v; results/rta/ideal/fp/fully_preemptive.v; results/rta/ideal/fp/limited_preemptive.v; results/rta/ideal/edf/floating_nonpreemptive.v; results/rta/ideal/edf/fully_nonpreemptive.v; results/rta/ideal/edf/fully_preemptive.v; results/rta/ideal/edf/limited_preemptive.v; results/rta/ideal/fp/comp/fully_preemptive.v,"Export root for `analysis/abstract/ideal/cumulative_bounds.v`: the two statements (statement-only), together with the accepted ideal iw-instantiation export …"
lean_interfaces/IdealInstWitnessComputationInterface.lean,analysis/abstract/ideal/iw_instantiation.v; analysis/abstract/ideal/cumulative_bounds.v; results/rta/ideal/fp/bounded_pi.v; results/rta/ideal/edf/bounded_pi.v; results/rta/ideal/elf/bounded_pi.v; results/rta/ideal/fifo/bounded_nps.v; results/rta/ideal/fp/bounded_nps.v; results/rta/ideal/fp/nonseq/bounded_pi.v; results/rta/ideal/gel/bounded_pi.v; results/rta/ideal/edf/bounded_nps.v; results/rta/ideal/fp/floating_nonpreemptive.v; results/rta/ideal/fp/fully_nonpreemptive.v; results/rta/ideal/fp/fully_preemptive.v; results/rta/ideal/fp/limited_preemptive.v; results/rta/ideal/edf/floating_nonpreemptive.v; results/rta/ideal/edf/fully_nonpreemptive.v; results/rta/ideal/edf/fully_preemptive.v; results/rta/ideal/edf/limited_preemptive.v; results/rta/ideal/fp/comp/fully_preemptive.v,Validation-only universe witnesses for the ideal processor model: each definition applies one generic processor-state-dependent constant of the accepted …
lean_interfaces/IdealIwInstantiationComputationInterface.lean,analysis/abstract/ideal/cumulative_bounds.v; results/rta/ideal/fp/bounded_pi.v; results/rta/ideal/edf/bounded_pi.v; results/rta/ideal/elf/bounded_pi.v; results/rta/ideal/fifo/bounded_nps.v; results/rta/ideal/fp/bounded_nps.v; results/rta/ideal/fp/nonseq/bounded_pi.v; results/rta/ideal/gel/bounded_pi.v; results/rta/ideal/edf/bounded_nps.v; results/rta/ideal/fp/floating_nonpreemptive.v; results/rta/ideal/fp/fully_nonpreemptive.v; results/rta/ideal/fp/fully_preemptive.v; results/rta/ideal/fp/limited_preemptive.v; results/rta/ideal/edf/floating_nonpreemptive.v; results/rta/ideal/edf/fully_nonpreemptive.v; results/rta/ideal/edf/fully_preemptive.v; results/rta/ideal/edf/limited_preemptive.v; results/rta/ideal/fp/comp/fully_preemptive.v,"Export root for `analysis/abstract/ideal/iw_instantiation.v`: the twenty statements (statement-only), together with the accepted restricted-supply …"
lean_interfaces/IdealScheduleComputationInterface.lean,analysis/facts/model/ideal/priority_inversion.v; analysis/transform/edf_trans.v; results/transfer_schedulability/criterion.v; analysis/facts/transform/edf_opt.v; analysis/facts/transform/wc_correctness.v; results/transfer_schedulability/paper_model.v; analysis/facts/transform/edf_wc.v; results/optimality/edf.v; analysis/abstract/ideal/iw_instantiation.v; analysis/abstract/ideal/cumulative_bounds.v; results/rta/ideal/fp/bounded_pi.v; results/rta/ideal/edf/bounded_pi.v; results/rta/ideal/elf/bounded_pi.v; results/rta/ideal/fifo/bounded_nps.v; results/rta/ideal/fp/bounded_nps.v; results/rta/ideal/fp/nonseq/bounded_pi.v; results/rta/ideal/gel/bounded_pi.v; results/rta/ideal/edf/bounded_nps.v; results/rta/ideal/fp/floating_nonpreemptive.v; results/rta/ideal/fp/fully_nonpreemptive.v; results/rta/ideal/fp/fully_preemptive.v; results/rta/ideal/fp/limited_preemptive.v; results/rta/ideal/edf/floating_nonpreemptive.v; results/rta/ideal/edf/fully_nonpreemptive.v; results/rta/ideal/edf/fully_preemptive.v; results/rta/ideal/edf/limited_preemptive.v; results/rta/ideal/fp/comp/fully_preemptive.v,"Export root for `analysis/facts/model/ideal/schedule.v`: the nineteen facts (statement-only) with the accepted Service/Schedule, arrival-sequence and …"
lean_interfaces/IdealUniSchedulerComputationInterface.lean,analysis/facts/edf_definitions.v; implementation/facts/ideal_uni/preemption_aware.v; implementation/facts/ideal_uni/prio_aware.v; analysis/facts/transform/edf_opt.v; analysis/facts/transform/edf_wc.v; results/optimality/edf.v; implementation/refinements/EDF/nonpreemptive_sched.v; implementation/refinements/EDF/preemptive_sched.v; implementation/refinements/FP/nonpreemptive_sched.v; implementation/refinements/FP/preemptive_sched.v,Export root for `implementation/definitions/ideal_uni_scheduler.v`: the five definitions together with the accepted transform-prefix export root …
lean_interfaces/ImplTaskComputationInterface.lean,implementation/definitions/job_constructor.v; implementation/facts/job_constructor.v,"Export root for `implementation/definitions/task.v`: the concrete task and job types, their Boolean equalities and reflection views, the arrival-bound …"
lean_interfaces/InfiniteJobsComputationInterface.lean,analysis/facts/periodic/task_arrivals_size.v; analysis/facts/hyperperiod.v; analysis/facts/shifted_job_costs.v,Export root for `analysis/definitions/infinite_jobs.v`: the production definition together with the accepted Arrivals/ArrivalSequence interface.
lean_interfaces/InterferenceComputationInterface.lean,analysis/facts/interference.v; analysis/facts/readiness_interference.v; analysis/abstract/ideal/iw_instantiation.v; analysis/abstract/ideal/cumulative_bounds.v; analysis/abstract/restricted_supply/iw_instantiation.v; analysis/abstract/restricted_supply/iw_readiness.v; analysis/facts/priority/fifo_ahep_bound.v; results/rta/ideal/fp/bounded_pi.v; analysis/abstract/restricted_supply/bounded_bi/aux.v; analysis/abstract/restricted_supply/search_space/fifo_fixpoint.v; analysis/abstract/restricted_supply/task_ibf_readiness.v; analysis/abstract/restricted_supply/task_intra_interference_bound.v; results/rta/ideal/edf/bounded_pi.v; results/rta/ideal/elf/bounded_pi.v; results/rta/ideal/fifo/bounded_nps.v; results/rta/ideal/fp/bounded_nps.v; results/rta/ideal/fp/nonseq/bounded_pi.v; results/rta/ideal/gel/bounded_pi.v; analysis/abstract/restricted_supply/bounded_bi/edf.v; analysis/abstract/restricted_supply/bounded_bi/elf.v; analysis/abstract/restricted_supply/bounded_bi/fp.v; analysis/abstract/restricted_supply/bounded_bi/jlfp.v; results/rta/ideal/edf/bounded_nps.v; results/rta/ideal/fp/floating_nonpreemptive.v; results/rta/ideal/fp/fully_nonpreemptive.v; results/rta/ideal/fp/fully_preemptive.v; results/rta/ideal/fp/limited_preemptive.v; results/rta/arm/edf/floating_nonpreemptive.v; results/rta/arm/edf/fully_nonpreemptive.v; results/rta/arm/edf/fully_preemptive.v; results/rta/arm/edf/limited_preemptive.v; results/rta/arm/fifo/bounded_nps.v; results/rta/arm/fp/floating_nonpreemptive.v; results/rta/arm/fp/fully_nonpreemptive.v; results/rta/arm/fp/fully_preemptive.v; results/rta/arm/fp/limited_preemptive.v; results/rta/ideal/edf/floating_nonpreemptive.v; results/rta/ideal/edf/fully_nonpreemptive.v; results/rta/ideal/edf/fully_preemptive.v; results/rta/ideal/edf/limited_preemptive.v; results/rta/ideal/fp/comp/fully_preemptive.v; results/rta/prm/edf/floating_nonpreemptive.v; results/rta/prm/edf/fully_nonpreemptive.v; results/rta/prm/edf/fully_preemptive.v; results/rta/prm/edf/limited_preemptive.v; results/rta/prm/fifo/bounded_nps.v; results/rta/prm/fp/floating_nonpreemptive.v; results/rta/prm/fp/fully_nonpreemptive.v; results/rta/prm/fp/fully_preemptive.v; results/rta/prm/fp/limited_preemptive.v; results/rta/rs/edf/floating_nonpreemptive.v; results/rta/rs/edf/fully_nonpreemptive.v; results/rta/rs/edf/fully_preemptive.v; results/rta/rs/edf/limited_preemptive.v; results/rta/rs/elf/floating_nonpreemptive.v; results/rta/rs/elf/fully_nonpreemptive.v; results/rta/rs/elf/fully_preemptive.v; results/rta/rs/elf/limited_preemptive.v; results/rta/rs/fifo/bounded_nps.v; results/rta/rs/fp/floating_nonpreemptive.v; results/rta/rs/fp/fully_nonpreemptive.v; results/rta/rs/fp/fully_preemptive.v; results/rta/rs/fp/limited_preemptive.v,Export root for `analysis/definitions/interference.v`: the fifteen definitions with the accepted Service/Schedule and task-arrival / arrival-sequence …
lean_interfaces/IwReadinessComputationInterface.lean,analysis/abstract/restricted_supply/task_ibf_readiness.v,Export root for `analysis/abstract/restricted_supply/iw_readiness.v`: the eighteen statements and the section-local instances `rs_readiness_jlfp_interference` …
lean_interfaces/JobConstructorComputationInterface.lean,implementation/facts/job_constructor.v,"Export root for `implementation/definitions/job_constructor.v`: the concrete task/job aliases and the two job generators, together with the accepted concrete …"
lean_interfaces/JobPropertiesExportInterface.lean,analysis/facts/model/exceedance/SBF.v; analysis/facts/busy_interval/existence.v; analysis/facts/busy_interval/carry_in.v; analysis/facts/busy_interval/hep_at_pt.v; analysis/facts/busy_interval/arrival.v; analysis/facts/busy_interval/pi.v; analysis/facts/blocking_bound/edf.v; analysis/facts/blocking_bound/elf.v; analysis/facts/blocking_bound/fp.v; analysis/facts/busy_interval/pi_bound.v; analysis/facts/busy_interval/pi_cond.v; analysis/facts/busy_interval/service_inversion.v; analysis/facts/model/overheads/schedule.v; analysis/facts/model/overheads/priority_bump.v; analysis/facts/model/overheads/schedule_change.v; analysis/abstract/ideal/iw_instantiation.v; analysis/facts/model/overheads/schedule_change_bound.v; analysis/facts/priority/fifo.v; model/processor/overhead_resource_model.v; analysis/abstract/ideal/cumulative_bounds.v; analysis/abstract/restricted_supply/iw_instantiation.v; analysis/abstract/restricted_supply/iw_readiness.v; analysis/facts/model/overheads/blackout_bound.v; analysis/facts/priority/fifo_ahep_bound.v; results/rta/ideal/fp/bounded_pi.v; analysis/abstract/restricted_supply/bounded_bi/aux.v; analysis/abstract/restricted_supply/search_space/fifo_fixpoint.v; analysis/abstract/restricted_supply/task_ibf_readiness.v; analysis/abstract/restricted_supply/task_intra_interference_bound.v; analysis/facts/model/overheads/sbf/fifo.v; analysis/facts/model/overheads/sbf/fp.v; analysis/facts/model/overheads/sbf/jlfp.v; results/rta/ideal/edf/bounded_pi.v; results/rta/ideal/elf/bounded_pi.v; results/rta/ideal/fifo/bounded_nps.v; results/rta/ideal/fp/bounded_nps.v; results/rta/ideal/fp/nonseq/bounded_pi.v; results/rta/ideal/gel/bounded_pi.v; analysis/abstract/restricted_supply/bounded_bi/edf.v; analysis/abstract/restricted_supply/bounded_bi/elf.v; analysis/abstract/restricted_supply/bounded_bi/fp.v; analysis/abstract/restricted_supply/bounded_bi/jlfp.v; results/rta/ideal/edf/bounded_nps.v; results/rta/ideal/fp/floating_nonpreemptive.v; results/rta/ideal/fp/fully_nonpreemptive.v; results/rta/ideal/fp/fully_preemptive.v; results/rta/ideal/fp/limited_preemptive.v; results/rta/arm/edf/floating_nonpreemptive.v; results/rta/arm/edf/fully_nonpreemptive.v; results/rta/arm/edf/fully_preemptive.v; results/rta/arm/edf/limited_preemptive.v; results/rta/arm/fifo/bounded_nps.v; results/rta/arm/fp/floating_nonpreemptive.v; results/rta/arm/fp/fully_nonpreemptive.v; results/rta/arm/fp/fully_preemptive.v; results/rta/arm/fp/limited_preemptive.v; results/rta/exc/fp/fully_nonpreemptive.v; results/rta/ideal/edf/floating_nonpreemptive.v; results/rta/ideal/edf/fully_nonpreemptive.v; results/rta/ideal/edf/fully_preemptive.v; results/rta/ideal/edf/limited_preemptive.v; results/rta/ideal/fp/comp/fully_preemptive.v; results/rta/ovh/edf/floating_nonpreemptive.v; results/rta/ovh/edf/fully_nonpreemptive.v; results/rta/ovh/edf/fully_preemptive.v; results/rta/ovh/edf/limited_preemptive.v; results/rta/ovh/fifo/bounded_nps.v; results/rta/ovh/fp/floating_nonpreemptive.v; results/rta/ovh/fp/fully_nonpreemptive.v; results/rta/ovh/fp/fully_preemptive.v; results/rta/ovh/fp/limited_preemptive.v; results/rta/prm/edf/floating_nonpreemptive.v; results/rta/prm/edf/fully_nonpreemptive.v; results/rta/prm/edf/fully_preemptive.v; results/rta/prm/edf/limited_preemptive.v; results/rta/prm/fifo/bounded_nps.v; results/rta/prm/fp/floating_nonpreemptive.v; results/rta/prm/fp/fully_nonpreemptive.v; results/rta/prm/fp/fully_preemptive.v; results/rta/prm/fp/limited_preemptive.v; results/rta/rs/edf/floating_nonpreemptive.v; results/rta/rs/edf/fully_nonpreemptive.v; results/rta/rs/edf/fully_preemptive.v; results/rta/rs/edf/limited_preemptive.v; results/rta/rs/elf/floating_nonpreemptive.v; results/rta/rs/elf/fully_nonpreemptive.v; results/rta/rs/elf/fully_preemptive.v; results/rta/rs/elf/limited_preemptive.v; results/rta/rs/fifo/bounded_nps.v; results/rta/rs/fp/floating_nonpreemptive.v; results/rta/rs/fp/fully_nonpreemptive.v; results/rta/rs/fp/fully_preemptive.v; results/rta/rs/fp/limited_preemptive.v,0 validation-only equations about `Prosa.Model.Job.Properties`
lean_interfaces/LcmseqSpecComputationInterface.lean,analysis/definitions/hyperperiod.v; analysis/facts/hyperperiod.v; analysis/facts/shifted_job_costs.v,"Export root for `util/lcmseq.v`: the list LCM and its four lemmas, with the validation-only arithmetic interface (gcd/lcm computation equations and Euclidean …"
lean_interfaces/LimitedPreemptiveComputationInterface.lean,model/task/preemption/floating_nonpreemptive.v; model/task/preemption/limited_preemptive.v; analysis/facts/preemption/job/limited.v; analysis/facts/preemption/task/floating.v; analysis/facts/preemption/task/limited.v; analysis/facts/preemption/rtc_threshold/floating.v; analysis/facts/preemption/rtc_threshold/limited.v,Export root for `model/preemption/limited_preemptive.v`: the production declarations together with the accepted preemption-parameter export root (Nat-list …
lean_interfaces/LowerBoundOnServiceComputationInterface.lean,analysis/abstract/abstract_rta.v; analysis/abstract/IBF/supply.v; analysis/abstract/IBF/task.v; analysis/abstract/ideal/abstract_rta.v; analysis/abstract/IBF/supply_task.v; analysis/abstract/ideal/abstract_seq_rta.v; analysis/abstract/ideal/iw_instantiation.v; analysis/abstract/restricted_supply/abstract_rta.v; analysis/abstract/ideal/cumulative_bounds.v; analysis/abstract/restricted_supply/abstract_seq_rta.v; analysis/abstract/restricted_supply/iw_instantiation.v; analysis/abstract/restricted_supply/iw_readiness.v; analysis/facts/priority/fifo_ahep_bound.v; results/rta/ideal/fp/bounded_pi.v; analysis/abstract/restricted_supply/bounded_bi/aux.v; analysis/abstract/restricted_supply/search_space/fifo_fixpoint.v; analysis/abstract/restricted_supply/task_ibf_readiness.v; analysis/abstract/restricted_supply/task_intra_interference_bound.v; results/rta/ideal/edf/bounded_pi.v; results/rta/ideal/elf/bounded_pi.v; results/rta/ideal/fifo/bounded_nps.v; results/rta/ideal/fp/bounded_nps.v; results/rta/ideal/fp/nonseq/bounded_pi.v; results/rta/ideal/gel/bounded_pi.v; analysis/abstract/restricted_supply/bounded_bi/edf.v; analysis/abstract/restricted_supply/bounded_bi/elf.v; analysis/abstract/restricted_supply/bounded_bi/fp.v; analysis/abstract/restricted_supply/bounded_bi/jlfp.v; results/rta/ideal/edf/bounded_nps.v; results/rta/ideal/fp/floating_nonpreemptive.v; results/rta/ideal/fp/fully_nonpreemptive.v; results/rta/ideal/fp/fully_preemptive.v; results/rta/ideal/fp/limited_preemptive.v; results/rta/arm/edf/floating_nonpreemptive.v; results/rta/arm/edf/fully_nonpreemptive.v; results/rta/arm/edf/fully_preemptive.v; results/rta/arm/edf/limited_preemptive.v; results/rta/arm/fifo/bounded_nps.v; results/rta/arm/fp/floating_nonpreemptive.v; results/rta/arm/fp/fully_nonpreemptive.v; results/rta/arm/fp/fully_preemptive.v; results/rta/arm/fp/limited_preemptive.v; results/rta/ideal/edf/floating_nonpreemptive.v; results/rta/ideal/edf/fully_nonpreemptive.v; results/rta/ideal/edf/fully_preemptive.v; results/rta/ideal/edf/limited_preemptive.v; results/rta/ideal/fp/comp/fully_preemptive.v; results/rta/prm/edf/floating_nonpreemptive.v; results/rta/prm/edf/fully_nonpreemptive.v; results/rta/prm/edf/fully_preemptive.v; results/rta/prm/edf/limited_preemptive.v; results/rta/prm/fifo/bounded_nps.v; results/rta/prm/fp/floating_nonpreemptive.v; results/rta/prm/fp/fully_nonpreemptive.v; results/rta/prm/fp/fully_preemptive.v; results/rta/prm/fp/limited_preemptive.v; results/rta/rs/edf/floating_nonpreemptive.v; results/rta/rs/edf/fully_nonpreemptive.v; results/rta/rs/edf/fully_preemptive.v; results/rta/rs/edf/limited_preemptive.v; results/rta/rs/elf/floating_nonpreemptive.v; results/rta/rs/elf/fully_nonpreemptive.v; results/rta/rs/elf/fully_preemptive.v; results/rta/rs/elf/limited_preemptive.v; results/rta/rs/fifo/bounded_nps.v; results/rta/rs/fp/floating_nonpreemptive.v; results/rta/rs/fp/fully_nonpreemptive.v; results/rta/rs/fp/fully_preemptive.v; results/rta/rs/fp/limited_preemptive.v,Export root for `analysis/abstract/lower_bound_on_service.v`: the three statements together with the accepted abstract busy-interval export root (the abstract …
lean_interfaces/NondecreasingComputationInterface.lean,model/preemption/parameter.v; model/preemption/limited_preemptive.v; model/schedule/limited_preemptive.v; model/schedule/preemption_time.v; model/task/preemption/parameters.v; analysis/definitions/blocking_bound/edf.v; analysis/definitions/blocking_bound/elf.v; analysis/definitions/blocking_bound/fp.v; analysis/definitions/busy_interval/classical.v; analysis/definitions/request_bound_function.v; analysis/definitions/service_inversion/pred.v; analysis/facts/preemption/job/preemptive.v; model/schedule/priority_driven.v; model/task/preemption/floating_nonpreemptive.v; model/task/preemption/fully_nonpreemptive.v; model/task/preemption/fully_preemptive.v; model/task/preemption/limited_preemptive.v; analysis/abstract/restricted_supply/busy_prefix.v; analysis/definitions/busy_interval/edf_pi_bound.v; analysis/definitions/demand_bound_function.v; analysis/definitions/priority_inversion.v; analysis/definitions/sbf/busy.v; analysis/definitions/service_inversion/busy_prefix.v; analysis/definitions/service_inversion/readiness_aware.v; analysis/definitions/workload/bounded.v; analysis/definitions/workload/edf_athep_bound.v; analysis/definitions/workload/elf_athep_bound.v; analysis/facts/busy_interval/quiet_time.v; analysis/facts/edf_definitions.v; analysis/facts/jitter.v; analysis/facts/model/preemption.v; analysis/facts/preemption/task/preemptive.v; implementation/definitions/ideal_uni_scheduler.v; analysis/facts/completes_at.v; analysis/facts/model/exceedance/SBF.v; analysis/facts/model/rbf.v; analysis/facts/model/service_of_jobs.v; analysis/facts/preemption/job/nonpreemptive.v; analysis/facts/preemption/rtc_threshold/job_preemptable.v; analysis/facts/priority/inversion.v; analysis/facts/priority/sequential.v; analysis/transform/prefix.v; implementation/facts/ideal_uni/preemption_aware.v; model/task/offset.v; analysis/abstract/iw_auxiliary.v; analysis/abstract/restricted_supply/search_space/fp.v; analysis/facts/busy_interval/existence.v; analysis/facts/interference.v; analysis/facts/model/dbf.v; analysis/facts/model/ideal/priority_inversion.v; analysis/facts/model/offset.v; analysis/facts/preemption/job/limited.v; analysis/facts/preemption/rtc_threshold/nonpreemptive.v; analysis/facts/preemption/rtc_threshold/preemptive.v; analysis/facts/preemption/task/nonpreemptive.v; analysis/facts/priority/edf.v; analysis/facts/priority/gel.v; analysis/facts/workload/edf_athep_bound.v; analysis/facts/workload/elf_athep_bound.v; analysis/transform/wc_trans.v; implementation/facts/ideal_uni/prio_aware.v; analysis/abstract/busy_interval.v; analysis/abstract/restricted_supply/search_space/edf.v; analysis/abstract/restricted_supply/search_space/elf.v; analysis/definitions/hyperperiod.v; analysis/facts/busy_interval/carry_in.v; analysis/facts/busy_interval/hep_at_pt.v; analysis/facts/preemption/task/floating.v; analysis/facts/preemption/task/limited.v; analysis/facts/priority/elf.v; analysis/facts/readiness_interference.v; analysis/facts/transform/edf_opt.v; analysis/facts/transform/wc_correctness.v; analysis/abstract/lower_bound_on_service.v; analysis/facts/busy_interval/arrival.v; analysis/facts/busy_interval/pi.v; analysis/facts/preemption/rtc_threshold/floating.v; analysis/facts/preemption/rtc_threshold/limited.v; analysis/facts/transform/edf_wc.v; results/generality/elf.v; analysis/abstract/abstract_rta.v; analysis/facts/blocking_bound/edf.v; analysis/facts/blocking_bound/elf.v; analysis/facts/blocking_bound/fp.v; analysis/facts/busy_interval/pi_bound.v; analysis/facts/busy_interval/pi_cond.v; analysis/facts/busy_interval/service_inversion.v; analysis/facts/model/overheads/schedule.v; results/optimality/edf.v; analysis/abstract/IBF/supply.v; analysis/abstract/IBF/task.v; analysis/abstract/ideal/abstract_rta.v; analysis/facts/model/overheads/priority_bump.v; analysis/facts/model/overheads/schedule_change.v; analysis/facts/periodic/arrival_times.v; analysis/abstract/IBF/supply_task.v; analysis/abstract/ideal/abstract_seq_rta.v; analysis/abstract/ideal/iw_instantiation.v; analysis/abstract/restricted_supply/abstract_rta.v; analysis/facts/model/overheads/schedule_change_bound.v; analysis/facts/periodic/task_arrivals_size.v; analysis/facts/priority/fifo.v; model/processor/overhead_resource_model.v; analysis/abstract/ideal/cumulative_bounds.v; analysis/abstract/restricted_supply/abstract_seq_rta.v; analysis/abstract/restricted_supply/iw_instantiation.v; analysis/abstract/restricted_supply/iw_readiness.v; analysis/abstract/restricted_supply/search_space/fifo.v; analysis/facts/hyperperiod.v; analysis/facts/model/overheads/blackout_bound.v; analysis/facts/priority/fifo_ahep_bound.v; results/generality/gel.v; results/rta/ideal/fp/bounded_pi.v; analysis/abstract/restricted_supply/bounded_bi/aux.v; analysis/abstract/restricted_supply/search_space/fifo_fixpoint.v; analysis/abstract/restricted_supply/task_ibf_readiness.v; analysis/abstract/restricted_supply/task_intra_interference_bound.v; analysis/facts/model/overheads/sbf/fifo.v; analysis/facts/model/overheads/sbf/fp.v; analysis/facts/model/overheads/sbf/jlfp.v; analysis/facts/shifted_job_costs.v; results/rta/ideal/edf/bounded_pi.v; results/rta/ideal/elf/bounded_pi.v; results/rta/ideal/fifo/bounded_nps.v; results/rta/ideal/fp/bounded_nps.v; results/rta/ideal/fp/nonseq/bounded_pi.v; results/rta/ideal/gel/bounded_pi.v; analysis/abstract/restricted_supply/bounded_bi/edf.v; analysis/abstract/restricted_supply/bounded_bi/elf.v; analysis/abstract/restricted_supply/bounded_bi/fp.v; analysis/abstract/restricted_supply/bounded_bi/jlfp.v; results/rta/ideal/edf/bounded_nps.v; results/rta/ideal/fp/floating_nonpreemptive.v; results/rta/ideal/fp/fully_nonpreemptive.v; results/rta/ideal/fp/fully_preemptive.v; results/rta/ideal/fp/limited_preemptive.v; results/rta/arm/edf/floating_nonpreemptive.v; results/rta/arm/edf/fully_nonpreemptive.v; results/rta/arm/edf/fully_preemptive.v; results/rta/arm/edf/limited_preemptive.v; results/rta/arm/fifo/bounded_nps.v; results/rta/arm/fp/floating_nonpreemptive.v; results/rta/arm/fp/fully_nonpreemptive.v; results/rta/arm/fp/fully_preemptive.v; results/rta/arm/fp/limited_preemptive.v; results/rta/exc/fp/fully_nonpreemptive.v; results/rta/ideal/edf/floating_nonpreemptive.v; results/rta/ideal/edf/fully_nonpreemptive.v; results/rta/ideal/edf/fully_preemptive.v; results/rta/ideal/edf/limited_preemptive.v; results/rta/ideal/fp/comp/fully_preemptive.v; results/rta/ovh/edf/floating_nonpreemptive.v; results/rta/ovh/edf/fully_nonpreemptive.v; results/rta/ovh/edf/fully_preemptive.v; results/rta/ovh/edf/limited_preemptive.v; results/rta/ovh/fifo/bounded_nps.v; results/rta/ovh/fp/floating_nonpreemptive.v; results/rta/ovh/fp/fully_nonpreemptive.v; results/rta/ovh/fp/fully_preemptive.v; results/rta/ovh/fp/limited_preemptive.v; results/rta/prm/edf/floating_nonpreemptive.v; results/rta/prm/edf/fully_nonpreemptive.v; results/rta/prm/edf/fully_preemptive.v; results/rta/prm/edf/limited_preemptive.v; results/rta/prm/fifo/bounded_nps.v; results/rta/prm/fp/floating_nonpreemptive.v; results/rta/prm/fp/fully_nonpreemptive.v; results/rta/prm/fp/fully_preemptive.v; results/rta/prm/fp/limited_preemptive.v; results/rta/rs/edf/floating_nonpreemptive.v; results/rta/rs/edf/fully_nonpreemptive.v; results/rta/rs/edf/fully_preemptive.v; results/rta/rs/edf/limited_preemptive.v; results/rta/rs/elf/floating_nonpreemptive.v; results/rta/rs/elf/fully_nonpreemptive.v; results/rta/rs/elf/fully_preemptive.v; results/rta/rs/elf/limited_preemptive.v; results/rta/rs/fifo/bounded_nps.v; results/rta/rs/fp/floating_nonpreemptive.v; results/rta/rs/fp/fully_nonpreemptive.v; results/rta/rs/fp/fully_preemptive.v; results/rta/rs/fp/limited_preemptive.v; implementation/refinements/EDF/nonpreemptive_sched.v; implementation/refinements/EDF/preemptive_sched.v; implementation/refinements/FP/nonpreemptive_sched.v; implementation/refinements/FP/preemptive_sched.v,Public validation spelling of the source's zero-defaulted list lookup.
lean_interfaces/OverheadResourceModelComputationInterface.lean,analysis/facts/model/overheads/blackout_bound.v; analysis/facts/model/overheads/sbf/fifo.v; analysis/facts/model/overheads/sbf/fp.v; analysis/facts/model/overheads/sbf/jlfp.v; results/rta/ovh/edf/floating_nonpreemptive.v; results/rta/ovh/edf/fully_nonpreemptive.v; results/rta/ovh/edf/fully_preemptive.v; results/rta/ovh/edf/limited_preemptive.v; results/rta/ovh/fifo/bounded_nps.v; results/rta/ovh/fp/floating_nonpreemptive.v; results/rta/ovh/fp/fully_nonpreemptive.v; results/rta/ovh/fp/fully_preemptive.v; results/rta/ovh/fp/limited_preemptive.v,Export root for `model/processor/overhead_resource_model.v`: the ten definitions together with the accepted overheads schedule-change facts export root and the …
lean_interfaces/OverheadsComputationInterface.lean,analysis/facts/model/overheads/blackout_bound.v; analysis/facts/model/overheads/sbf/fifo.v; analysis/facts/model/overheads/sbf/fp.v; analysis/facts/model/overheads/sbf/jlfp.v; results/rta/ovh/edf/floating_nonpreemptive.v; results/rta/ovh/edf/fully_nonpreemptive.v; results/rta/ovh/edf/fully_preemptive.v; results/rta/ovh/edf/limited_preemptive.v; results/rta/ovh/fifo/bounded_nps.v; results/rta/ovh/fp/floating_nonpreemptive.v; results/rta/ovh/fp/fully_nonpreemptive.v; results/rta/ovh/fp/fully_preemptive.v; results/rta/ovh/fp/limited_preemptive.v,These three projection bodies are validation-only.
lean_interfaces/OverheadsInstWitness2ComputationInterface.lean,analysis/facts/model/overheads/priority_bump.v; analysis/facts/model/overheads/schedule_change.v; analysis/facts/model/overheads/schedule_change_bound.v; model/processor/overhead_resource_model.v; analysis/facts/model/overheads/blackout_bound.v; analysis/facts/model/overheads/sbf/fifo.v; analysis/facts/model/overheads/sbf/fp.v; analysis/facts/model/overheads/sbf/jlfp.v; results/rta/ovh/edf/floating_nonpreemptive.v; results/rta/ovh/edf/fully_nonpreemptive.v; results/rta/ovh/edf/fully_preemptive.v; results/rta/ovh/edf/limited_preemptive.v; results/rta/ovh/fifo/bounded_nps.v; results/rta/ovh/fp/floating_nonpreemptive.v; results/rta/ovh/fp/fully_nonpreemptive.v; results/rta/ovh/fp/fully_preemptive.v; results/rta/ovh/fp/limited_preemptive.v,Second set of validation-only universe witnesses for the overheads processor model: every generic processor-state-dependent constant used by the replayed …
lean_interfaces/OverheadsInstWitnessComputationInterface.lean,analysis/facts/model/overheads/schedule.v; analysis/facts/model/overheads/priority_bump.v; analysis/facts/model/overheads/schedule_change.v; analysis/facts/model/overheads/schedule_change_bound.v; model/processor/overhead_resource_model.v; analysis/facts/model/overheads/blackout_bound.v; analysis/facts/model/overheads/sbf/fifo.v; analysis/facts/model/overheads/sbf/fp.v; analysis/facts/model/overheads/sbf/jlfp.v; results/rta/ovh/edf/floating_nonpreemptive.v; results/rta/ovh/edf/fully_nonpreemptive.v; results/rta/ovh/edf/fully_preemptive.v; results/rta/ovh/edf/limited_preemptive.v; results/rta/ovh/fifo/bounded_nps.v; results/rta/ovh/fp/floating_nonpreemptive.v; results/rta/ovh/fp/fully_nonpreemptive.v; results/rta/ovh/fp/fully_preemptive.v; results/rta/ovh/fp/limited_preemptive.v,Validation-only universe witnesses for `analysis/facts/model/overheads/schedule.v`: each definition applies one generic processor-state-dependent constant at …
lean_interfaces/OverheadsSbfFifoComputationInterface.lean,results/rta/ovh/fifo/bounded_nps.v,Export root for `analysis/facts/model/overheads/sbf/fifo.v`: the two definitions and four statements together with the accepted overheads schedule-change-bound …
lean_interfaces/OverheadsSbfFpComputationInterface.lean,results/rta/ovh/fp/floating_nonpreemptive.v; results/rta/ovh/fp/fully_nonpreemptive.v; results/rta/ovh/fp/fully_preemptive.v; results/rta/ovh/fp/limited_preemptive.v,Export root for `analysis/facts/model/overheads/sbf/fp.v`: the two definitions and four statements together with the accepted overheads schedule-change-bound …
lean_interfaces/OverheadsSbfJlfpComputationInterface.lean,results/rta/ovh/edf/floating_nonpreemptive.v; results/rta/ovh/edf/fully_nonpreemptive.v; results/rta/ovh/edf/fully_preemptive.v; results/rta/ovh/edf/limited_preemptive.v,Export root for `analysis/facts/model/overheads/sbf/jlfp.v`: the two definitions and four statements together with the accepted overheads schedule-change-bound …
lean_interfaces/OverheadsScheduleComputationInterface.lean,analysis/facts/model/overheads/priority_bump.v; analysis/facts/model/overheads/schedule_change.v; analysis/facts/model/overheads/schedule_change_bound.v; model/processor/overhead_resource_model.v; analysis/facts/model/overheads/blackout_bound.v; analysis/facts/model/overheads/sbf/fifo.v; analysis/facts/model/overheads/sbf/fp.v; analysis/facts/model/overheads/sbf/jlfp.v; results/rta/ovh/edf/floating_nonpreemptive.v; results/rta/ovh/edf/fully_nonpreemptive.v; results/rta/ovh/edf/fully_preemptive.v; results/rta/ovh/edf/limited_preemptive.v; results/rta/ovh/fifo/bounded_nps.v; results/rta/ovh/fp/floating_nonpreemptive.v; results/rta/ovh/fp/fully_nonpreemptive.v; results/rta/ovh/fp/fully_preemptive.v; results/rta/ovh/fp/limited_preemptive.v,"Export root for `analysis/facts/model/overheads/schedule.v`: the six statements together with the accepted `pi` export root, the overheads processor model, and …"
lean_interfaces/PeriodicAsSporadicComputationInterface.lean,analysis/facts/periodic/arrival_separation.v; analysis/facts/periodic/max_inter_arrival.v,"Export root for `model/task/arrival/periodic_as_sporadic.v`: the instance, the four statements and the sporadic-model definitions they mention, together with …"
lean_interfaces/PeriodicComputationInterface.lean,analysis/definitions/hyperperiod.v; model/task/arrival/periodic_as_sporadic.v; analysis/facts/periodic/arrival_separation.v; analysis/facts/periodic/max_inter_arrival.v; analysis/facts/periodic/arrival_times.v; analysis/facts/periodic/task_arrivals_size.v; analysis/facts/hyperperiod.v; analysis/facts/shifted_job_costs.v,Export root for `model/task/arrival/periodic.v`: the class and the four definitions together with the accepted task-arrivals export root (`job_index` over the …
lean_interfaces/PiBoundComputationInterface.lean,analysis/facts/busy_interval/service_inversion.v; analysis/abstract/ideal/iw_instantiation.v; analysis/facts/priority/fifo.v; analysis/abstract/ideal/cumulative_bounds.v; analysis/abstract/restricted_supply/iw_instantiation.v; analysis/abstract/restricted_supply/iw_readiness.v; analysis/facts/priority/fifo_ahep_bound.v; results/rta/ideal/fp/bounded_pi.v; analysis/abstract/restricted_supply/bounded_bi/aux.v; analysis/abstract/restricted_supply/search_space/fifo_fixpoint.v; analysis/abstract/restricted_supply/task_ibf_readiness.v; analysis/abstract/restricted_supply/task_intra_interference_bound.v; results/rta/ideal/edf/bounded_pi.v; results/rta/ideal/elf/bounded_pi.v; results/rta/ideal/fifo/bounded_nps.v; results/rta/ideal/fp/bounded_nps.v; results/rta/ideal/fp/nonseq/bounded_pi.v; results/rta/ideal/gel/bounded_pi.v; analysis/abstract/restricted_supply/bounded_bi/edf.v; analysis/abstract/restricted_supply/bounded_bi/elf.v; analysis/abstract/restricted_supply/bounded_bi/fp.v; analysis/abstract/restricted_supply/bounded_bi/jlfp.v; results/rta/ideal/edf/bounded_nps.v; results/rta/ideal/fp/floating_nonpreemptive.v; results/rta/ideal/fp/fully_nonpreemptive.v; results/rta/ideal/fp/fully_preemptive.v; results/rta/ideal/fp/limited_preemptive.v; results/rta/arm/edf/floating_nonpreemptive.v; results/rta/arm/edf/fully_nonpreemptive.v; results/rta/arm/edf/fully_preemptive.v; results/rta/arm/edf/limited_preemptive.v; results/rta/arm/fifo/bounded_nps.v; results/rta/arm/fp/floating_nonpreemptive.v; results/rta/arm/fp/fully_nonpreemptive.v; results/rta/arm/fp/fully_preemptive.v; results/rta/arm/fp/limited_preemptive.v; results/rta/ideal/edf/floating_nonpreemptive.v; results/rta/ideal/edf/fully_nonpreemptive.v; results/rta/ideal/edf/fully_preemptive.v; results/rta/ideal/edf/limited_preemptive.v; results/rta/ideal/fp/comp/fully_preemptive.v; results/rta/prm/edf/floating_nonpreemptive.v; results/rta/prm/edf/fully_nonpreemptive.v; results/rta/prm/edf/fully_preemptive.v; results/rta/prm/edf/limited_preemptive.v; results/rta/prm/fifo/bounded_nps.v; results/rta/prm/fp/floating_nonpreemptive.v; results/rta/prm/fp/fully_nonpreemptive.v; results/rta/prm/fp/fully_preemptive.v; results/rta/prm/fp/limited_preemptive.v; results/rta/rs/edf/floating_nonpreemptive.v; results/rta/rs/edf/fully_nonpreemptive.v; results/rta/rs/edf/fully_preemptive.v; results/rta/rs/edf/limited_preemptive.v; results/rta/rs/elf/floating_nonpreemptive.v; results/rta/rs/elf/fully_nonpreemptive.v; results/rta/rs/elf/fully_preemptive.v; results/rta/rs/elf/limited_preemptive.v; results/rta/rs/fifo/bounded_nps.v; results/rta/rs/fp/floating_nonpreemptive.v; results/rta/rs/fp/fully_nonpreemptive.v; results/rta/rs/fp/fully_preemptive.v; results/rta/rs/fp/limited_preemptive.v,Export root for `analysis/facts/busy_interval/pi_bound.v`: the statement together with the accepted `pi` export root.
lean_interfaces/PiComputationInterface.lean,analysis/facts/model/exceedance/SBF.v; analysis/facts/busy_interval/pi.v; analysis/facts/blocking_bound/edf.v; analysis/facts/blocking_bound/elf.v; analysis/facts/blocking_bound/fp.v; analysis/facts/busy_interval/pi_bound.v; analysis/facts/busy_interval/pi_cond.v; analysis/facts/busy_interval/service_inversion.v; analysis/facts/model/overheads/schedule.v; analysis/facts/model/overheads/priority_bump.v; analysis/facts/model/overheads/schedule_change.v; analysis/abstract/ideal/iw_instantiation.v; analysis/facts/model/overheads/schedule_change_bound.v; analysis/facts/priority/fifo.v; model/processor/overhead_resource_model.v; analysis/abstract/ideal/cumulative_bounds.v; analysis/abstract/restricted_supply/iw_instantiation.v; analysis/abstract/restricted_supply/iw_readiness.v; analysis/facts/model/overheads/blackout_bound.v; analysis/facts/priority/fifo_ahep_bound.v; results/rta/ideal/fp/bounded_pi.v; analysis/abstract/restricted_supply/bounded_bi/aux.v; analysis/abstract/restricted_supply/search_space/fifo_fixpoint.v; analysis/abstract/restricted_supply/task_ibf_readiness.v; analysis/abstract/restricted_supply/task_intra_interference_bound.v; analysis/facts/model/overheads/sbf/fifo.v; analysis/facts/model/overheads/sbf/fp.v; analysis/facts/model/overheads/sbf/jlfp.v; results/rta/ideal/edf/bounded_pi.v; results/rta/ideal/elf/bounded_pi.v; results/rta/ideal/fifo/bounded_nps.v; results/rta/ideal/fp/bounded_nps.v; results/rta/ideal/fp/nonseq/bounded_pi.v; results/rta/ideal/gel/bounded_pi.v; analysis/abstract/restricted_supply/bounded_bi/edf.v; analysis/abstract/restricted_supply/bounded_bi/elf.v; analysis/abstract/restricted_supply/bounded_bi/fp.v; analysis/abstract/restricted_supply/bounded_bi/jlfp.v; results/rta/ideal/edf/bounded_nps.v; results/rta/ideal/fp/floating_nonpreemptive.v; results/rta/ideal/fp/fully_nonpreemptive.v; results/rta/ideal/fp/fully_preemptive.v; results/rta/ideal/fp/limited_preemptive.v; results/rta/arm/edf/floating_nonpreemptive.v; results/rta/arm/edf/fully_nonpreemptive.v; results/rta/arm/edf/fully_preemptive.v; results/rta/arm/edf/limited_preemptive.v; results/rta/arm/fifo/bounded_nps.v; results/rta/arm/fp/floating_nonpreemptive.v; results/rta/arm/fp/fully_nonpreemptive.v; results/rta/arm/fp/fully_preemptive.v; results/rta/arm/fp/limited_preemptive.v; results/rta/exc/fp/fully_nonpreemptive.v; results/rta/ideal/edf/floating_nonpreemptive.v; results/rta/ideal/edf/fully_nonpreemptive.v; results/rta/ideal/edf/fully_preemptive.v; results/rta/ideal/edf/limited_preemptive.v; results/rta/ideal/fp/comp/fully_preemptive.v; results/rta/ovh/edf/floating_nonpreemptive.v; results/rta/ovh/edf/fully_nonpreemptive.v; results/rta/ovh/edf/fully_preemptive.v; results/rta/ovh/edf/limited_preemptive.v; results/rta/ovh/fifo/bounded_nps.v; results/rta/ovh/fp/floating_nonpreemptive.v; results/rta/ovh/fp/fully_nonpreemptive.v; results/rta/ovh/fp/fully_preemptive.v; results/rta/ovh/fp/limited_preemptive.v; results/rta/prm/edf/floating_nonpreemptive.v; results/rta/prm/edf/fully_nonpreemptive.v; results/rta/prm/edf/fully_preemptive.v; results/rta/prm/edf/limited_preemptive.v; results/rta/prm/fifo/bounded_nps.v; results/rta/prm/fp/floating_nonpreemptive.v; results/rta/prm/fp/fully_nonpreemptive.v; results/rta/prm/fp/fully_preemptive.v; results/rta/prm/fp/limited_preemptive.v; results/rta/rs/edf/floating_nonpreemptive.v; results/rta/rs/edf/fully_nonpreemptive.v; results/rta/rs/edf/fully_preemptive.v; results/rta/rs/edf/limited_preemptive.v; results/rta/rs/elf/floating_nonpreemptive.v; results/rta/rs/elf/fully_nonpreemptive.v; results/rta/rs/elf/fully_preemptive.v; results/rta/rs/elf/limited_preemptive.v; results/rta/rs/fifo/bounded_nps.v; results/rta/rs/fp/floating_nonpreemptive.v; results/rta/rs/fp/fully_nonpreemptive.v; results/rta/rs/fp/fully_preemptive.v; results/rta/rs/fp/limited_preemptive.v,"Export root for `analysis/facts/busy_interval/pi.v`: the production declarations together with the accepted `hep_at_pt` export root, the accepted …"
lean_interfaces/PlatformPropertiesComputationInterface.lean,analysis/facts/model/sbf/periodic.v; results/rta/prm/edf/floating_nonpreemptive.v; results/rta/prm/edf/fully_nonpreemptive.v; results/rta/prm/edf/fully_preemptive.v; results/rta/prm/edf/limited_preemptive.v; results/rta/prm/fifo/bounded_nps.v; results/rta/prm/fp/floating_nonpreemptive.v; results/rta/prm/fp/fully_nonpreemptive.v; results/rta/prm/fp/fully_preemptive.v; results/rta/prm/fp/limited_preemptive.v,0 validation-only equations about `Prosa.Model.Processor.PlatformProperties`
lean_interfaces/PredExportInterface.lean,analysis/facts/model/sbf/average.v; analysis/facts/model/sbf/periodic.v; analysis/definitions/sbf/busy.v; analysis/facts/model/exceedance/SBF.v; analysis/abstract/restricted_supply/abstract_rta.v; analysis/abstract/restricted_supply/abstract_seq_rta.v; analysis/abstract/restricted_supply/search_space/fifo_fixpoint.v; analysis/facts/model/overheads/sbf/fifo.v; analysis/facts/model/overheads/sbf/fp.v; analysis/facts/model/overheads/sbf/jlfp.v; analysis/abstract/restricted_supply/bounded_bi/edf.v; analysis/abstract/restricted_supply/bounded_bi/elf.v; analysis/abstract/restricted_supply/bounded_bi/fp.v; analysis/abstract/restricted_supply/bounded_bi/jlfp.v; results/rta/arm/edf/floating_nonpreemptive.v; results/rta/arm/edf/fully_nonpreemptive.v; results/rta/arm/edf/fully_preemptive.v; results/rta/arm/edf/limited_preemptive.v; results/rta/arm/fifo/bounded_nps.v; results/rta/arm/fp/floating_nonpreemptive.v; results/rta/arm/fp/fully_nonpreemptive.v; results/rta/arm/fp/fully_preemptive.v; results/rta/arm/fp/limited_preemptive.v; results/rta/exc/fp/fully_nonpreemptive.v; results/rta/ovh/edf/floating_nonpreemptive.v; results/rta/ovh/edf/fully_nonpreemptive.v; results/rta/ovh/edf/fully_preemptive.v; results/rta/ovh/edf/limited_preemptive.v; results/rta/ovh/fifo/bounded_nps.v; results/rta/ovh/fp/floating_nonpreemptive.v; results/rta/ovh/fp/fully_nonpreemptive.v; results/rta/ovh/fp/fully_preemptive.v; results/rta/ovh/fp/limited_preemptive.v; results/rta/prm/edf/floating_nonpreemptive.v; results/rta/prm/edf/fully_nonpreemptive.v; results/rta/prm/edf/fully_preemptive.v; results/rta/prm/edf/limited_preemptive.v; results/rta/prm/fifo/bounded_nps.v; results/rta/prm/fp/floating_nonpreemptive.v; results/rta/prm/fp/fully_nonpreemptive.v; results/rta/prm/fp/fully_preemptive.v; results/rta/prm/fp/limited_preemptive.v; results/rta/rs/edf/floating_nonpreemptive.v; results/rta/rs/edf/fully_nonpreemptive.v; results/rta/rs/edf/fully_preemptive.v; results/rta/rs/edf/limited_preemptive.v; results/rta/rs/elf/floating_nonpreemptive.v; results/rta/rs/elf/fully_nonpreemptive.v; results/rta/rs/elf/fully_preemptive.v; results/rta/rs/elf/limited_preemptive.v; results/rta/rs/fifo/bounded_nps.v; results/rta/rs/fp/floating_nonpreemptive.v; results/rta/rs/fp/fully_nonpreemptive.v; results/rta/rs/fp/fully_preemptive.v; results/rta/rs/fp/limited_preemptive.v,0 validation-only equations about `Prosa.Analysis.Definitions.Sbf.Pred`
lean_interfaces/PreemptionParameterComputationInterface.lean,model/preemption/limited_preemptive.v; model/schedule/limited_preemptive.v; model/schedule/preemption_time.v; model/task/preemption/parameters.v; analysis/definitions/blocking_bound/edf.v; analysis/definitions/blocking_bound/elf.v; analysis/definitions/blocking_bound/fp.v; analysis/definitions/busy_interval/classical.v; analysis/definitions/request_bound_function.v; analysis/definitions/service_inversion/pred.v; analysis/facts/preemption/job/preemptive.v; model/schedule/priority_driven.v; model/task/preemption/floating_nonpreemptive.v; model/task/preemption/fully_nonpreemptive.v; model/task/preemption/fully_preemptive.v; model/task/preemption/limited_preemptive.v; analysis/abstract/restricted_supply/busy_prefix.v; analysis/definitions/busy_interval/edf_pi_bound.v; analysis/definitions/demand_bound_function.v; analysis/definitions/priority_inversion.v; analysis/definitions/sbf/busy.v; analysis/definitions/service_inversion/busy_prefix.v; analysis/definitions/service_inversion/readiness_aware.v; analysis/definitions/workload/bounded.v; analysis/definitions/workload/edf_athep_bound.v; analysis/definitions/workload/elf_athep_bound.v; analysis/facts/busy_interval/quiet_time.v; analysis/facts/edf_definitions.v; analysis/facts/jitter.v; analysis/facts/model/preemption.v; analysis/facts/preemption/task/preemptive.v; implementation/definitions/ideal_uni_scheduler.v; analysis/facts/completes_at.v; analysis/facts/model/exceedance/SBF.v; analysis/facts/model/rbf.v; analysis/facts/model/service_of_jobs.v; analysis/facts/preemption/job/nonpreemptive.v; analysis/facts/preemption/rtc_threshold/job_preemptable.v; analysis/facts/priority/inversion.v; analysis/facts/priority/sequential.v; analysis/transform/prefix.v; implementation/facts/ideal_uni/preemption_aware.v; model/task/offset.v; analysis/abstract/iw_auxiliary.v; analysis/abstract/restricted_supply/search_space/fp.v; analysis/facts/busy_interval/existence.v; analysis/facts/interference.v; analysis/facts/model/dbf.v; analysis/facts/model/ideal/priority_inversion.v; analysis/facts/model/offset.v; analysis/facts/preemption/job/limited.v; analysis/facts/preemption/rtc_threshold/nonpreemptive.v; analysis/facts/preemption/rtc_threshold/preemptive.v; analysis/facts/preemption/task/nonpreemptive.v; analysis/facts/priority/edf.v; analysis/facts/priority/gel.v; analysis/facts/workload/edf_athep_bound.v; analysis/facts/workload/elf_athep_bound.v; analysis/transform/wc_trans.v; implementation/facts/ideal_uni/prio_aware.v; analysis/abstract/busy_interval.v; analysis/abstract/restricted_supply/search_space/edf.v; analysis/abstract/restricted_supply/search_space/elf.v; analysis/definitions/hyperperiod.v; analysis/facts/busy_interval/carry_in.v; analysis/facts/busy_interval/hep_at_pt.v; analysis/facts/preemption/task/floating.v; analysis/facts/preemption/task/limited.v; analysis/facts/priority/elf.v; analysis/facts/readiness_interference.v; analysis/facts/transform/edf_opt.v; analysis/facts/transform/wc_correctness.v; analysis/abstract/lower_bound_on_service.v; analysis/facts/busy_interval/arrival.v; analysis/facts/busy_interval/pi.v; analysis/facts/preemption/rtc_threshold/floating.v; analysis/facts/preemption/rtc_threshold/limited.v; analysis/facts/transform/edf_wc.v; results/generality/elf.v; analysis/abstract/abstract_rta.v; analysis/facts/blocking_bound/edf.v; analysis/facts/blocking_bound/elf.v; analysis/facts/blocking_bound/fp.v; analysis/facts/busy_interval/pi_bound.v; analysis/facts/busy_interval/pi_cond.v; analysis/facts/busy_interval/service_inversion.v; analysis/facts/model/overheads/schedule.v; results/optimality/edf.v; analysis/abstract/IBF/supply.v; analysis/abstract/IBF/task.v; analysis/abstract/ideal/abstract_rta.v; analysis/facts/model/overheads/priority_bump.v; analysis/facts/model/overheads/schedule_change.v; analysis/facts/periodic/arrival_times.v; analysis/abstract/IBF/supply_task.v; analysis/abstract/ideal/abstract_seq_rta.v; analysis/abstract/ideal/iw_instantiation.v; analysis/abstract/restricted_supply/abstract_rta.v; analysis/facts/model/overheads/schedule_change_bound.v; analysis/facts/periodic/task_arrivals_size.v; analysis/facts/priority/fifo.v; model/processor/overhead_resource_model.v; analysis/abstract/ideal/cumulative_bounds.v; analysis/abstract/restricted_supply/abstract_seq_rta.v; analysis/abstract/restricted_supply/iw_instantiation.v; analysis/abstract/restricted_supply/iw_readiness.v; analysis/abstract/restricted_supply/search_space/fifo.v; analysis/facts/hyperperiod.v; analysis/facts/model/overheads/blackout_bound.v; analysis/facts/priority/fifo_ahep_bound.v; results/generality/gel.v; results/rta/ideal/fp/bounded_pi.v; analysis/abstract/restricted_supply/bounded_bi/aux.v; analysis/abstract/restricted_supply/search_space/fifo_fixpoint.v; analysis/abstract/restricted_supply/task_ibf_readiness.v; analysis/abstract/restricted_supply/task_intra_interference_bound.v; analysis/facts/model/overheads/sbf/fifo.v; analysis/facts/model/overheads/sbf/fp.v; analysis/facts/model/overheads/sbf/jlfp.v; analysis/facts/shifted_job_costs.v; results/rta/ideal/edf/bounded_pi.v; results/rta/ideal/elf/bounded_pi.v; results/rta/ideal/fifo/bounded_nps.v; results/rta/ideal/fp/bounded_nps.v; results/rta/ideal/fp/nonseq/bounded_pi.v; results/rta/ideal/gel/bounded_pi.v; analysis/abstract/restricted_supply/bounded_bi/edf.v; analysis/abstract/restricted_supply/bounded_bi/elf.v; analysis/abstract/restricted_supply/bounded_bi/fp.v; analysis/abstract/restricted_supply/bounded_bi/jlfp.v; results/rta/ideal/edf/bounded_nps.v; results/rta/ideal/fp/floating_nonpreemptive.v; results/rta/ideal/fp/fully_nonpreemptive.v; results/rta/ideal/fp/fully_preemptive.v; results/rta/ideal/fp/limited_preemptive.v; results/rta/arm/edf/floating_nonpreemptive.v; results/rta/arm/edf/fully_nonpreemptive.v; results/rta/arm/edf/fully_preemptive.v; results/rta/arm/edf/limited_preemptive.v; results/rta/arm/fifo/bounded_nps.v; results/rta/arm/fp/floating_nonpreemptive.v; results/rta/arm/fp/fully_nonpreemptive.v; results/rta/arm/fp/fully_preemptive.v; results/rta/arm/fp/limited_preemptive.v; results/rta/exc/fp/fully_nonpreemptive.v; results/rta/ideal/edf/floating_nonpreemptive.v; results/rta/ideal/edf/fully_nonpreemptive.v; results/rta/ideal/edf/fully_preemptive.v; results/rta/ideal/edf/limited_preemptive.v; results/rta/ideal/fp/comp/fully_preemptive.v; results/rta/ovh/edf/floating_nonpreemptive.v; results/rta/ovh/edf/fully_nonpreemptive.v; results/rta/ovh/edf/fully_preemptive.v; results/rta/ovh/edf/limited_preemptive.v; results/rta/ovh/fifo/bounded_nps.v; results/rta/ovh/fp/floating_nonpreemptive.v; results/rta/ovh/fp/fully_nonpreemptive.v; results/rta/ovh/fp/fully_preemptive.v; results/rta/ovh/fp/limited_preemptive.v; results/rta/prm/edf/floating_nonpreemptive.v; results/rta/prm/edf/fully_nonpreemptive.v; results/rta/prm/edf/fully_preemptive.v; results/rta/prm/edf/limited_preemptive.v; results/rta/prm/fifo/bounded_nps.v; results/rta/prm/fp/floating_nonpreemptive.v; results/rta/prm/fp/fully_nonpreemptive.v; results/rta/prm/fp/fully_preemptive.v; results/rta/prm/fp/limited_preemptive.v; results/rta/rs/edf/floating_nonpreemptive.v; results/rta/rs/edf/fully_nonpreemptive.v; results/rta/rs/edf/fully_preemptive.v; results/rta/rs/edf/limited_preemptive.v; results/rta/rs/elf/floating_nonpreemptive.v; results/rta/rs/elf/fully_nonpreemptive.v; results/rta/rs/elf/fully_preemptive.v; results/rta/rs/elf/limited_preemptive.v; results/rta/rs/fifo/bounded_nps.v; results/rta/rs/fp/floating_nonpreemptive.v; results/rta/rs/fp/fully_nonpreemptive.v; results/rta/rs/fp/fully_preemptive.v; results/rta/rs/fp/limited_preemptive.v; implementation/refinements/EDF/nonpreemptive_sched.v; implementation/refinements/EDF/preemptive_sched.v; implementation/refinements/FP/nonpreemptive_sched.v; implementation/refinements/FP/preemptive_sched.v,"Export root for `model/preemption/parameter.v`: the production declarations, the accepted Service / arrival-sequence / Nondecreasing computation interfaces, …"
lean_interfaces/PreemptionTimeComputationInterface.lean,model/schedule/priority_driven.v; analysis/facts/jitter.v; analysis/facts/model/preemption.v; analysis/facts/completes_at.v; analysis/facts/model/exceedance/SBF.v; analysis/facts/priority/sequential.v; analysis/facts/busy_interval/existence.v; analysis/facts/priority/edf.v; analysis/facts/priority/gel.v; analysis/facts/busy_interval/carry_in.v; analysis/facts/busy_interval/hep_at_pt.v; analysis/facts/priority/elf.v; analysis/facts/busy_interval/arrival.v; analysis/facts/busy_interval/pi.v; results/generality/elf.v; analysis/facts/blocking_bound/edf.v; analysis/facts/blocking_bound/elf.v; analysis/facts/blocking_bound/fp.v; analysis/facts/busy_interval/pi_bound.v; analysis/facts/busy_interval/pi_cond.v; analysis/facts/busy_interval/service_inversion.v; analysis/facts/model/overheads/schedule.v; analysis/facts/model/overheads/priority_bump.v; analysis/facts/model/overheads/schedule_change.v; analysis/abstract/ideal/iw_instantiation.v; analysis/facts/model/overheads/schedule_change_bound.v; analysis/facts/priority/fifo.v; model/processor/overhead_resource_model.v; analysis/abstract/ideal/cumulative_bounds.v; analysis/abstract/restricted_supply/iw_instantiation.v; analysis/abstract/restricted_supply/iw_readiness.v; analysis/facts/model/overheads/blackout_bound.v; analysis/facts/priority/fifo_ahep_bound.v; results/generality/gel.v; results/rta/ideal/fp/bounded_pi.v; analysis/abstract/restricted_supply/bounded_bi/aux.v; analysis/abstract/restricted_supply/search_space/fifo_fixpoint.v; analysis/abstract/restricted_supply/task_ibf_readiness.v; analysis/abstract/restricted_supply/task_intra_interference_bound.v; analysis/facts/model/overheads/sbf/fifo.v; analysis/facts/model/overheads/sbf/fp.v; analysis/facts/model/overheads/sbf/jlfp.v; results/rta/ideal/edf/bounded_pi.v; results/rta/ideal/elf/bounded_pi.v; results/rta/ideal/fifo/bounded_nps.v; results/rta/ideal/fp/bounded_nps.v; results/rta/ideal/fp/nonseq/bounded_pi.v; results/rta/ideal/gel/bounded_pi.v; analysis/abstract/restricted_supply/bounded_bi/edf.v; analysis/abstract/restricted_supply/bounded_bi/elf.v; analysis/abstract/restricted_supply/bounded_bi/fp.v; analysis/abstract/restricted_supply/bounded_bi/jlfp.v; results/rta/ideal/edf/bounded_nps.v; results/rta/ideal/fp/floating_nonpreemptive.v; results/rta/ideal/fp/fully_nonpreemptive.v; results/rta/ideal/fp/fully_preemptive.v; results/rta/ideal/fp/limited_preemptive.v; results/rta/arm/edf/floating_nonpreemptive.v; results/rta/arm/edf/fully_nonpreemptive.v; results/rta/arm/edf/fully_preemptive.v; results/rta/arm/edf/limited_preemptive.v; results/rta/arm/fifo/bounded_nps.v; results/rta/arm/fp/floating_nonpreemptive.v; results/rta/arm/fp/fully_nonpreemptive.v; results/rta/arm/fp/fully_preemptive.v; results/rta/arm/fp/limited_preemptive.v; results/rta/exc/fp/fully_nonpreemptive.v; results/rta/ideal/edf/floating_nonpreemptive.v; results/rta/ideal/edf/fully_nonpreemptive.v; results/rta/ideal/edf/fully_preemptive.v; results/rta/ideal/edf/limited_preemptive.v; results/rta/ideal/fp/comp/fully_preemptive.v; results/rta/ovh/edf/floating_nonpreemptive.v; results/rta/ovh/edf/fully_nonpreemptive.v; results/rta/ovh/edf/fully_preemptive.v; results/rta/ovh/edf/limited_preemptive.v; results/rta/ovh/fifo/bounded_nps.v; results/rta/ovh/fp/floating_nonpreemptive.v; results/rta/ovh/fp/fully_nonpreemptive.v; results/rta/ovh/fp/fully_preemptive.v; results/rta/ovh/fp/limited_preemptive.v; results/rta/prm/edf/floating_nonpreemptive.v; results/rta/prm/edf/fully_nonpreemptive.v; results/rta/prm/edf/fully_preemptive.v; results/rta/prm/edf/limited_preemptive.v; results/rta/prm/fifo/bounded_nps.v; results/rta/prm/fp/floating_nonpreemptive.v; results/rta/prm/fp/fully_nonpreemptive.v; results/rta/prm/fp/fully_preemptive.v; results/rta/prm/fp/limited_preemptive.v; results/rta/rs/edf/floating_nonpreemptive.v; results/rta/rs/edf/fully_nonpreemptive.v; results/rta/rs/edf/fully_preemptive.v; results/rta/rs/edf/limited_preemptive.v; results/rta/rs/elf/floating_nonpreemptive.v; results/rta/rs/elf/fully_nonpreemptive.v; results/rta/rs/elf/fully_preemptive.v; results/rta/rs/elf/limited_preemptive.v; results/rta/rs/fifo/bounded_nps.v; results/rta/rs/fp/floating_nonpreemptive.v; results/rta/rs/fp/fully_nonpreemptive.v; results/rta/rs/fp/fully_preemptive.v; results/rta/rs/fp/limited_preemptive.v,"Export root for `model/schedule/preemption_time.v`: the production declaration, the accepted preemption-parameter export root, and kernel-checked case …"
lean_interfaces/PriorityBumpFactsComputationInterface.lean,analysis/facts/model/overheads/priority_bump.v; analysis/facts/model/overheads/schedule_change_bound.v; analysis/facts/model/overheads/sbf/fifo.v; analysis/facts/model/overheads/sbf/fp.v; analysis/facts/model/overheads/sbf/jlfp.v; results/rta/ovh/edf/floating_nonpreemptive.v; results/rta/ovh/edf/fully_nonpreemptive.v; results/rta/ovh/edf/fully_preemptive.v; results/rta/ovh/edf/limited_preemptive.v; results/rta/ovh/fifo/bounded_nps.v; results/rta/ovh/fp/floating_nonpreemptive.v; results/rta/ovh/fp/fully_nonpreemptive.v; results/rta/ovh/fp/fully_preemptive.v; results/rta/ovh/fp/limited_preemptive.v,Export root for `analysis/facts/model/overheads/priority_bump.v`: the three statements together with the accepted overheads-schedule export root (with its two …
lean_interfaces/PriorityDrivenComputationInterface.lean,analysis/facts/jitter.v; analysis/facts/model/preemption.v; analysis/facts/completes_at.v; analysis/facts/model/exceedance/SBF.v; analysis/facts/priority/sequential.v; analysis/facts/busy_interval/existence.v; analysis/facts/priority/edf.v; analysis/facts/priority/gel.v; analysis/facts/busy_interval/carry_in.v; analysis/facts/busy_interval/hep_at_pt.v; analysis/facts/priority/elf.v; analysis/facts/busy_interval/arrival.v; analysis/facts/busy_interval/pi.v; results/generality/elf.v; analysis/facts/blocking_bound/edf.v; analysis/facts/blocking_bound/elf.v; analysis/facts/blocking_bound/fp.v; analysis/facts/busy_interval/pi_bound.v; analysis/facts/busy_interval/pi_cond.v; analysis/facts/busy_interval/service_inversion.v; analysis/facts/model/overheads/schedule.v; analysis/facts/model/overheads/priority_bump.v; analysis/facts/model/overheads/schedule_change.v; analysis/abstract/ideal/iw_instantiation.v; analysis/facts/model/overheads/schedule_change_bound.v; analysis/facts/priority/fifo.v; model/processor/overhead_resource_model.v; analysis/abstract/ideal/cumulative_bounds.v; analysis/abstract/restricted_supply/iw_instantiation.v; analysis/abstract/restricted_supply/iw_readiness.v; analysis/facts/model/overheads/blackout_bound.v; analysis/facts/priority/fifo_ahep_bound.v; results/generality/gel.v; results/rta/ideal/fp/bounded_pi.v; analysis/abstract/restricted_supply/bounded_bi/aux.v; analysis/abstract/restricted_supply/search_space/fifo_fixpoint.v; analysis/abstract/restricted_supply/task_ibf_readiness.v; analysis/abstract/restricted_supply/task_intra_interference_bound.v; analysis/facts/model/overheads/sbf/fifo.v; analysis/facts/model/overheads/sbf/fp.v; analysis/facts/model/overheads/sbf/jlfp.v; results/rta/ideal/edf/bounded_pi.v; results/rta/ideal/elf/bounded_pi.v; results/rta/ideal/fifo/bounded_nps.v; results/rta/ideal/fp/bounded_nps.v; results/rta/ideal/fp/nonseq/bounded_pi.v; results/rta/ideal/gel/bounded_pi.v; analysis/abstract/restricted_supply/bounded_bi/edf.v; analysis/abstract/restricted_supply/bounded_bi/elf.v; analysis/abstract/restricted_supply/bounded_bi/fp.v; analysis/abstract/restricted_supply/bounded_bi/jlfp.v; results/rta/ideal/edf/bounded_nps.v; results/rta/ideal/fp/floating_nonpreemptive.v; results/rta/ideal/fp/fully_nonpreemptive.v; results/rta/ideal/fp/fully_preemptive.v; results/rta/ideal/fp/limited_preemptive.v; results/rta/arm/edf/floating_nonpreemptive.v; results/rta/arm/edf/fully_nonpreemptive.v; results/rta/arm/edf/fully_preemptive.v; results/rta/arm/edf/limited_preemptive.v; results/rta/arm/fifo/bounded_nps.v; results/rta/arm/fp/floating_nonpreemptive.v; results/rta/arm/fp/fully_nonpreemptive.v; results/rta/arm/fp/fully_preemptive.v; results/rta/arm/fp/limited_preemptive.v; results/rta/exc/fp/fully_nonpreemptive.v; results/rta/ideal/edf/floating_nonpreemptive.v; results/rta/ideal/edf/fully_nonpreemptive.v; results/rta/ideal/edf/fully_preemptive.v; results/rta/ideal/edf/limited_preemptive.v; results/rta/ideal/fp/comp/fully_preemptive.v; results/rta/ovh/edf/floating_nonpreemptive.v; results/rta/ovh/edf/fully_nonpreemptive.v; results/rta/ovh/edf/fully_preemptive.v; results/rta/ovh/edf/limited_preemptive.v; results/rta/ovh/fifo/bounded_nps.v; results/rta/ovh/fp/floating_nonpreemptive.v; results/rta/ovh/fp/fully_nonpreemptive.v; results/rta/ovh/fp/fully_preemptive.v; results/rta/ovh/fp/limited_preemptive.v; results/rta/prm/edf/floating_nonpreemptive.v; results/rta/prm/edf/fully_nonpreemptive.v; results/rta/prm/edf/fully_preemptive.v; results/rta/prm/edf/limited_preemptive.v; results/rta/prm/fifo/bounded_nps.v; results/rta/prm/fp/floating_nonpreemptive.v; results/rta/prm/fp/fully_nonpreemptive.v; results/rta/prm/fp/fully_preemptive.v; results/rta/prm/fp/limited_preemptive.v; results/rta/rs/edf/floating_nonpreemptive.v; results/rta/rs/edf/fully_nonpreemptive.v; results/rta/rs/edf/fully_preemptive.v; results/rta/rs/edf/limited_preemptive.v; results/rta/rs/elf/floating_nonpreemptive.v; results/rta/rs/elf/fully_nonpreemptive.v; results/rta/rs/elf/fully_preemptive.v; results/rta/rs/elf/limited_preemptive.v; results/rta/rs/fifo/bounded_nps.v; results/rta/rs/fp/floating_nonpreemptive.v; results/rta/rs/fp/fully_nonpreemptive.v; results/rta/rs/fp/fully_preemptive.v; results/rta/rs/fp/limited_preemptive.v,Export root for `model/schedule/priority_driven.v`: the production declarations together with the accepted preemption-time export root and the accepted …
lean_interfaces/PriorityElfComputationInterface.lean,analysis/definitions/blocking_bound/elf.v; analysis/definitions/workload/elf_athep_bound.v; analysis/facts/workload/elf_athep_bound.v; analysis/abstract/restricted_supply/search_space/elf.v; analysis/facts/priority/elf.v; results/generality/elf.v; analysis/facts/blocking_bound/elf.v; results/generality/gel.v; results/rta/ideal/elf/bounded_pi.v; results/rta/ideal/gel/bounded_pi.v; analysis/abstract/restricted_supply/bounded_bi/elf.v; results/rta/rs/elf/floating_nonpreemptive.v; results/rta/rs/elf/fully_nonpreemptive.v; results/rta/rs/elf/fully_preemptive.v; results/rta/rs/elf/limited_preemptive.v,Export root for `model/priority/elf.v`: the production declaration together with the accepted GEL export root (the `Int` constructor equations of the GEL …
lean_interfaces/PriorityGelComputationInterface.lean,model/priority/elf.v; analysis/definitions/blocking_bound/elf.v; analysis/definitions/workload/elf_athep_bound.v; analysis/facts/priority/gel.v; analysis/facts/workload/elf_athep_bound.v; analysis/abstract/restricted_supply/search_space/elf.v; analysis/facts/priority/elf.v; results/generality/elf.v; analysis/facts/blocking_bound/elf.v; results/generality/gel.v; results/rta/ideal/elf/bounded_pi.v; results/rta/ideal/gel/bounded_pi.v; analysis/abstract/restricted_supply/bounded_bi/elf.v; results/rta/rs/elf/floating_nonpreemptive.v; results/rta/rs/elf/fully_nonpreemptive.v; results/rta/rs/elf/fully_preemptive.v; results/rta/rs/elf/limited_preemptive.v,Export root for `model/priority/gel.v`: the production declarations and kernel-checked constructor equations for the `Int` operations occurring in the GEL …
lean_interfaces/PriorityInversionComputationInterface.lean,analysis/facts/model/exceedance/SBF.v; analysis/facts/priority/inversion.v; analysis/facts/busy_interval/existence.v; analysis/facts/model/ideal/priority_inversion.v; analysis/facts/busy_interval/carry_in.v; analysis/facts/busy_interval/hep_at_pt.v; analysis/facts/busy_interval/arrival.v; analysis/facts/busy_interval/pi.v; analysis/facts/blocking_bound/edf.v; analysis/facts/blocking_bound/elf.v; analysis/facts/blocking_bound/fp.v; analysis/facts/busy_interval/pi_bound.v; analysis/facts/busy_interval/pi_cond.v; analysis/facts/busy_interval/service_inversion.v; analysis/facts/model/overheads/schedule.v; analysis/facts/model/overheads/priority_bump.v; analysis/facts/model/overheads/schedule_change.v; analysis/abstract/ideal/iw_instantiation.v; analysis/facts/model/overheads/schedule_change_bound.v; analysis/facts/priority/fifo.v; model/processor/overhead_resource_model.v; analysis/abstract/ideal/cumulative_bounds.v; analysis/abstract/restricted_supply/iw_instantiation.v; analysis/abstract/restricted_supply/iw_readiness.v; analysis/facts/model/overheads/blackout_bound.v; analysis/facts/priority/fifo_ahep_bound.v; results/rta/ideal/fp/bounded_pi.v; analysis/abstract/restricted_supply/bounded_bi/aux.v; analysis/abstract/restricted_supply/search_space/fifo_fixpoint.v; analysis/abstract/restricted_supply/task_ibf_readiness.v; analysis/abstract/restricted_supply/task_intra_interference_bound.v; analysis/facts/model/overheads/sbf/fifo.v; analysis/facts/model/overheads/sbf/fp.v; analysis/facts/model/overheads/sbf/jlfp.v; results/rta/ideal/edf/bounded_pi.v; results/rta/ideal/elf/bounded_pi.v; results/rta/ideal/fifo/bounded_nps.v; results/rta/ideal/fp/bounded_nps.v; results/rta/ideal/fp/nonseq/bounded_pi.v; results/rta/ideal/gel/bounded_pi.v; analysis/abstract/restricted_supply/bounded_bi/edf.v; analysis/abstract/restricted_supply/bounded_bi/elf.v; analysis/abstract/restricted_supply/bounded_bi/fp.v; analysis/abstract/restricted_supply/bounded_bi/jlfp.v; results/rta/ideal/edf/bounded_nps.v; results/rta/ideal/fp/floating_nonpreemptive.v; results/rta/ideal/fp/fully_nonpreemptive.v; results/rta/ideal/fp/fully_preemptive.v; results/rta/ideal/fp/limited_preemptive.v; results/rta/arm/edf/floating_nonpreemptive.v; results/rta/arm/edf/fully_nonpreemptive.v; results/rta/arm/edf/fully_preemptive.v; results/rta/arm/edf/limited_preemptive.v; results/rta/arm/fifo/bounded_nps.v; results/rta/arm/fp/floating_nonpreemptive.v; results/rta/arm/fp/fully_nonpreemptive.v; results/rta/arm/fp/fully_preemptive.v; results/rta/arm/fp/limited_preemptive.v; results/rta/exc/fp/fully_nonpreemptive.v; results/rta/ideal/edf/floating_nonpreemptive.v; results/rta/ideal/edf/fully_nonpreemptive.v; results/rta/ideal/edf/fully_preemptive.v; results/rta/ideal/edf/limited_preemptive.v; results/rta/ideal/fp/comp/fully_preemptive.v; results/rta/ovh/edf/floating_nonpreemptive.v; results/rta/ovh/edf/fully_nonpreemptive.v; results/rta/ovh/edf/fully_preemptive.v; results/rta/ovh/edf/limited_preemptive.v; results/rta/ovh/fifo/bounded_nps.v; results/rta/ovh/fp/floating_nonpreemptive.v; results/rta/ovh/fp/fully_nonpreemptive.v; results/rta/ovh/fp/fully_preemptive.v; results/rta/ovh/fp/limited_preemptive.v; results/rta/prm/edf/floating_nonpreemptive.v; results/rta/prm/edf/fully_nonpreemptive.v; results/rta/prm/edf/fully_preemptive.v; results/rta/prm/edf/limited_preemptive.v; results/rta/prm/fifo/bounded_nps.v; results/rta/prm/fp/floating_nonpreemptive.v; results/rta/prm/fp/fully_nonpreemptive.v; results/rta/prm/fp/fully_preemptive.v; results/rta/prm/fp/limited_preemptive.v; results/rta/rs/edf/floating_nonpreemptive.v; results/rta/rs/edf/fully_nonpreemptive.v; results/rta/rs/edf/fully_preemptive.v; results/rta/rs/edf/limited_preemptive.v; results/rta/rs/elf/floating_nonpreemptive.v; results/rta/rs/elf/fully_nonpreemptive.v; results/rta/rs/elf/fully_preemptive.v; results/rta/rs/elf/limited_preemptive.v; results/rta/rs/fifo/bounded_nps.v; results/rta/rs/fp/floating_nonpreemptive.v; results/rta/rs/fp/fully_nonpreemptive.v; results/rta/rs/fp/fully_preemptive.v; results/rta/rs/fp/limited_preemptive.v,"Export root for `analysis/definitions/priority_inversion.v`: the production declarations, the accepted busy-interval export root (preemption-parameter …"
lean_interfaces/ProcessorStateCoverInterface.lean,analysis/facts/model/ideal/service_of_jobs.v; analysis/facts/model/task_schedule.v; analysis/facts/jitter.v; analysis/facts/model/preemption.v; analysis/facts/completes_at.v; analysis/facts/model/dynamic_suspension.v; analysis/facts/model/exceedance/SBF.v; analysis/facts/model/rbf.v; analysis/facts/priority/sequential.v; analysis/abstract/restricted_supply/search_space/fp.v; analysis/facts/busy_interval/existence.v; analysis/facts/model/dbf.v; analysis/facts/priority/edf.v; analysis/facts/priority/gel.v; analysis/facts/workload/edf_athep_bound.v; analysis/facts/workload/elf_athep_bound.v; analysis/abstract/restricted_supply/search_space/edf.v; analysis/abstract/restricted_supply/search_space/elf.v; analysis/facts/busy_interval/carry_in.v; analysis/facts/busy_interval/hep_at_pt.v; analysis/facts/priority/elf.v; analysis/facts/busy_interval/arrival.v; analysis/facts/busy_interval/pi.v; results/generality/elf.v; analysis/facts/blocking_bound/edf.v; analysis/facts/blocking_bound/elf.v; analysis/facts/blocking_bound/fp.v; analysis/facts/busy_interval/pi_bound.v; analysis/facts/busy_interval/pi_cond.v; analysis/facts/busy_interval/service_inversion.v; analysis/facts/model/overheads/schedule.v; analysis/facts/model/overheads/priority_bump.v; analysis/facts/model/overheads/schedule_change.v; analysis/abstract/ideal/iw_instantiation.v; analysis/facts/model/overheads/schedule_change_bound.v; analysis/facts/priority/fifo.v; model/processor/overhead_resource_model.v; analysis/abstract/ideal/cumulative_bounds.v; analysis/abstract/restricted_supply/iw_instantiation.v; analysis/abstract/restricted_supply/iw_readiness.v; analysis/abstract/restricted_supply/search_space/fifo.v; analysis/facts/model/overheads/blackout_bound.v; analysis/facts/priority/fifo_ahep_bound.v; results/generality/gel.v; results/rta/ideal/fp/bounded_pi.v; analysis/abstract/restricted_supply/bounded_bi/aux.v; analysis/abstract/restricted_supply/search_space/fifo_fixpoint.v; analysis/abstract/restricted_supply/task_ibf_readiness.v; analysis/abstract/restricted_supply/task_intra_interference_bound.v; analysis/facts/model/overheads/sbf/fifo.v; analysis/facts/model/overheads/sbf/fp.v; analysis/facts/model/overheads/sbf/jlfp.v; results/rta/ideal/edf/bounded_pi.v; results/rta/ideal/elf/bounded_pi.v; results/rta/ideal/fifo/bounded_nps.v; results/rta/ideal/fp/bounded_nps.v; results/rta/ideal/fp/nonseq/bounded_pi.v; results/rta/ideal/gel/bounded_pi.v; analysis/abstract/restricted_supply/bounded_bi/edf.v; analysis/abstract/restricted_supply/bounded_bi/elf.v; analysis/abstract/restricted_supply/bounded_bi/fp.v; analysis/abstract/restricted_supply/bounded_bi/jlfp.v; results/rta/ideal/edf/bounded_nps.v; results/rta/ideal/fp/floating_nonpreemptive.v; results/rta/ideal/fp/fully_nonpreemptive.v; results/rta/ideal/fp/fully_preemptive.v; results/rta/ideal/fp/limited_preemptive.v; results/rta/arm/edf/floating_nonpreemptive.v; results/rta/arm/edf/fully_nonpreemptive.v; results/rta/arm/edf/fully_preemptive.v; results/rta/arm/edf/limited_preemptive.v; results/rta/arm/fifo/bounded_nps.v; results/rta/arm/fp/floating_nonpreemptive.v; results/rta/arm/fp/fully_nonpreemptive.v; results/rta/arm/fp/fully_preemptive.v; results/rta/arm/fp/limited_preemptive.v; results/rta/exc/fp/fully_nonpreemptive.v; results/rta/ideal/edf/floating_nonpreemptive.v; results/rta/ideal/edf/fully_nonpreemptive.v; results/rta/ideal/edf/fully_preemptive.v; results/rta/ideal/edf/limited_preemptive.v; results/rta/ideal/fp/comp/fully_preemptive.v; results/rta/ovh/edf/floating_nonpreemptive.v; results/rta/ovh/edf/fully_nonpreemptive.v; results/rta/ovh/edf/fully_preemptive.v; results/rta/ovh/edf/limited_preemptive.v; results/rta/ovh/fifo/bounded_nps.v; results/rta/ovh/fp/floating_nonpreemptive.v; results/rta/ovh/fp/fully_nonpreemptive.v; results/rta/ovh/fp/fully_preemptive.v; results/rta/ovh/fp/limited_preemptive.v; results/rta/prm/edf/floating_nonpreemptive.v; results/rta/prm/edf/fully_nonpreemptive.v; results/rta/prm/edf/fully_preemptive.v; results/rta/prm/edf/limited_preemptive.v; results/rta/prm/fifo/bounded_nps.v; results/rta/prm/fp/floating_nonpreemptive.v; results/rta/prm/fp/fully_nonpreemptive.v; results/rta/prm/fp/fully_preemptive.v; results/rta/prm/fp/limited_preemptive.v; results/rta/rs/edf/floating_nonpreemptive.v; results/rta/rs/edf/fully_nonpreemptive.v; results/rta/rs/edf/fully_preemptive.v; results/rta/rs/edf/limited_preemptive.v; results/rta/rs/elf/floating_nonpreemptive.v; results/rta/rs/elf/fully_nonpreemptive.v; results/rta/rs/elf/fully_preemptive.v; results/rta/rs/elf/limited_preemptive.v; results/rta/rs/fifo/bounded_nps.v; results/rta/rs/fp/floating_nonpreemptive.v; results/rta/rs/fp/fully_nonpreemptive.v; results/rta/rs/fp/fully_preemptive.v; results/rta/rs/fp/limited_preemptive.v,"Validation-only interface for certificates that quantify over processor models inside a statement (`… → ∀ PState : ProcessorState Job, …`)."
lean_interfaces/ProgressComputationInterface.lean,model/processor/multiprocessor.v; model/readiness/suspension.v; analysis/facts/suspension.v; model/task/suspension/dynamic.v; analysis/facts/model/dynamic_suspension.v,Export root for `analysis/definitions/progress.v`: the production declarations with the accepted Service/Schedule computation interface.
lean_interfaces/ReadinessAwareComputationInterface.lean,analysis/facts/readiness_interference.v; analysis/abstract/restricted_supply/iw_readiness.v; analysis/abstract/restricted_supply/task_ibf_readiness.v,"Export root for `analysis/definitions/service_inversion/readiness_aware.v`: the three definitions, together with the accepted restricted-supply busy-prefix …"
lean_interfaces/ReadinessComputationInterface.lean,analysis/facts/readiness/backlogged.v; analysis/facts/readiness/basic.v; analysis/facts/readiness/sequential.v; analysis/facts/model/sequential.v,Export root for `analysis/definitions/readiness.v`: the three definitions with the accepted task-arrival / arrival-sequence and Service/Schedule computation …
lean_interfaces/ReadinessInterferenceComputationInterface.lean,analysis/definitions/service_inversion/readiness_aware.v; analysis/facts/readiness_interference.v; analysis/abstract/restricted_supply/iw_readiness.v; analysis/abstract/restricted_supply/task_ibf_readiness.v,"Source-shaped half-open Boolean sum, tied to the compiled production definition by the whole-constant kernel guard below."
lean_interfaces/RefSchedComputationInterface.lean,implementation/refinements/EDF/nonpreemptive_sched.v; implementation/refinements/EDF/preemptive_sched.v; implementation/refinements/FP/nonpreemptive_sched.v; implementation/refinements/FP/preemptive_sched.v,"Shared export interface for `implementation/refinements/{EDF,FP}/{preemptive,nonpreemptive}_sched.v`."
lean_interfaces/RequestBoundFunctionComputationInterface.lean,analysis/definitions/busy_interval/edf_pi_bound.v; analysis/definitions/demand_bound_function.v; analysis/definitions/workload/edf_athep_bound.v; analysis/definitions/workload/elf_athep_bound.v; analysis/facts/model/rbf.v; analysis/abstract/restricted_supply/search_space/fp.v; analysis/facts/model/dbf.v; analysis/facts/workload/edf_athep_bound.v; analysis/facts/workload/elf_athep_bound.v; analysis/abstract/restricted_supply/search_space/edf.v; analysis/abstract/restricted_supply/search_space/elf.v; analysis/abstract/IBF/task.v; analysis/abstract/IBF/supply_task.v; analysis/abstract/ideal/abstract_seq_rta.v; analysis/abstract/ideal/iw_instantiation.v; analysis/abstract/ideal/cumulative_bounds.v; analysis/abstract/restricted_supply/abstract_seq_rta.v; analysis/abstract/restricted_supply/iw_instantiation.v; analysis/abstract/restricted_supply/iw_readiness.v; analysis/abstract/restricted_supply/search_space/fifo.v; analysis/facts/priority/fifo_ahep_bound.v; results/rta/ideal/fp/bounded_pi.v; analysis/abstract/restricted_supply/bounded_bi/aux.v; analysis/abstract/restricted_supply/search_space/fifo_fixpoint.v; analysis/abstract/restricted_supply/task_ibf_readiness.v; analysis/abstract/restricted_supply/task_intra_interference_bound.v; results/rta/ideal/edf/bounded_pi.v; results/rta/ideal/elf/bounded_pi.v; results/rta/ideal/fifo/bounded_nps.v; results/rta/ideal/fp/bounded_nps.v; results/rta/ideal/fp/nonseq/bounded_pi.v; results/rta/ideal/gel/bounded_pi.v; analysis/abstract/restricted_supply/bounded_bi/edf.v; analysis/abstract/restricted_supply/bounded_bi/elf.v; analysis/abstract/restricted_supply/bounded_bi/fp.v; analysis/abstract/restricted_supply/bounded_bi/jlfp.v; results/rta/ideal/edf/bounded_nps.v; results/rta/ideal/fp/floating_nonpreemptive.v; results/rta/ideal/fp/fully_nonpreemptive.v; results/rta/ideal/fp/fully_preemptive.v; results/rta/ideal/fp/limited_preemptive.v; results/rta/arm/edf/floating_nonpreemptive.v; results/rta/arm/edf/fully_nonpreemptive.v; results/rta/arm/edf/fully_preemptive.v; results/rta/arm/edf/limited_preemptive.v; results/rta/arm/fifo/bounded_nps.v; results/rta/arm/fp/floating_nonpreemptive.v; results/rta/arm/fp/fully_nonpreemptive.v; results/rta/arm/fp/fully_preemptive.v; results/rta/arm/fp/limited_preemptive.v; results/rta/exc/fp/fully_nonpreemptive.v; results/rta/ideal/edf/floating_nonpreemptive.v; results/rta/ideal/edf/fully_nonpreemptive.v; results/rta/ideal/edf/fully_preemptive.v; results/rta/ideal/edf/limited_preemptive.v; results/rta/ideal/fp/comp/fully_preemptive.v; results/rta/ovh/edf/floating_nonpreemptive.v; results/rta/ovh/edf/fully_nonpreemptive.v; results/rta/ovh/edf/fully_preemptive.v; results/rta/ovh/edf/limited_preemptive.v; results/rta/ovh/fifo/bounded_nps.v; results/rta/ovh/fp/floating_nonpreemptive.v; results/rta/ovh/fp/fully_nonpreemptive.v; results/rta/ovh/fp/fully_preemptive.v; results/rta/ovh/fp/limited_preemptive.v; results/rta/prm/edf/floating_nonpreemptive.v; results/rta/prm/edf/fully_nonpreemptive.v; results/rta/prm/edf/fully_preemptive.v; results/rta/prm/edf/limited_preemptive.v; results/rta/prm/fifo/bounded_nps.v; results/rta/prm/fp/floating_nonpreemptive.v; results/rta/prm/fp/fully_nonpreemptive.v; results/rta/prm/fp/fully_preemptive.v; results/rta/prm/fp/limited_preemptive.v; results/rta/rs/edf/floating_nonpreemptive.v; results/rta/rs/edf/fully_nonpreemptive.v; results/rta/rs/edf/fully_preemptive.v; results/rta/rs/edf/limited_preemptive.v; results/rta/rs/elf/floating_nonpreemptive.v; results/rta/rs/elf/fully_nonpreemptive.v; results/rta/rs/elf/fully_preemptive.v; results/rta/rs/elf/limited_preemptive.v; results/rta/rs/fifo/bounded_nps.v; results/rta/rs/fp/floating_nonpreemptive.v; results/rta/rs/fp/fully_nonpreemptive.v; results/rta/rs/fp/fully_preemptive.v; results/rta/rs/fp/limited_preemptive.v,"Export root for `analysis/definitions/request_bound_function.v`: the production declarations, the accepted preemption-parameter export root, and kernel-checked …"
lean_interfaces/RsAbstractRtaComputationInterface.lean,analysis/abstract/restricted_supply/abstract_seq_rta.v,Export root for `analysis/abstract/restricted_supply/abstract_rta.v`: the ten statements together with the accepted IBF-supply export root (abstract-RTA and …
lean_interfaces/RsIwInstantiationComputationInterface.lean,analysis/abstract/ideal/iw_instantiation.v; analysis/abstract/ideal/cumulative_bounds.v; analysis/abstract/restricted_supply/iw_readiness.v; analysis/facts/priority/fifo_ahep_bound.v; results/rta/ideal/fp/bounded_pi.v; analysis/abstract/restricted_supply/bounded_bi/aux.v; analysis/abstract/restricted_supply/search_space/fifo_fixpoint.v; analysis/abstract/restricted_supply/task_ibf_readiness.v; analysis/abstract/restricted_supply/task_intra_interference_bound.v; results/rta/ideal/edf/bounded_pi.v; results/rta/ideal/elf/bounded_pi.v; results/rta/ideal/fifo/bounded_nps.v; results/rta/ideal/fp/bounded_nps.v; results/rta/ideal/fp/nonseq/bounded_pi.v; results/rta/ideal/gel/bounded_pi.v; analysis/abstract/restricted_supply/bounded_bi/edf.v; analysis/abstract/restricted_supply/bounded_bi/elf.v; analysis/abstract/restricted_supply/bounded_bi/fp.v; analysis/abstract/restricted_supply/bounded_bi/jlfp.v; results/rta/ideal/edf/bounded_nps.v; results/rta/ideal/fp/floating_nonpreemptive.v; results/rta/ideal/fp/fully_nonpreemptive.v; results/rta/ideal/fp/fully_preemptive.v; results/rta/ideal/fp/limited_preemptive.v; results/rta/arm/edf/floating_nonpreemptive.v; results/rta/arm/edf/fully_nonpreemptive.v; results/rta/arm/edf/fully_preemptive.v; results/rta/arm/edf/limited_preemptive.v; results/rta/arm/fifo/bounded_nps.v; results/rta/arm/fp/floating_nonpreemptive.v; results/rta/arm/fp/fully_nonpreemptive.v; results/rta/arm/fp/fully_preemptive.v; results/rta/arm/fp/limited_preemptive.v; results/rta/ideal/edf/floating_nonpreemptive.v; results/rta/ideal/edf/fully_nonpreemptive.v; results/rta/ideal/edf/fully_preemptive.v; results/rta/ideal/edf/limited_preemptive.v; results/rta/ideal/fp/comp/fully_preemptive.v; results/rta/prm/edf/floating_nonpreemptive.v; results/rta/prm/edf/fully_nonpreemptive.v; results/rta/prm/edf/fully_preemptive.v; results/rta/prm/edf/limited_preemptive.v; results/rta/prm/fifo/bounded_nps.v; results/rta/prm/fp/floating_nonpreemptive.v; results/rta/prm/fp/fully_nonpreemptive.v; results/rta/prm/fp/fully_preemptive.v; results/rta/prm/fp/limited_preemptive.v; results/rta/rs/edf/floating_nonpreemptive.v; results/rta/rs/edf/fully_nonpreemptive.v; results/rta/rs/edf/fully_preemptive.v; results/rta/rs/edf/limited_preemptive.v; results/rta/rs/elf/floating_nonpreemptive.v; results/rta/rs/elf/fully_nonpreemptive.v; results/rta/rs/elf/fully_preemptive.v; results/rta/rs/elf/limited_preemptive.v; results/rta/rs/fifo/bounded_nps.v; results/rta/rs/fp/floating_nonpreemptive.v; results/rta/rs/fp/fully_nonpreemptive.v; results/rta/rs/fp/fully_preemptive.v; results/rta/rs/fp/limited_preemptive.v,Export root for `analysis/abstract/restricted_supply/iw_instantiation.v`: the seventeen statements and the section-local instances `rs_jlfp_interference` / …
lean_interfaces/RtaIdealEdfBoundedNpsComputationInterface.lean,results/rta/ideal/elf/bounded_pi.v; results/rta/ideal/fifo/bounded_nps.v; results/rta/ideal/fp/nonseq/bounded_pi.v; results/rta/ideal/gel/bounded_pi.v; results/rta/ideal/edf/floating_nonpreemptive.v; results/rta/ideal/edf/fully_nonpreemptive.v; results/rta/ideal/edf/fully_preemptive.v; results/rta/ideal/edf/limited_preemptive.v,"Export root for `results/rta/ideal/edf/bounded_nps.v`: the definition (computational) and the four statements (statement-only), together with the accepted …"
lean_interfaces/RtaIdealEdfBoundedPiComputationInterface.lean,results/rta/ideal/elf/bounded_pi.v; results/rta/ideal/fifo/bounded_nps.v; results/rta/ideal/fp/nonseq/bounded_pi.v; results/rta/ideal/gel/bounded_pi.v; results/rta/ideal/edf/bounded_nps.v; results/rta/ideal/edf/floating_nonpreemptive.v; results/rta/ideal/edf/fully_nonpreemptive.v; results/rta/ideal/edf/fully_preemptive.v; results/rta/ideal/edf/limited_preemptive.v,"Export root for `results/rta/ideal/edf/bounded_pi.v`: the four definitions (computational) and the four statements (statement-only), together with the accepted …"
lean_interfaces/RtaIdealFpBoundedNpsComputationInterface.lean,results/rta/ideal/edf/bounded_pi.v; results/rta/ideal/elf/bounded_pi.v; results/rta/ideal/fifo/bounded_nps.v; results/rta/ideal/fp/nonseq/bounded_pi.v; results/rta/ideal/gel/bounded_pi.v; results/rta/ideal/edf/bounded_nps.v; results/rta/ideal/fp/floating_nonpreemptive.v; results/rta/ideal/fp/fully_nonpreemptive.v; results/rta/ideal/fp/fully_preemptive.v; results/rta/ideal/fp/limited_preemptive.v; results/rta/ideal/edf/floating_nonpreemptive.v; results/rta/ideal/edf/fully_nonpreemptive.v; results/rta/ideal/edf/fully_preemptive.v; results/rta/ideal/edf/limited_preemptive.v; results/rta/ideal/fp/comp/fully_preemptive.v,"Export root for `results/rta/ideal/fp/bounded_nps.v`: the three statements (statement-only), together with the accepted ideal FP bounded-priority-inversion …"
lean_interfaces/RtaIdealFpBoundedPiComputationInterface.lean,results/rta/ideal/edf/bounded_pi.v; results/rta/ideal/elf/bounded_pi.v; results/rta/ideal/fifo/bounded_nps.v; results/rta/ideal/fp/bounded_nps.v; results/rta/ideal/fp/nonseq/bounded_pi.v; results/rta/ideal/gel/bounded_pi.v; results/rta/ideal/edf/bounded_nps.v; results/rta/ideal/fp/floating_nonpreemptive.v; results/rta/ideal/fp/fully_nonpreemptive.v; results/rta/ideal/fp/fully_preemptive.v; results/rta/ideal/fp/limited_preemptive.v; results/rta/ideal/edf/floating_nonpreemptive.v; results/rta/ideal/edf/fully_nonpreemptive.v; results/rta/ideal/edf/fully_preemptive.v; results/rta/ideal/edf/limited_preemptive.v; results/rta/ideal/fp/comp/fully_preemptive.v,"Export root for `results/rta/ideal/fp/bounded_pi.v`: the definition `is_in_search_space` (computational) and the five statements (statement-only), together …"
lean_interfaces/RtaIdealFpFloatingNonpreemptiveComputationInterface.lean,results/rta/ideal/edf/bounded_pi.v; results/rta/ideal/elf/bounded_pi.v; results/rta/ideal/fifo/bounded_nps.v; results/rta/ideal/fp/nonseq/bounded_pi.v; results/rta/ideal/gel/bounded_pi.v; results/rta/ideal/edf/bounded_nps.v; results/rta/ideal/fp/limited_preemptive.v; results/rta/ideal/edf/floating_nonpreemptive.v; results/rta/ideal/edf/fully_nonpreemptive.v; results/rta/ideal/edf/fully_preemptive.v; results/rta/ideal/edf/limited_preemptive.v,"Export root for `results/rta/ideal/fp/floating_nonpreemptive.v`: the statement (statement-only), together with the accepted ideal FP fully-nonpreemptive export …"
lean_interfaces/RtaIdealFpFullyNonpreemptiveComputationInterface.lean,results/rta/ideal/edf/bounded_pi.v; results/rta/ideal/elf/bounded_pi.v; results/rta/ideal/fifo/bounded_nps.v; results/rta/ideal/fp/nonseq/bounded_pi.v; results/rta/ideal/gel/bounded_pi.v; results/rta/ideal/edf/bounded_nps.v; results/rta/ideal/fp/floating_nonpreemptive.v; results/rta/ideal/fp/limited_preemptive.v; results/rta/ideal/edf/floating_nonpreemptive.v; results/rta/ideal/edf/fully_nonpreemptive.v; results/rta/ideal/edf/fully_preemptive.v; results/rta/ideal/edf/limited_preemptive.v,"Export root for `results/rta/ideal/fp/fully_nonpreemptive.v`: the statement (statement-only), together with the accepted ideal FP fully-preemptive export root."
lean_interfaces/RtaIdealFpFullyPreemptiveComputationInterface.lean,results/rta/ideal/edf/bounded_pi.v; results/rta/ideal/elf/bounded_pi.v; results/rta/ideal/fifo/bounded_nps.v; results/rta/ideal/fp/nonseq/bounded_pi.v; results/rta/ideal/gel/bounded_pi.v; results/rta/ideal/edf/bounded_nps.v; results/rta/ideal/fp/floating_nonpreemptive.v; results/rta/ideal/fp/fully_nonpreemptive.v; results/rta/ideal/fp/limited_preemptive.v; results/rta/ideal/edf/floating_nonpreemptive.v; results/rta/ideal/edf/fully_nonpreemptive.v; results/rta/ideal/edf/fully_preemptive.v; results/rta/ideal/edf/limited_preemptive.v; results/rta/ideal/fp/comp/fully_preemptive.v,"Export root for `results/rta/ideal/fp/fully_preemptive.v`: the statement (statement-only), together with the accepted ideal FP bounded-nonpreemptive-segments …"
lean_interfaces/RtaIdealFpLimitedPreemptiveComputationInterface.lean,results/rta/ideal/edf/bounded_pi.v; results/rta/ideal/elf/bounded_pi.v; results/rta/ideal/fifo/bounded_nps.v; results/rta/ideal/fp/nonseq/bounded_pi.v; results/rta/ideal/gel/bounded_pi.v; results/rta/ideal/edf/bounded_nps.v; results/rta/ideal/edf/floating_nonpreemptive.v; results/rta/ideal/edf/fully_nonpreemptive.v; results/rta/ideal/edf/fully_preemptive.v; results/rta/ideal/edf/limited_preemptive.v,"Export root for `results/rta/ideal/fp/limited_preemptive.v`: the statement (statement-only), together with the accepted ideal FP floating-nonpreemptive export …"
lean_interfaces/RtaIdealGelBoundedPiComputationInterface.lean,results/rta/ideal/elf/bounded_pi.v,"Export root for `results/rta/ideal/gel/bounded_pi.v`: the four definitions (computational) and the six statements (statement-only), together with the accepted …"
lean_interfaces/SbfBusyComputationInterface.lean,analysis/facts/model/exceedance/SBF.v; analysis/abstract/restricted_supply/search_space/fifo_fixpoint.v; analysis/facts/model/overheads/sbf/fifo.v; analysis/facts/model/overheads/sbf/fp.v; analysis/facts/model/overheads/sbf/jlfp.v; analysis/abstract/restricted_supply/bounded_bi/edf.v; analysis/abstract/restricted_supply/bounded_bi/elf.v; analysis/abstract/restricted_supply/bounded_bi/fp.v; analysis/abstract/restricted_supply/bounded_bi/jlfp.v; results/rta/arm/edf/floating_nonpreemptive.v; results/rta/arm/edf/fully_nonpreemptive.v; results/rta/arm/edf/fully_preemptive.v; results/rta/arm/edf/limited_preemptive.v; results/rta/arm/fifo/bounded_nps.v; results/rta/arm/fp/floating_nonpreemptive.v; results/rta/arm/fp/fully_nonpreemptive.v; results/rta/arm/fp/fully_preemptive.v; results/rta/arm/fp/limited_preemptive.v; results/rta/exc/fp/fully_nonpreemptive.v; results/rta/ovh/edf/floating_nonpreemptive.v; results/rta/ovh/edf/fully_nonpreemptive.v; results/rta/ovh/edf/fully_preemptive.v; results/rta/ovh/edf/limited_preemptive.v; results/rta/ovh/fifo/bounded_nps.v; results/rta/ovh/fp/floating_nonpreemptive.v; results/rta/ovh/fp/fully_nonpreemptive.v; results/rta/ovh/fp/fully_preemptive.v; results/rta/ovh/fp/limited_preemptive.v; results/rta/prm/edf/floating_nonpreemptive.v; results/rta/prm/edf/fully_nonpreemptive.v; results/rta/prm/edf/fully_preemptive.v; results/rta/prm/edf/limited_preemptive.v; results/rta/prm/fifo/bounded_nps.v; results/rta/prm/fp/floating_nonpreemptive.v; results/rta/prm/fp/fully_nonpreemptive.v; results/rta/prm/fp/fully_preemptive.v; results/rta/prm/fp/limited_preemptive.v; results/rta/rs/edf/floating_nonpreemptive.v; results/rta/rs/edf/fully_nonpreemptive.v; results/rta/rs/edf/fully_preemptive.v; results/rta/rs/edf/limited_preemptive.v; results/rta/rs/elf/floating_nonpreemptive.v; results/rta/rs/elf/fully_nonpreemptive.v; results/rta/rs/elf/fully_preemptive.v; results/rta/rs/elf/limited_preemptive.v; results/rta/rs/fifo/bounded_nps.v; results/rta/rs/fp/floating_nonpreemptive.v; results/rta/rs/fp/fully_nonpreemptive.v; results/rta/rs/fp/fully_preemptive.v; results/rta/rs/fp/limited_preemptive.v,Export root for `analysis/definitions/sbf/busy.v`: the two production definitions together with the accepted classical busy-interval export root …
lean_interfaces/SchedulabilityComputationInterface.lean,analysis/definitions/tardiness.v; analysis/facts/jitter.v,Export root for `analysis/definitions/schedulability.v`: the production declarations together with the accepted completion-facts export root (Service / …
lean_interfaces/ScheduleChangeBoundComputationInterface.lean,analysis/facts/model/overheads/schedule_change_bound.v; analysis/facts/model/overheads/sbf/fifo.v; analysis/facts/model/overheads/sbf/fp.v; analysis/facts/model/overheads/sbf/jlfp.v; results/rta/ovh/edf/floating_nonpreemptive.v; results/rta/ovh/edf/fully_nonpreemptive.v; results/rta/ovh/edf/fully_preemptive.v; results/rta/ovh/edf/limited_preemptive.v; results/rta/ovh/fifo/bounded_nps.v; results/rta/ovh/fp/floating_nonpreemptive.v; results/rta/ovh/fp/fully_nonpreemptive.v; results/rta/ovh/fp/fully_preemptive.v; results/rta/ovh/fp/limited_preemptive.v,Export root for `analysis/facts/model/overheads/schedule_change_bound.v`: the three statements together with the accepted overheads priority-bump facts export …
lean_interfaces/ScheduleChangeComputationInterface.lean,analysis/facts/model/overheads/schedule_change.v; analysis/facts/model/overheads/schedule_change_bound.v; model/processor/overhead_resource_model.v; analysis/facts/model/overheads/blackout_bound.v; analysis/facts/model/overheads/sbf/fifo.v; analysis/facts/model/overheads/sbf/fp.v; analysis/facts/model/overheads/sbf/jlfp.v; results/rta/ovh/edf/floating_nonpreemptive.v; results/rta/ovh/edf/fully_nonpreemptive.v; results/rta/ovh/edf/fully_preemptive.v; results/rta/ovh/edf/limited_preemptive.v; results/rta/ovh/fifo/bounded_nps.v; results/rta/ovh/fp/floating_nonpreemptive.v; results/rta/ovh/fp/fully_nonpreemptive.v; results/rta/ovh/fp/fully_preemptive.v; results/rta/ovh/fp/limited_preemptive.v,"13 validation-only equations about `Prosa.Analysis.Definitions.Overheads.ScheduleChange`: `production_index_iota_eq`, `production_range_prime_zero`, `production_range_prime_succ`, `production_nat_pred_zero`, …"
lean_interfaces/ScheduleChangeFactsComputationInterface.lean,analysis/facts/model/overheads/schedule_change.v; model/processor/overhead_resource_model.v; analysis/facts/model/overheads/blackout_bound.v; analysis/facts/model/overheads/sbf/fifo.v; analysis/facts/model/overheads/sbf/fp.v; analysis/facts/model/overheads/sbf/jlfp.v; results/rta/ovh/edf/floating_nonpreemptive.v; results/rta/ovh/edf/fully_nonpreemptive.v; results/rta/ovh/edf/fully_preemptive.v; results/rta/ovh/edf/limited_preemptive.v; results/rta/ovh/fifo/bounded_nps.v; results/rta/ovh/fp/floating_nonpreemptive.v; results/rta/ovh/fp/fully_nonpreemptive.v; results/rta/ovh/fp/fully_preemptive.v; results/rta/ovh/fp/limited_preemptive.v,Export root for `analysis/facts/model/overheads/schedule_change.v`: the six statements together with the accepted overheads-schedule export root (with its …
lean_interfaces/ScheduleComputationInterface.lean,analysis/definitions/carry_in.v; analysis/definitions/work_bearing_readiness.v; analysis/facts/behavior/service.v; analysis/facts/model/sbf/average.v; analysis/facts/model/sbf/periodic.v; model/aggregate/service_of_jobs.v; model/preemption/parameter.v; analysis/definitions/interference.v; analysis/definitions/progress.v; analysis/definitions/readiness.v; analysis/facts/behavior/completion.v; analysis/facts/model/ideal/schedule.v; analysis/facts/model/ideal/service_of_jobs.v; analysis/facts/model/task_schedule.v; model/preemption/limited_preemptive.v; model/processor/multiprocessor.v; model/schedule/limited_preemptive.v; model/schedule/preemption_time.v; model/task/preemption/parameters.v; analysis/definitions/blocking_bound/edf.v; analysis/definitions/blocking_bound/elf.v; analysis/definitions/blocking_bound/fp.v; analysis/definitions/busy_interval/classical.v; analysis/definitions/request_bound_function.v; analysis/definitions/schedulability.v; analysis/definitions/service_inversion/pred.v; analysis/facts/behavior/deadlines.v; analysis/facts/preemption/job/preemptive.v; analysis/facts/readiness/backlogged.v; analysis/facts/readiness/basic.v; analysis/facts/readiness/sequential.v; analysis/facts/transform/replace_at.v; model/readiness/suspension.v; model/schedule/priority_driven.v; model/task/preemption/floating_nonpreemptive.v; model/task/preemption/fully_nonpreemptive.v; model/task/preemption/fully_preemptive.v; model/task/preemption/limited_preemptive.v; analysis/abstract/restricted_supply/busy_prefix.v; analysis/definitions/busy_interval/edf_pi_bound.v; analysis/definitions/demand_bound_function.v; analysis/definitions/priority_inversion.v; analysis/definitions/sbf/busy.v; analysis/definitions/service_inversion/busy_prefix.v; analysis/definitions/service_inversion/readiness_aware.v; analysis/definitions/tardiness.v; analysis/definitions/workload/bounded.v; analysis/definitions/workload/edf_athep_bound.v; analysis/definitions/workload/elf_athep_bound.v; analysis/facts/busy_interval/quiet_time.v; analysis/facts/edf_definitions.v; analysis/facts/jitter.v; analysis/facts/model/preemption.v; analysis/facts/preemption/task/preemptive.v; analysis/facts/suspension.v; analysis/facts/transform/swaps.v; implementation/definitions/ideal_uni_scheduler.v; implementation/facts/generic_schedule.v; model/task/suspension/dynamic.v; analysis/facts/completes_at.v; analysis/facts/model/dynamic_suspension.v; analysis/facts/model/exceedance/SBF.v; analysis/facts/model/rbf.v; analysis/facts/model/sequential.v; analysis/facts/model/service_of_jobs.v; analysis/facts/preemption/job/nonpreemptive.v; analysis/facts/preemption/rtc_threshold/job_preemptable.v; analysis/facts/priority/inversion.v; analysis/facts/priority/sequential.v; analysis/transform/prefix.v; implementation/facts/ideal_uni/preemption_aware.v; model/task/offset.v; analysis/abstract/iw_auxiliary.v; analysis/abstract/restricted_supply/search_space/fp.v; analysis/facts/busy_interval/existence.v; analysis/facts/interference.v; analysis/facts/model/dbf.v; analysis/facts/model/ideal/priority_inversion.v; analysis/facts/model/offset.v; analysis/facts/preemption/job/limited.v; analysis/facts/preemption/rtc_threshold/nonpreemptive.v; analysis/facts/preemption/rtc_threshold/preemptive.v; analysis/facts/preemption/task/nonpreemptive.v; analysis/facts/priority/edf.v; analysis/facts/priority/gel.v; analysis/facts/workload/edf_athep_bound.v; analysis/facts/workload/elf_athep_bound.v; analysis/transform/edf_trans.v; analysis/transform/wc_trans.v; implementation/facts/ideal_uni/prio_aware.v; results/transfer_schedulability/criterion.v; analysis/abstract/busy_interval.v; analysis/abstract/restricted_supply/search_space/edf.v; analysis/abstract/restricted_supply/search_space/elf.v; analysis/definitions/hyperperiod.v; analysis/facts/busy_interval/carry_in.v; analysis/facts/busy_interval/hep_at_pt.v; analysis/facts/preemption/task/floating.v; analysis/facts/preemption/task/limited.v; analysis/facts/priority/elf.v; analysis/facts/readiness_interference.v; analysis/facts/transform/edf_opt.v; analysis/facts/transform/wc_correctness.v; results/transfer_schedulability/paper_model.v; analysis/abstract/lower_bound_on_service.v; analysis/facts/busy_interval/arrival.v; analysis/facts/busy_interval/pi.v; analysis/facts/preemption/rtc_threshold/floating.v; analysis/facts/preemption/rtc_threshold/limited.v; analysis/facts/transform/edf_wc.v; results/generality/elf.v; analysis/abstract/abstract_rta.v; analysis/facts/blocking_bound/edf.v; analysis/facts/blocking_bound/elf.v; analysis/facts/blocking_bound/fp.v; analysis/facts/busy_interval/pi_bound.v; analysis/facts/busy_interval/pi_cond.v; analysis/facts/busy_interval/service_inversion.v; analysis/facts/model/overheads/schedule.v; results/optimality/edf.v; analysis/abstract/IBF/supply.v; analysis/abstract/IBF/task.v; analysis/abstract/ideal/abstract_rta.v; analysis/facts/model/overheads/priority_bump.v; analysis/facts/model/overheads/schedule_change.v; analysis/facts/periodic/arrival_times.v; analysis/abstract/IBF/supply_task.v; analysis/abstract/ideal/abstract_seq_rta.v; analysis/abstract/ideal/iw_instantiation.v; analysis/abstract/restricted_supply/abstract_rta.v; analysis/facts/model/overheads/schedule_change_bound.v; analysis/facts/periodic/task_arrivals_size.v; analysis/facts/priority/fifo.v; model/processor/overhead_resource_model.v; analysis/abstract/ideal/cumulative_bounds.v; analysis/abstract/restricted_supply/abstract_seq_rta.v; analysis/abstract/restricted_supply/iw_instantiation.v; analysis/abstract/restricted_supply/iw_readiness.v; analysis/abstract/restricted_supply/search_space/fifo.v; analysis/facts/hyperperiod.v; analysis/facts/model/overheads/blackout_bound.v; analysis/facts/priority/fifo_ahep_bound.v; results/generality/gel.v; results/rta/ideal/fp/bounded_pi.v; analysis/abstract/restricted_supply/bounded_bi/aux.v; analysis/abstract/restricted_supply/search_space/fifo_fixpoint.v; analysis/abstract/restricted_supply/task_ibf_readiness.v; analysis/abstract/restricted_supply/task_intra_interference_bound.v; analysis/facts/model/overheads/sbf/fifo.v; analysis/facts/model/overheads/sbf/fp.v; analysis/facts/model/overheads/sbf/jlfp.v; analysis/facts/shifted_job_costs.v; results/rta/ideal/edf/bounded_pi.v; results/rta/ideal/elf/bounded_pi.v; results/rta/ideal/fifo/bounded_nps.v; results/rta/ideal/fp/bounded_nps.v; results/rta/ideal/fp/nonseq/bounded_pi.v; results/rta/ideal/gel/bounded_pi.v; analysis/abstract/restricted_supply/bounded_bi/edf.v; analysis/abstract/restricted_supply/bounded_bi/elf.v; analysis/abstract/restricted_supply/bounded_bi/fp.v; analysis/abstract/restricted_supply/bounded_bi/jlfp.v; results/rta/ideal/edf/bounded_nps.v; results/rta/ideal/fp/floating_nonpreemptive.v; results/rta/ideal/fp/fully_nonpreemptive.v; results/rta/ideal/fp/fully_preemptive.v; results/rta/ideal/fp/limited_preemptive.v; results/rta/arm/edf/floating_nonpreemptive.v; results/rta/arm/edf/fully_nonpreemptive.v; results/rta/arm/edf/fully_preemptive.v; results/rta/arm/edf/limited_preemptive.v; results/rta/arm/fifo/bounded_nps.v; results/rta/arm/fp/floating_nonpreemptive.v; results/rta/arm/fp/fully_nonpreemptive.v; results/rta/arm/fp/fully_preemptive.v; results/rta/arm/fp/limited_preemptive.v; results/rta/exc/fp/fully_nonpreemptive.v; results/rta/ideal/edf/floating_nonpreemptive.v; results/rta/ideal/edf/fully_nonpreemptive.v; results/rta/ideal/edf/fully_preemptive.v; results/rta/ideal/edf/limited_preemptive.v; results/rta/ideal/fp/comp/fully_preemptive.v; results/rta/ovh/edf/floating_nonpreemptive.v; results/rta/ovh/edf/fully_nonpreemptive.v; results/rta/ovh/edf/fully_preemptive.v; results/rta/ovh/edf/limited_preemptive.v; results/rta/ovh/fifo/bounded_nps.v; results/rta/ovh/fp/floating_nonpreemptive.v; results/rta/ovh/fp/fully_nonpreemptive.v; results/rta/ovh/fp/fully_preemptive.v; results/rta/ovh/fp/limited_preemptive.v; results/rta/prm/edf/floating_nonpreemptive.v; results/rta/prm/edf/fully_nonpreemptive.v; results/rta/prm/edf/fully_preemptive.v; results/rta/prm/edf/limited_preemptive.v; results/rta/prm/fifo/bounded_nps.v; results/rta/prm/fp/floating_nonpreemptive.v; results/rta/prm/fp/fully_nonpreemptive.v; results/rta/prm/fp/fully_preemptive.v; results/rta/prm/fp/limited_preemptive.v; results/rta/rs/edf/floating_nonpreemptive.v; results/rta/rs/edf/fully_nonpreemptive.v; results/rta/rs/edf/fully_preemptive.v; results/rta/rs/edf/limited_preemptive.v; results/rta/rs/elf/floating_nonpreemptive.v; results/rta/rs/elf/fully_nonpreemptive.v; results/rta/rs/elf/fully_preemptive.v; results/rta/rs/elf/limited_preemptive.v; results/rta/rs/fifo/bounded_nps.v; results/rta/rs/fp/floating_nonpreemptive.v; results/rta/rs/fp/fully_nonpreemptive.v; results/rta/rs/fp/fully_preemptive.v; results/rta/rs/fp/limited_preemptive.v; implementation/refinements/EDF/nonpreemptive_sched.v; implementation/refinements/EDF/preemptive_sched.v; implementation/refinements/FP/nonpreemptive_sched.v; implementation/refinements/FP/preemptive_sched.v,A validation-only ordered view of the actual `Fintype.elems` used by `Finset.univ`.
lean_interfaces/ScheduleLimitedPreemptiveComputationInterface.lean,analysis/facts/preemption/job/limited.v; analysis/facts/preemption/task/floating.v; analysis/facts/preemption/task/limited.v; analysis/facts/preemption/rtc_threshold/floating.v; analysis/facts/preemption/rtc_threshold/limited.v,Export root for `model/schedule/limited_preemptive.v`: the production declaration together with the accepted preemption-parameter export root (Service / …
lean_interfaces/ScheduledComputationInterface.lean,analysis/facts/model/ideal/schedule.v; analysis/facts/model/ideal/service_of_jobs.v; analysis/facts/model/task_schedule.v; analysis/facts/jitter.v; analysis/facts/model/preemption.v; analysis/facts/completes_at.v; analysis/facts/model/exceedance/SBF.v; analysis/facts/priority/sequential.v; analysis/facts/busy_interval/existence.v; analysis/facts/interference.v; analysis/facts/model/ideal/priority_inversion.v; analysis/facts/priority/edf.v; analysis/facts/priority/gel.v; analysis/transform/edf_trans.v; results/transfer_schedulability/criterion.v; analysis/facts/busy_interval/carry_in.v; analysis/facts/busy_interval/hep_at_pt.v; analysis/facts/priority/elf.v; analysis/facts/transform/edf_opt.v; analysis/facts/transform/wc_correctness.v; results/transfer_schedulability/paper_model.v; analysis/facts/busy_interval/arrival.v; analysis/facts/busy_interval/pi.v; analysis/facts/transform/edf_wc.v; results/generality/elf.v; analysis/facts/blocking_bound/edf.v; analysis/facts/blocking_bound/elf.v; analysis/facts/blocking_bound/fp.v; analysis/facts/busy_interval/pi_bound.v; analysis/facts/busy_interval/pi_cond.v; analysis/facts/busy_interval/service_inversion.v; analysis/facts/model/overheads/schedule.v; results/optimality/edf.v; analysis/facts/model/overheads/priority_bump.v; analysis/facts/model/overheads/schedule_change.v; analysis/abstract/ideal/iw_instantiation.v; analysis/facts/model/overheads/schedule_change_bound.v; analysis/facts/priority/fifo.v; model/processor/overhead_resource_model.v; analysis/abstract/ideal/cumulative_bounds.v; analysis/abstract/restricted_supply/iw_instantiation.v; analysis/abstract/restricted_supply/iw_readiness.v; analysis/facts/model/overheads/blackout_bound.v; analysis/facts/priority/fifo_ahep_bound.v; results/generality/gel.v; results/rta/ideal/fp/bounded_pi.v; analysis/abstract/restricted_supply/bounded_bi/aux.v; analysis/abstract/restricted_supply/search_space/fifo_fixpoint.v; analysis/abstract/restricted_supply/task_ibf_readiness.v; analysis/abstract/restricted_supply/task_intra_interference_bound.v; analysis/facts/model/overheads/sbf/fifo.v; analysis/facts/model/overheads/sbf/fp.v; analysis/facts/model/overheads/sbf/jlfp.v; results/rta/ideal/edf/bounded_pi.v; results/rta/ideal/elf/bounded_pi.v; results/rta/ideal/fifo/bounded_nps.v; results/rta/ideal/fp/bounded_nps.v; results/rta/ideal/fp/nonseq/bounded_pi.v; results/rta/ideal/gel/bounded_pi.v; analysis/abstract/restricted_supply/bounded_bi/edf.v; analysis/abstract/restricted_supply/bounded_bi/elf.v; analysis/abstract/restricted_supply/bounded_bi/fp.v; analysis/abstract/restricted_supply/bounded_bi/jlfp.v; results/rta/ideal/edf/bounded_nps.v; results/rta/ideal/fp/floating_nonpreemptive.v; results/rta/ideal/fp/fully_nonpreemptive.v; results/rta/ideal/fp/fully_preemptive.v; results/rta/ideal/fp/limited_preemptive.v; results/rta/arm/edf/floating_nonpreemptive.v; results/rta/arm/edf/fully_nonpreemptive.v; results/rta/arm/edf/fully_preemptive.v; results/rta/arm/edf/limited_preemptive.v; results/rta/arm/fifo/bounded_nps.v; results/rta/arm/fp/floating_nonpreemptive.v; results/rta/arm/fp/fully_nonpreemptive.v; results/rta/arm/fp/fully_preemptive.v; results/rta/arm/fp/limited_preemptive.v; results/rta/exc/fp/fully_nonpreemptive.v; results/rta/ideal/edf/floating_nonpreemptive.v; results/rta/ideal/edf/fully_nonpreemptive.v; results/rta/ideal/edf/fully_preemptive.v; results/rta/ideal/edf/limited_preemptive.v; results/rta/ideal/fp/comp/fully_preemptive.v; results/rta/ovh/edf/floating_nonpreemptive.v; results/rta/ovh/edf/fully_nonpreemptive.v; results/rta/ovh/edf/fully_preemptive.v; results/rta/ovh/edf/limited_preemptive.v; results/rta/ovh/fifo/bounded_nps.v; results/rta/ovh/fp/floating_nonpreemptive.v; results/rta/ovh/fp/fully_nonpreemptive.v; results/rta/ovh/fp/fully_preemptive.v; results/rta/ovh/fp/limited_preemptive.v; results/rta/prm/edf/floating_nonpreemptive.v; results/rta/prm/edf/fully_nonpreemptive.v; results/rta/prm/edf/fully_preemptive.v; results/rta/prm/edf/limited_preemptive.v; results/rta/prm/fifo/bounded_nps.v; results/rta/prm/fp/floating_nonpreemptive.v; results/rta/prm/fp/fully_nonpreemptive.v; results/rta/prm/fp/fully_preemptive.v; results/rta/prm/fp/limited_preemptive.v; results/rta/rs/edf/floating_nonpreemptive.v; results/rta/rs/edf/fully_nonpreemptive.v; results/rta/rs/edf/fully_preemptive.v; results/rta/rs/edf/limited_preemptive.v; results/rta/rs/elf/floating_nonpreemptive.v; results/rta/rs/elf/fully_nonpreemptive.v; results/rta/rs/elf/fully_preemptive.v; results/rta/rs/elf/limited_preemptive.v; results/rta/rs/fifo/bounded_nps.v; results/rta/rs/fp/floating_nonpreemptive.v; results/rta/rs/fp/fully_nonpreemptive.v; results/rta/rs/fp/fully_preemptive.v; results/rta/rs/fp/limited_preemptive.v,Actual compiled `List.head?` constructor equations used by the source `ohead` correspondence.
lean_interfaces/SequentialityComputationInterface.lean,analysis/abstract/IBF/task.v; analysis/abstract/IBF/supply_task.v; analysis/abstract/ideal/abstract_seq_rta.v; analysis/abstract/ideal/iw_instantiation.v; analysis/abstract/ideal/cumulative_bounds.v; analysis/abstract/restricted_supply/abstract_seq_rta.v; analysis/abstract/restricted_supply/iw_instantiation.v; analysis/abstract/restricted_supply/iw_readiness.v; analysis/facts/priority/fifo_ahep_bound.v; results/rta/ideal/fp/bounded_pi.v; analysis/abstract/restricted_supply/bounded_bi/aux.v; analysis/abstract/restricted_supply/search_space/fifo_fixpoint.v; analysis/abstract/restricted_supply/task_ibf_readiness.v; analysis/abstract/restricted_supply/task_intra_interference_bound.v; results/rta/ideal/edf/bounded_pi.v; results/rta/ideal/elf/bounded_pi.v; results/rta/ideal/fifo/bounded_nps.v; results/rta/ideal/fp/bounded_nps.v; results/rta/ideal/fp/nonseq/bounded_pi.v; results/rta/ideal/gel/bounded_pi.v; analysis/abstract/restricted_supply/bounded_bi/edf.v; analysis/abstract/restricted_supply/bounded_bi/elf.v; analysis/abstract/restricted_supply/bounded_bi/fp.v; analysis/abstract/restricted_supply/bounded_bi/jlfp.v; results/rta/ideal/edf/bounded_nps.v; results/rta/ideal/fp/floating_nonpreemptive.v; results/rta/ideal/fp/fully_nonpreemptive.v; results/rta/ideal/fp/fully_preemptive.v; results/rta/ideal/fp/limited_preemptive.v; results/rta/arm/edf/floating_nonpreemptive.v; results/rta/arm/edf/fully_nonpreemptive.v; results/rta/arm/edf/fully_preemptive.v; results/rta/arm/edf/limited_preemptive.v; results/rta/arm/fifo/bounded_nps.v; results/rta/arm/fp/floating_nonpreemptive.v; results/rta/arm/fp/fully_nonpreemptive.v; results/rta/arm/fp/fully_preemptive.v; results/rta/arm/fp/limited_preemptive.v; results/rta/ideal/edf/floating_nonpreemptive.v; results/rta/ideal/edf/fully_nonpreemptive.v; results/rta/ideal/edf/fully_preemptive.v; results/rta/ideal/edf/limited_preemptive.v; results/rta/ideal/fp/comp/fully_preemptive.v; results/rta/prm/edf/floating_nonpreemptive.v; results/rta/prm/edf/fully_nonpreemptive.v; results/rta/prm/edf/fully_preemptive.v; results/rta/prm/edf/limited_preemptive.v; results/rta/prm/fifo/bounded_nps.v; results/rta/prm/fp/floating_nonpreemptive.v; results/rta/prm/fp/fully_nonpreemptive.v; results/rta/prm/fp/fully_preemptive.v; results/rta/prm/fp/limited_preemptive.v; results/rta/rs/edf/floating_nonpreemptive.v; results/rta/rs/edf/fully_nonpreemptive.v; results/rta/rs/edf/fully_preemptive.v; results/rta/rs/edf/limited_preemptive.v; results/rta/rs/elf/floating_nonpreemptive.v; results/rta/rs/elf/fully_nonpreemptive.v; results/rta/rs/elf/fully_preemptive.v; results/rta/rs/elf/limited_preemptive.v; results/rta/rs/fifo/bounded_nps.v; results/rta/rs/fp/floating_nonpreemptive.v; results/rta/rs/fp/fully_nonpreemptive.v; results/rta/rs/fp/fully_preemptive.v; results/rta/rs/fp/limited_preemptive.v,Export root for `model/task/sequentiality.v`: the two definitions with the accepted Arrivals / ArrivalSequence and Service / Schedule computation interfaces.
lean_interfaces/ServiceComputationInterface.lean,behavior/service.v; behavior/ready.v; model/processor/supply.v; analysis/definitions/completion_sequence.v; analysis/definitions/finish_time.v; analysis/definitions/sbf/average.v; analysis/definitions/sbf/periodic.v; analysis/definitions/sbf/pred.v; analysis/definitions/service.v; analysis/definitions/sbf/plain.v; analysis/definitions/job_response_time.v; model/processor/overheads.v; model/readiness/jitter.v; model/schedule/nonpreemptive.v; model/schedule/work_conserving.v; analysis/abstract/definitions.v; analysis/definitions/task_schedule.v; analysis/facts/behavior/supply.v; analysis/abstract/restricted_supply/busy_sbf.v; analysis/definitions/readiness_interference.v; analysis/facts/SBF.v; analysis/facts/behavior/arrivals.v; model/task/sequentiality.v; analysis/facts/model/scheduled.v; analysis/facts/model/task_arrivals.v; implementation/definitions/maximal_arrival_sequence.v; analysis/definitions/carry_in.v; analysis/definitions/work_bearing_readiness.v; analysis/facts/behavior/service.v; analysis/facts/model/sbf/periodic.v; model/aggregate/service_of_jobs.v; model/preemption/parameter.v; analysis/definitions/interference.v; analysis/definitions/progress.v; analysis/definitions/readiness.v; analysis/facts/behavior/completion.v; analysis/facts/model/ideal/schedule.v; analysis/facts/model/ideal/service_of_jobs.v; analysis/facts/model/task_schedule.v; model/preemption/limited_preemptive.v; model/processor/multiprocessor.v; model/schedule/limited_preemptive.v; model/schedule/preemption_time.v; model/task/preemption/parameters.v; analysis/definitions/blocking_bound/edf.v; analysis/definitions/blocking_bound/elf.v; analysis/definitions/blocking_bound/fp.v; analysis/definitions/busy_interval/classical.v; analysis/definitions/request_bound_function.v; analysis/definitions/schedulability.v; analysis/definitions/service_inversion/pred.v; analysis/facts/behavior/deadlines.v; analysis/facts/preemption/job/preemptive.v; analysis/facts/readiness/backlogged.v; analysis/facts/readiness/basic.v; analysis/facts/readiness/sequential.v; analysis/facts/transform/replace_at.v; model/readiness/suspension.v; model/schedule/priority_driven.v; model/task/preemption/floating_nonpreemptive.v; model/task/preemption/fully_nonpreemptive.v; model/task/preemption/fully_preemptive.v; model/task/preemption/limited_preemptive.v; analysis/abstract/restricted_supply/busy_prefix.v; analysis/definitions/busy_interval/edf_pi_bound.v; analysis/definitions/demand_bound_function.v; analysis/definitions/priority_inversion.v; analysis/definitions/sbf/busy.v; analysis/definitions/service_inversion/busy_prefix.v; analysis/definitions/service_inversion/readiness_aware.v; analysis/definitions/tardiness.v; analysis/definitions/workload/bounded.v; analysis/definitions/workload/edf_athep_bound.v; analysis/definitions/workload/elf_athep_bound.v; analysis/facts/busy_interval/quiet_time.v; analysis/facts/edf_definitions.v; analysis/facts/jitter.v; analysis/facts/model/preemption.v; analysis/facts/preemption/task/preemptive.v; analysis/facts/suspension.v; analysis/facts/transform/swaps.v; implementation/definitions/ideal_uni_scheduler.v; implementation/facts/generic_schedule.v; model/task/suspension/dynamic.v; analysis/facts/completes_at.v; analysis/facts/model/dynamic_suspension.v; analysis/facts/model/exceedance/SBF.v; analysis/facts/model/rbf.v; analysis/facts/model/sequential.v; analysis/facts/model/service_of_jobs.v; analysis/facts/preemption/job/nonpreemptive.v; analysis/facts/preemption/rtc_threshold/job_preemptable.v; analysis/facts/priority/inversion.v; analysis/facts/priority/sequential.v; analysis/transform/prefix.v; implementation/facts/ideal_uni/preemption_aware.v; model/task/offset.v; analysis/abstract/iw_auxiliary.v; analysis/abstract/restricted_supply/search_space/fp.v; analysis/facts/busy_interval/existence.v; analysis/facts/interference.v; analysis/facts/model/dbf.v; analysis/facts/model/ideal/priority_inversion.v; analysis/facts/model/offset.v; analysis/facts/preemption/job/limited.v; analysis/facts/preemption/rtc_threshold/nonpreemptive.v; analysis/facts/preemption/rtc_threshold/preemptive.v; analysis/facts/preemption/task/nonpreemptive.v; analysis/facts/priority/edf.v; analysis/facts/priority/gel.v; analysis/facts/workload/edf_athep_bound.v; analysis/facts/workload/elf_athep_bound.v; analysis/transform/edf_trans.v; analysis/transform/wc_trans.v; implementation/facts/ideal_uni/prio_aware.v; results/transfer_schedulability/criterion.v; analysis/abstract/busy_interval.v; analysis/abstract/restricted_supply/search_space/edf.v; analysis/abstract/restricted_supply/search_space/elf.v; analysis/definitions/hyperperiod.v; analysis/facts/busy_interval/carry_in.v; analysis/facts/busy_interval/hep_at_pt.v; analysis/facts/preemption/task/floating.v; analysis/facts/preemption/task/limited.v; analysis/facts/priority/elf.v; analysis/facts/readiness_interference.v; analysis/facts/transform/edf_opt.v; analysis/facts/transform/wc_correctness.v; results/transfer_schedulability/paper_model.v; analysis/abstract/lower_bound_on_service.v; analysis/facts/busy_interval/arrival.v; analysis/facts/busy_interval/pi.v; analysis/facts/preemption/rtc_threshold/floating.v; analysis/facts/preemption/rtc_threshold/limited.v; analysis/facts/transform/edf_wc.v; results/generality/elf.v; analysis/abstract/abstract_rta.v; analysis/facts/blocking_bound/edf.v; analysis/facts/blocking_bound/elf.v; analysis/facts/blocking_bound/fp.v; analysis/facts/busy_interval/pi_bound.v; analysis/facts/busy_interval/pi_cond.v; analysis/facts/busy_interval/service_inversion.v; analysis/facts/model/overheads/schedule.v; results/optimality/edf.v; analysis/abstract/IBF/supply.v; analysis/abstract/IBF/task.v; analysis/abstract/ideal/abstract_rta.v; analysis/facts/model/overheads/priority_bump.v; analysis/facts/model/overheads/schedule_change.v; analysis/facts/periodic/arrival_times.v; analysis/abstract/IBF/supply_task.v; analysis/abstract/ideal/abstract_seq_rta.v; analysis/abstract/ideal/iw_instantiation.v; analysis/abstract/restricted_supply/abstract_rta.v; analysis/facts/model/overheads/schedule_change_bound.v; analysis/facts/periodic/task_arrivals_size.v; analysis/facts/priority/fifo.v; model/processor/overhead_resource_model.v; analysis/abstract/ideal/cumulative_bounds.v; analysis/abstract/restricted_supply/abstract_seq_rta.v; analysis/abstract/restricted_supply/iw_instantiation.v; analysis/abstract/restricted_supply/iw_readiness.v; analysis/abstract/restricted_supply/search_space/fifo.v; analysis/facts/hyperperiod.v; analysis/facts/model/overheads/blackout_bound.v; analysis/facts/priority/fifo_ahep_bound.v; results/generality/gel.v; results/rta/ideal/fp/bounded_pi.v; analysis/abstract/restricted_supply/bounded_bi/aux.v; analysis/abstract/restricted_supply/search_space/fifo_fixpoint.v; analysis/abstract/restricted_supply/task_ibf_readiness.v; analysis/abstract/restricted_supply/task_intra_interference_bound.v; analysis/facts/model/overheads/sbf/fifo.v; analysis/facts/model/overheads/sbf/fp.v; analysis/facts/model/overheads/sbf/jlfp.v; analysis/facts/shifted_job_costs.v; results/rta/ideal/edf/bounded_pi.v; results/rta/ideal/elf/bounded_pi.v; results/rta/ideal/fifo/bounded_nps.v; results/rta/ideal/fp/bounded_nps.v; results/rta/ideal/fp/nonseq/bounded_pi.v; results/rta/ideal/gel/bounded_pi.v; analysis/abstract/restricted_supply/bounded_bi/edf.v; analysis/abstract/restricted_supply/bounded_bi/elf.v; analysis/abstract/restricted_supply/bounded_bi/fp.v; analysis/abstract/restricted_supply/bounded_bi/jlfp.v; results/rta/ideal/edf/bounded_nps.v; results/rta/ideal/fp/floating_nonpreemptive.v; results/rta/ideal/fp/fully_nonpreemptive.v; results/rta/ideal/fp/fully_preemptive.v; results/rta/ideal/fp/limited_preemptive.v; results/rta/arm/edf/floating_nonpreemptive.v; results/rta/arm/edf/fully_nonpreemptive.v; results/rta/arm/edf/fully_preemptive.v; results/rta/arm/edf/limited_preemptive.v; results/rta/arm/fifo/bounded_nps.v; results/rta/arm/fp/floating_nonpreemptive.v; results/rta/arm/fp/fully_nonpreemptive.v; results/rta/arm/fp/fully_preemptive.v; results/rta/arm/fp/limited_preemptive.v; results/rta/exc/fp/fully_nonpreemptive.v; results/rta/ideal/edf/floating_nonpreemptive.v; results/rta/ideal/edf/fully_nonpreemptive.v; results/rta/ideal/edf/fully_preemptive.v; results/rta/ideal/edf/limited_preemptive.v; results/rta/ideal/fp/comp/fully_preemptive.v; results/rta/ovh/edf/floating_nonpreemptive.v; results/rta/ovh/edf/fully_nonpreemptive.v; results/rta/ovh/edf/fully_preemptive.v; results/rta/ovh/edf/limited_preemptive.v; results/rta/ovh/fifo/bounded_nps.v; results/rta/ovh/fp/floating_nonpreemptive.v; results/rta/ovh/fp/fully_nonpreemptive.v; results/rta/ovh/fp/fully_preemptive.v; results/rta/ovh/fp/limited_preemptive.v; results/rta/prm/edf/floating_nonpreemptive.v; results/rta/prm/edf/fully_nonpreemptive.v; results/rta/prm/edf/fully_preemptive.v; results/rta/prm/edf/limited_preemptive.v; results/rta/prm/fifo/bounded_nps.v; results/rta/prm/fp/floating_nonpreemptive.v; results/rta/prm/fp/fully_nonpreemptive.v; results/rta/prm/fp/fully_preemptive.v; results/rta/prm/fp/limited_preemptive.v; results/rta/rs/edf/floating_nonpreemptive.v; results/rta/rs/edf/fully_nonpreemptive.v; results/rta/rs/edf/fully_preemptive.v; results/rta/rs/edf/limited_preemptive.v; results/rta/rs/elf/floating_nonpreemptive.v; results/rta/rs/elf/fully_nonpreemptive.v; results/rta/rs/elf/fully_preemptive.v; results/rta/rs/elf/limited_preemptive.v; results/rta/rs/fifo/bounded_nps.v; results/rta/rs/fp/floating_nonpreemptive.v; results/rta/rs/fp/fully_nonpreemptive.v; results/rta/rs/fp/fully_preemptive.v; results/rta/rs/fp/limited_preemptive.v; implementation/refinements/EDF/nonpreemptive_sched.v; implementation/refinements/EDF/preemptive_sched.v; implementation/refinements/FP/nonpreemptive_sched.v; implementation/refinements/FP/preemptive_sched.v,The definitions in this block form a small source-shaped computation interface.
lean_interfaces/ServiceInversionBusyPrefixComputationInterface.lean,analysis/facts/busy_interval/service_inversion.v; analysis/abstract/ideal/iw_instantiation.v; analysis/facts/priority/fifo.v; analysis/abstract/ideal/cumulative_bounds.v; analysis/abstract/restricted_supply/iw_instantiation.v; analysis/abstract/restricted_supply/iw_readiness.v; analysis/facts/priority/fifo_ahep_bound.v; results/rta/ideal/fp/bounded_pi.v; analysis/abstract/restricted_supply/bounded_bi/aux.v; analysis/abstract/restricted_supply/search_space/fifo_fixpoint.v; analysis/abstract/restricted_supply/task_ibf_readiness.v; analysis/abstract/restricted_supply/task_intra_interference_bound.v; results/rta/ideal/edf/bounded_pi.v; results/rta/ideal/elf/bounded_pi.v; results/rta/ideal/fifo/bounded_nps.v; results/rta/ideal/fp/bounded_nps.v; results/rta/ideal/fp/nonseq/bounded_pi.v; results/rta/ideal/gel/bounded_pi.v; analysis/abstract/restricted_supply/bounded_bi/edf.v; analysis/abstract/restricted_supply/bounded_bi/elf.v; analysis/abstract/restricted_supply/bounded_bi/fp.v; analysis/abstract/restricted_supply/bounded_bi/jlfp.v; results/rta/ideal/edf/bounded_nps.v; results/rta/ideal/fp/floating_nonpreemptive.v; results/rta/ideal/fp/fully_nonpreemptive.v; results/rta/ideal/fp/fully_preemptive.v; results/rta/ideal/fp/limited_preemptive.v; results/rta/arm/edf/floating_nonpreemptive.v; results/rta/arm/edf/fully_nonpreemptive.v; results/rta/arm/edf/fully_preemptive.v; results/rta/arm/edf/limited_preemptive.v; results/rta/arm/fifo/bounded_nps.v; results/rta/arm/fp/floating_nonpreemptive.v; results/rta/arm/fp/fully_nonpreemptive.v; results/rta/arm/fp/fully_preemptive.v; results/rta/arm/fp/limited_preemptive.v; results/rta/ideal/edf/floating_nonpreemptive.v; results/rta/ideal/edf/fully_nonpreemptive.v; results/rta/ideal/edf/fully_preemptive.v; results/rta/ideal/edf/limited_preemptive.v; results/rta/ideal/fp/comp/fully_preemptive.v; results/rta/prm/edf/floating_nonpreemptive.v; results/rta/prm/edf/fully_nonpreemptive.v; results/rta/prm/edf/fully_preemptive.v; results/rta/prm/edf/limited_preemptive.v; results/rta/prm/fifo/bounded_nps.v; results/rta/prm/fp/floating_nonpreemptive.v; results/rta/prm/fp/fully_nonpreemptive.v; results/rta/prm/fp/fully_preemptive.v; results/rta/prm/fp/limited_preemptive.v; results/rta/rs/edf/floating_nonpreemptive.v; results/rta/rs/edf/fully_nonpreemptive.v; results/rta/rs/edf/fully_preemptive.v; results/rta/rs/edf/limited_preemptive.v; results/rta/rs/elf/floating_nonpreemptive.v; results/rta/rs/elf/fully_nonpreemptive.v; results/rta/rs/elf/fully_preemptive.v; results/rta/rs/elf/limited_preemptive.v; results/rta/rs/fifo/bounded_nps.v; results/rta/rs/fp/floating_nonpreemptive.v; results/rta/rs/fp/fully_nonpreemptive.v; results/rta/rs/fp/fully_preemptive.v; results/rta/rs/fp/limited_preemptive.v,Export root for `analysis/definitions/service_inversion/busy_prefix.v`: the production declarations together with the accepted busy-interval export root and …
lean_interfaces/ServiceInversionPredComputationInterface.lean,analysis/abstract/restricted_supply/busy_prefix.v; analysis/definitions/service_inversion/busy_prefix.v; analysis/definitions/service_inversion/readiness_aware.v; analysis/abstract/iw_auxiliary.v; analysis/abstract/busy_interval.v; analysis/facts/readiness_interference.v; analysis/abstract/lower_bound_on_service.v; analysis/abstract/abstract_rta.v; analysis/facts/busy_interval/service_inversion.v; analysis/abstract/IBF/supply.v; analysis/abstract/IBF/task.v; analysis/abstract/ideal/abstract_rta.v; analysis/abstract/IBF/supply_task.v; analysis/abstract/ideal/abstract_seq_rta.v; analysis/abstract/ideal/iw_instantiation.v; analysis/abstract/restricted_supply/abstract_rta.v; analysis/facts/priority/fifo.v; analysis/abstract/ideal/cumulative_bounds.v; analysis/abstract/restricted_supply/abstract_seq_rta.v; analysis/abstract/restricted_supply/iw_instantiation.v; analysis/abstract/restricted_supply/iw_readiness.v; analysis/facts/priority/fifo_ahep_bound.v; results/rta/ideal/fp/bounded_pi.v; analysis/abstract/restricted_supply/bounded_bi/aux.v; analysis/abstract/restricted_supply/search_space/fifo_fixpoint.v; analysis/abstract/restricted_supply/task_ibf_readiness.v; analysis/abstract/restricted_supply/task_intra_interference_bound.v; results/rta/ideal/edf/bounded_pi.v; results/rta/ideal/elf/bounded_pi.v; results/rta/ideal/fifo/bounded_nps.v; results/rta/ideal/fp/bounded_nps.v; results/rta/ideal/fp/nonseq/bounded_pi.v; results/rta/ideal/gel/bounded_pi.v; analysis/abstract/restricted_supply/bounded_bi/edf.v; analysis/abstract/restricted_supply/bounded_bi/elf.v; analysis/abstract/restricted_supply/bounded_bi/fp.v; analysis/abstract/restricted_supply/bounded_bi/jlfp.v; results/rta/ideal/edf/bounded_nps.v; results/rta/ideal/fp/floating_nonpreemptive.v; results/rta/ideal/fp/fully_nonpreemptive.v; results/rta/ideal/fp/fully_preemptive.v; results/rta/ideal/fp/limited_preemptive.v; results/rta/arm/edf/floating_nonpreemptive.v; results/rta/arm/edf/fully_nonpreemptive.v; results/rta/arm/edf/fully_preemptive.v; results/rta/arm/edf/limited_preemptive.v; results/rta/arm/fifo/bounded_nps.v; results/rta/arm/fp/floating_nonpreemptive.v; results/rta/arm/fp/fully_nonpreemptive.v; results/rta/arm/fp/fully_preemptive.v; results/rta/arm/fp/limited_preemptive.v; results/rta/ideal/edf/floating_nonpreemptive.v; results/rta/ideal/edf/fully_nonpreemptive.v; results/rta/ideal/edf/fully_preemptive.v; results/rta/ideal/edf/limited_preemptive.v; results/rta/ideal/fp/comp/fully_preemptive.v; results/rta/prm/edf/floating_nonpreemptive.v; results/rta/prm/edf/fully_nonpreemptive.v; results/rta/prm/edf/fully_preemptive.v; results/rta/prm/edf/limited_preemptive.v; results/rta/prm/fifo/bounded_nps.v; results/rta/prm/fp/floating_nonpreemptive.v; results/rta/prm/fp/fully_nonpreemptive.v; results/rta/prm/fp/fully_preemptive.v; results/rta/prm/fp/limited_preemptive.v; results/rta/rs/edf/floating_nonpreemptive.v; results/rta/rs/edf/fully_nonpreemptive.v; results/rta/rs/edf/fully_preemptive.v; results/rta/rs/edf/limited_preemptive.v; results/rta/rs/elf/floating_nonpreemptive.v; results/rta/rs/elf/fully_nonpreemptive.v; results/rta/rs/elf/fully_preemptive.v; results/rta/rs/elf/limited_preemptive.v; results/rta/rs/fifo/bounded_nps.v; results/rta/rs/fp/floating_nonpreemptive.v; results/rta/rs/fp/fully_nonpreemptive.v; results/rta/rs/fp/fully_preemptive.v; results/rta/rs/fp/limited_preemptive.v,"Export root for `analysis/definitions/service_inversion/pred.v`: the production declarations, the accepted preemption-parameter export root, a kernel-guarded …"
lean_interfaces/ServiceOfJobsComputationInterface.lean,analysis/facts/model/ideal/service_of_jobs.v; analysis/facts/model/task_schedule.v; analysis/facts/model/exceedance/SBF.v; analysis/facts/model/service_of_jobs.v; analysis/facts/busy_interval/existence.v; analysis/facts/interference.v; results/transfer_schedulability/criterion.v; analysis/facts/busy_interval/carry_in.v; analysis/facts/busy_interval/hep_at_pt.v; results/transfer_schedulability/paper_model.v; analysis/facts/busy_interval/arrival.v; analysis/facts/busy_interval/pi.v; analysis/facts/blocking_bound/edf.v; analysis/facts/blocking_bound/elf.v; analysis/facts/blocking_bound/fp.v; analysis/facts/busy_interval/pi_bound.v; analysis/facts/busy_interval/pi_cond.v; analysis/facts/busy_interval/service_inversion.v; analysis/facts/model/overheads/schedule.v; analysis/abstract/IBF/task.v; analysis/facts/model/overheads/priority_bump.v; analysis/facts/model/overheads/schedule_change.v; analysis/abstract/IBF/supply_task.v; analysis/abstract/ideal/abstract_seq_rta.v; analysis/abstract/ideal/iw_instantiation.v; analysis/facts/model/overheads/schedule_change_bound.v; analysis/facts/priority/fifo.v; model/processor/overhead_resource_model.v; analysis/abstract/ideal/cumulative_bounds.v; analysis/abstract/restricted_supply/abstract_seq_rta.v; analysis/abstract/restricted_supply/iw_instantiation.v; analysis/abstract/restricted_supply/iw_readiness.v; analysis/facts/model/overheads/blackout_bound.v; analysis/facts/priority/fifo_ahep_bound.v; results/rta/ideal/fp/bounded_pi.v; analysis/abstract/restricted_supply/bounded_bi/aux.v; analysis/abstract/restricted_supply/search_space/fifo_fixpoint.v; analysis/abstract/restricted_supply/task_ibf_readiness.v; analysis/abstract/restricted_supply/task_intra_interference_bound.v; analysis/facts/model/overheads/sbf/fifo.v; analysis/facts/model/overheads/sbf/fp.v; analysis/facts/model/overheads/sbf/jlfp.v; results/rta/ideal/edf/bounded_pi.v; results/rta/ideal/elf/bounded_pi.v; results/rta/ideal/fifo/bounded_nps.v; results/rta/ideal/fp/bounded_nps.v; results/rta/ideal/fp/nonseq/bounded_pi.v; results/rta/ideal/gel/bounded_pi.v; analysis/abstract/restricted_supply/bounded_bi/edf.v; analysis/abstract/restricted_supply/bounded_bi/elf.v; analysis/abstract/restricted_supply/bounded_bi/fp.v; analysis/abstract/restricted_supply/bounded_bi/jlfp.v; results/rta/ideal/edf/bounded_nps.v; results/rta/ideal/fp/floating_nonpreemptive.v; results/rta/ideal/fp/fully_nonpreemptive.v; results/rta/ideal/fp/fully_preemptive.v; results/rta/ideal/fp/limited_preemptive.v; results/rta/arm/edf/floating_nonpreemptive.v; results/rta/arm/edf/fully_nonpreemptive.v; results/rta/arm/edf/fully_preemptive.v; results/rta/arm/edf/limited_preemptive.v; results/rta/arm/fifo/bounded_nps.v; results/rta/arm/fp/floating_nonpreemptive.v; results/rta/arm/fp/fully_nonpreemptive.v; results/rta/arm/fp/fully_preemptive.v; results/rta/arm/fp/limited_preemptive.v; results/rta/exc/fp/fully_nonpreemptive.v; results/rta/ideal/edf/floating_nonpreemptive.v; results/rta/ideal/edf/fully_nonpreemptive.v; results/rta/ideal/edf/fully_preemptive.v; results/rta/ideal/edf/limited_preemptive.v; results/rta/ideal/fp/comp/fully_preemptive.v; results/rta/ovh/edf/floating_nonpreemptive.v; results/rta/ovh/edf/fully_nonpreemptive.v; results/rta/ovh/edf/fully_preemptive.v; results/rta/ovh/edf/limited_preemptive.v; results/rta/ovh/fifo/bounded_nps.v; results/rta/ovh/fp/floating_nonpreemptive.v; results/rta/ovh/fp/fully_nonpreemptive.v; results/rta/ovh/fp/fully_preemptive.v; results/rta/ovh/fp/limited_preemptive.v; results/rta/prm/edf/floating_nonpreemptive.v; results/rta/prm/edf/fully_nonpreemptive.v; results/rta/prm/edf/fully_preemptive.v; results/rta/prm/edf/limited_preemptive.v; results/rta/prm/fifo/bounded_nps.v; results/rta/prm/fp/floating_nonpreemptive.v; results/rta/prm/fp/fully_nonpreemptive.v; results/rta/prm/fp/fully_preemptive.v; results/rta/prm/fp/limited_preemptive.v; results/rta/rs/edf/floating_nonpreemptive.v; results/rta/rs/edf/fully_nonpreemptive.v; results/rta/rs/edf/fully_preemptive.v; results/rta/rs/edf/limited_preemptive.v; results/rta/rs/elf/floating_nonpreemptive.v; results/rta/rs/elf/fully_nonpreemptive.v; results/rta/rs/elf/fully_preemptive.v; results/rta/rs/elf/limited_preemptive.v; results/rta/rs/fifo/bounded_nps.v; results/rta/rs/fp/floating_nonpreemptive.v; results/rta/rs/fp/fully_nonpreemptive.v; results/rta/rs/fp/fully_preemptive.v; results/rta/rs/fp/limited_preemptive.v,Export root for `model/aggregate/service_of_jobs.v`: the eight definitions with the accepted Service/Schedule and task-arrival / arrival-sequence computation …
lean_interfaces/SetoidComputationInterface.lean,util/setoid.v,1 validation-only equations about `Prosa.Util.Setoid`: `production_leqRW_apply`
lean_interfaces/SporadicAsCurveComputationInterface.lean,implementation/definitions/task.v; implementation/definitions/job_constructor.v; implementation/facts/job_constructor.v,Export root for `model/task/arrival/sporadic_as_curve.v`: the production declarations together with the accepted sporadic arrival-bound and arrival-curve …
lean_interfaces/SupplyComputationInterface.lean,analysis/facts/behavior/service.v; analysis/facts/model/sbf/average.v; analysis/facts/model/sbf/periodic.v; analysis/facts/model/ideal/service_of_jobs.v; analysis/facts/model/task_schedule.v; analysis/definitions/sbf/busy.v; analysis/facts/model/exceedance/SBF.v; analysis/facts/interference.v; analysis/facts/busy_interval/carry_in.v; analysis/abstract/IBF/supply.v; analysis/abstract/IBF/supply_task.v; analysis/abstract/ideal/iw_instantiation.v; analysis/abstract/restricted_supply/abstract_rta.v; analysis/abstract/ideal/cumulative_bounds.v; analysis/abstract/restricted_supply/abstract_seq_rta.v; analysis/abstract/restricted_supply/iw_instantiation.v; analysis/abstract/restricted_supply/iw_readiness.v; analysis/facts/model/overheads/blackout_bound.v; analysis/facts/priority/fifo_ahep_bound.v; results/rta/ideal/fp/bounded_pi.v; analysis/abstract/restricted_supply/bounded_bi/aux.v; analysis/abstract/restricted_supply/search_space/fifo_fixpoint.v; analysis/abstract/restricted_supply/task_ibf_readiness.v; analysis/abstract/restricted_supply/task_intra_interference_bound.v; analysis/facts/model/overheads/sbf/fifo.v; analysis/facts/model/overheads/sbf/fp.v; analysis/facts/model/overheads/sbf/jlfp.v; results/rta/ideal/edf/bounded_pi.v; results/rta/ideal/elf/bounded_pi.v; results/rta/ideal/fifo/bounded_nps.v; results/rta/ideal/fp/bounded_nps.v; results/rta/ideal/fp/nonseq/bounded_pi.v; results/rta/ideal/gel/bounded_pi.v; analysis/abstract/restricted_supply/bounded_bi/edf.v; analysis/abstract/restricted_supply/bounded_bi/elf.v; analysis/abstract/restricted_supply/bounded_bi/fp.v; analysis/abstract/restricted_supply/bounded_bi/jlfp.v; results/rta/ideal/edf/bounded_nps.v; results/rta/ideal/fp/floating_nonpreemptive.v; results/rta/ideal/fp/fully_nonpreemptive.v; results/rta/ideal/fp/fully_preemptive.v; results/rta/ideal/fp/limited_preemptive.v; results/rta/arm/edf/floating_nonpreemptive.v; results/rta/arm/edf/fully_nonpreemptive.v; results/rta/arm/edf/fully_preemptive.v; results/rta/arm/edf/limited_preemptive.v; results/rta/arm/fifo/bounded_nps.v; results/rta/arm/fp/floating_nonpreemptive.v; results/rta/arm/fp/fully_nonpreemptive.v; results/rta/arm/fp/fully_preemptive.v; results/rta/arm/fp/limited_preemptive.v; results/rta/exc/fp/fully_nonpreemptive.v; results/rta/ideal/edf/floating_nonpreemptive.v; results/rta/ideal/edf/fully_nonpreemptive.v; results/rta/ideal/edf/fully_preemptive.v; results/rta/ideal/edf/limited_preemptive.v; results/rta/ideal/fp/comp/fully_preemptive.v; results/rta/ovh/edf/floating_nonpreemptive.v; results/rta/ovh/edf/fully_nonpreemptive.v; results/rta/ovh/edf/fully_preemptive.v; results/rta/ovh/edf/limited_preemptive.v; results/rta/ovh/fifo/bounded_nps.v; results/rta/ovh/fp/floating_nonpreemptive.v; results/rta/ovh/fp/fully_nonpreemptive.v; results/rta/ovh/fp/fully_preemptive.v; results/rta/ovh/fp/limited_preemptive.v; results/rta/prm/edf/floating_nonpreemptive.v; results/rta/prm/edf/fully_nonpreemptive.v; results/rta/prm/edf/fully_preemptive.v; results/rta/prm/edf/limited_preemptive.v; results/rta/prm/fifo/bounded_nps.v; results/rta/prm/fp/floating_nonpreemptive.v; results/rta/prm/fp/fully_nonpreemptive.v; results/rta/prm/fp/fully_preemptive.v; results/rta/prm/fp/limited_preemptive.v; results/rta/rs/edf/floating_nonpreemptive.v; results/rta/rs/edf/fully_nonpreemptive.v; results/rta/rs/edf/fully_preemptive.v; results/rta/rs/edf/limited_preemptive.v; results/rta/rs/elf/floating_nonpreemptive.v; results/rta/rs/elf/fully_nonpreemptive.v; results/rta/rs/elf/fully_preemptive.v; results/rta/rs/elf/limited_preemptive.v; results/rta/rs/fifo/bounded_nps.v; results/rta/rs/fp/floating_nonpreemptive.v; results/rta/rs/fp/fully_nonpreemptive.v; results/rta/rs/fp/fully_preemptive.v; results/rta/rs/fp/limited_preemptive.v,Source-shaped projections for the five production definitions.
lean_interfaces/SuspensionComputationInterface.lean,model/processor/multiprocessor.v; analysis/facts/suspension.v; model/task/suspension/dynamic.v; analysis/facts/model/dynamic_suspension.v,Export root for `model/readiness/suspension.v`: the class and three definitions together with the accepted progress export root.
lean_interfaces/TaskFloatingNonpreemptiveComputationInterface.lean,analysis/facts/preemption/task/floating.v; analysis/facts/preemption/rtc_threshold/floating.v,"Export root for `model/task/preemption/floating_nonpreemptive.v`: the production declarations and the source-local run-to-completion threshold, together with …"
lean_interfaces/TaskIntraInterferenceBoundComputationInterface.lean,analysis/facts/priority/fifo_ahep_bound.v; analysis/abstract/restricted_supply/search_space/fifo_fixpoint.v; analysis/abstract/restricted_supply/bounded_bi/edf.v; analysis/abstract/restricted_supply/bounded_bi/elf.v; analysis/abstract/restricted_supply/bounded_bi/fp.v; analysis/abstract/restricted_supply/bounded_bi/jlfp.v; results/rta/arm/edf/floating_nonpreemptive.v; results/rta/arm/edf/fully_nonpreemptive.v; results/rta/arm/edf/fully_preemptive.v; results/rta/arm/edf/limited_preemptive.v; results/rta/arm/fifo/bounded_nps.v; results/rta/arm/fp/floating_nonpreemptive.v; results/rta/arm/fp/fully_nonpreemptive.v; results/rta/arm/fp/fully_preemptive.v; results/rta/arm/fp/limited_preemptive.v; results/rta/prm/edf/floating_nonpreemptive.v; results/rta/prm/edf/fully_nonpreemptive.v; results/rta/prm/edf/fully_preemptive.v; results/rta/prm/edf/limited_preemptive.v; results/rta/prm/fifo/bounded_nps.v; results/rta/prm/fp/floating_nonpreemptive.v; results/rta/prm/fp/fully_nonpreemptive.v; results/rta/prm/fp/fully_preemptive.v; results/rta/prm/fp/limited_preemptive.v; results/rta/rs/edf/floating_nonpreemptive.v; results/rta/rs/edf/fully_nonpreemptive.v; results/rta/rs/edf/fully_preemptive.v; results/rta/rs/edf/limited_preemptive.v; results/rta/rs/elf/floating_nonpreemptive.v; results/rta/rs/elf/fully_nonpreemptive.v; results/rta/rs/elf/fully_preemptive.v; results/rta/rs/elf/limited_preemptive.v; results/rta/rs/fifo/bounded_nps.v; results/rta/rs/fp/floating_nonpreemptive.v; results/rta/rs/fp/fully_nonpreemptive.v; results/rta/rs/fp/fully_preemptive.v; results/rta/rs/fp/limited_preemptive.v,Export root for `analysis/abstract/restricted_supply/task_intra_interference_bound.v`: the interference-bound definition and its statement together with the …
lean_interfaces/TaskLimitedPreemptiveComputationInterface.lean,model/task/preemption/floating_nonpreemptive.v; analysis/facts/preemption/job/limited.v; analysis/facts/preemption/task/floating.v; analysis/facts/preemption/task/limited.v; analysis/facts/preemption/rtc_threshold/floating.v; analysis/facts/preemption/rtc_threshold/limited.v,"Export root for `model/task/preemption/limited_preemptive.v`: the production declarations and the source-local run-to-completion threshold, together with the …"
lean_interfaces/TaskOffsetComputationInterface.lean,analysis/facts/model/offset.v; analysis/definitions/hyperperiod.v; analysis/facts/periodic/arrival_times.v; analysis/facts/periodic/task_arrivals_size.v; analysis/facts/hyperperiod.v; analysis/facts/shifted_job_costs.v,Export root for `model/task/offset.v`: the class and the six definitions together with the accepted preemption-parameter export root (arrival-sequence …
lean_interfaces/TaskPreemptionFullyNonpreemptiveComputationInterface.lean,analysis/facts/preemption/rtc_threshold/nonpreemptive.v; analysis/facts/preemption/task/nonpreemptive.v,"Export root for `model/task/preemption/fully_nonpreemptive.v`: the production declaration and the source-local run-to-completion threshold, together with the …"
lean_interfaces/TaskPreemptionFullyPreemptiveComputationInterface.lean,analysis/facts/preemption/task/preemptive.v; analysis/facts/preemption/rtc_threshold/preemptive.v,"Export root for `model/task/preemption/fully_preemptive.v`: the production declaration and the source-local run-to-completion threshold, together with the …"
lean_interfaces/TaskPreemptionParametersComputationInterface.lean,analysis/definitions/blocking_bound/edf.v; analysis/definitions/blocking_bound/elf.v; analysis/definitions/blocking_bound/fp.v; model/task/preemption/floating_nonpreemptive.v; model/task/preemption/fully_nonpreemptive.v; model/task/preemption/fully_preemptive.v; model/task/preemption/limited_preemptive.v; analysis/definitions/busy_interval/edf_pi_bound.v; analysis/facts/preemption/task/preemptive.v; analysis/facts/model/exceedance/SBF.v; analysis/facts/preemption/rtc_threshold/job_preemptable.v; analysis/abstract/restricted_supply/search_space/fp.v; analysis/facts/preemption/job/limited.v; analysis/facts/preemption/rtc_threshold/nonpreemptive.v; analysis/facts/preemption/rtc_threshold/preemptive.v; analysis/facts/preemption/task/nonpreemptive.v; analysis/abstract/restricted_supply/search_space/edf.v; analysis/abstract/restricted_supply/search_space/elf.v; analysis/facts/preemption/task/floating.v; analysis/facts/preemption/task/limited.v; analysis/facts/busy_interval/pi.v; analysis/facts/preemption/rtc_threshold/floating.v; analysis/facts/preemption/rtc_threshold/limited.v; analysis/facts/blocking_bound/edf.v; analysis/facts/blocking_bound/elf.v; analysis/facts/blocking_bound/fp.v; analysis/facts/busy_interval/pi_bound.v; analysis/facts/busy_interval/pi_cond.v; analysis/facts/busy_interval/service_inversion.v; analysis/facts/model/overheads/schedule.v; analysis/abstract/IBF/task.v; analysis/abstract/ideal/abstract_rta.v; analysis/facts/model/overheads/priority_bump.v; analysis/facts/model/overheads/schedule_change.v; analysis/abstract/IBF/supply_task.v; analysis/abstract/ideal/abstract_seq_rta.v; analysis/abstract/ideal/iw_instantiation.v; analysis/abstract/restricted_supply/abstract_rta.v; analysis/facts/model/overheads/schedule_change_bound.v; analysis/facts/priority/fifo.v; model/processor/overhead_resource_model.v; analysis/abstract/ideal/cumulative_bounds.v; analysis/abstract/restricted_supply/abstract_seq_rta.v; analysis/abstract/restricted_supply/iw_instantiation.v; analysis/abstract/restricted_supply/iw_readiness.v; analysis/abstract/restricted_supply/search_space/fifo.v; analysis/facts/model/overheads/blackout_bound.v; analysis/facts/priority/fifo_ahep_bound.v; results/rta/ideal/fp/bounded_pi.v; analysis/abstract/restricted_supply/bounded_bi/aux.v; analysis/abstract/restricted_supply/search_space/fifo_fixpoint.v; analysis/abstract/restricted_supply/task_ibf_readiness.v; analysis/abstract/restricted_supply/task_intra_interference_bound.v; analysis/facts/model/overheads/sbf/fifo.v; analysis/facts/model/overheads/sbf/fp.v; analysis/facts/model/overheads/sbf/jlfp.v; results/rta/ideal/edf/bounded_pi.v; results/rta/ideal/elf/bounded_pi.v; results/rta/ideal/fifo/bounded_nps.v; results/rta/ideal/fp/bounded_nps.v; results/rta/ideal/fp/nonseq/bounded_pi.v; results/rta/ideal/gel/bounded_pi.v; analysis/abstract/restricted_supply/bounded_bi/edf.v; analysis/abstract/restricted_supply/bounded_bi/elf.v; analysis/abstract/restricted_supply/bounded_bi/fp.v; analysis/abstract/restricted_supply/bounded_bi/jlfp.v; results/rta/ideal/edf/bounded_nps.v; results/rta/ideal/fp/floating_nonpreemptive.v; results/rta/ideal/fp/fully_nonpreemptive.v; results/rta/ideal/fp/fully_preemptive.v; results/rta/ideal/fp/limited_preemptive.v; results/rta/arm/edf/floating_nonpreemptive.v; results/rta/arm/edf/fully_nonpreemptive.v; results/rta/arm/edf/fully_preemptive.v; results/rta/arm/edf/limited_preemptive.v; results/rta/arm/fifo/bounded_nps.v; results/rta/arm/fp/floating_nonpreemptive.v; results/rta/arm/fp/fully_nonpreemptive.v; results/rta/arm/fp/fully_preemptive.v; results/rta/arm/fp/limited_preemptive.v; results/rta/exc/fp/fully_nonpreemptive.v; results/rta/ideal/edf/floating_nonpreemptive.v; results/rta/ideal/edf/fully_nonpreemptive.v; results/rta/ideal/edf/fully_preemptive.v; results/rta/ideal/edf/limited_preemptive.v; results/rta/ideal/fp/comp/fully_preemptive.v; results/rta/ovh/edf/floating_nonpreemptive.v; results/rta/ovh/edf/fully_nonpreemptive.v; results/rta/ovh/edf/fully_preemptive.v; results/rta/ovh/edf/limited_preemptive.v; results/rta/ovh/fifo/bounded_nps.v; results/rta/ovh/fp/floating_nonpreemptive.v; results/rta/ovh/fp/fully_nonpreemptive.v; results/rta/ovh/fp/fully_preemptive.v; results/rta/ovh/fp/limited_preemptive.v; results/rta/prm/edf/floating_nonpreemptive.v; results/rta/prm/edf/fully_nonpreemptive.v; results/rta/prm/edf/fully_preemptive.v; results/rta/prm/edf/limited_preemptive.v; results/rta/prm/fifo/bounded_nps.v; results/rta/prm/fp/floating_nonpreemptive.v; results/rta/prm/fp/fully_nonpreemptive.v; results/rta/prm/fp/fully_preemptive.v; results/rta/prm/fp/limited_preemptive.v; results/rta/rs/edf/floating_nonpreemptive.v; results/rta/rs/edf/fully_nonpreemptive.v; results/rta/rs/edf/fully_preemptive.v; results/rta/rs/edf/limited_preemptive.v; results/rta/rs/elf/floating_nonpreemptive.v; results/rta/rs/elf/fully_nonpreemptive.v; results/rta/rs/elf/fully_preemptive.v; results/rta/rs/elf/limited_preemptive.v; results/rta/rs/fifo/bounded_nps.v; results/rta/rs/fp/floating_nonpreemptive.v; results/rta/rs/fp/fully_nonpreemptive.v; results/rta/rs/fp/fully_preemptive.v; results/rta/rs/fp/limited_preemptive.v,Export root for `model/task/preemption/parameters.v`: the production declarations together with the accepted preemption-parameter export root (Nat-list …
lean_interfaces/TaskScheduleComputationInterface.lean,analysis/abstract/IBF/task.v; analysis/abstract/IBF/supply_task.v; analysis/abstract/ideal/abstract_seq_rta.v; analysis/abstract/ideal/iw_instantiation.v; analysis/abstract/ideal/cumulative_bounds.v; analysis/abstract/restricted_supply/abstract_seq_rta.v; analysis/abstract/restricted_supply/iw_instantiation.v; analysis/abstract/restricted_supply/iw_readiness.v; analysis/facts/priority/fifo_ahep_bound.v; results/rta/ideal/fp/bounded_pi.v; analysis/abstract/restricted_supply/bounded_bi/aux.v; analysis/abstract/restricted_supply/search_space/fifo_fixpoint.v; analysis/abstract/restricted_supply/task_ibf_readiness.v; analysis/abstract/restricted_supply/task_intra_interference_bound.v; results/rta/ideal/edf/bounded_pi.v; results/rta/ideal/elf/bounded_pi.v; results/rta/ideal/fifo/bounded_nps.v; results/rta/ideal/fp/bounded_nps.v; results/rta/ideal/fp/nonseq/bounded_pi.v; results/rta/ideal/gel/bounded_pi.v; analysis/abstract/restricted_supply/bounded_bi/edf.v; analysis/abstract/restricted_supply/bounded_bi/elf.v; analysis/abstract/restricted_supply/bounded_bi/fp.v; analysis/abstract/restricted_supply/bounded_bi/jlfp.v; results/rta/ideal/edf/bounded_nps.v; results/rta/ideal/fp/floating_nonpreemptive.v; results/rta/ideal/fp/fully_nonpreemptive.v; results/rta/ideal/fp/fully_preemptive.v; results/rta/ideal/fp/limited_preemptive.v; results/rta/arm/edf/floating_nonpreemptive.v; results/rta/arm/edf/fully_nonpreemptive.v; results/rta/arm/edf/fully_preemptive.v; results/rta/arm/edf/limited_preemptive.v; results/rta/arm/fifo/bounded_nps.v; results/rta/arm/fp/floating_nonpreemptive.v; results/rta/arm/fp/fully_nonpreemptive.v; results/rta/arm/fp/fully_preemptive.v; results/rta/arm/fp/limited_preemptive.v; results/rta/ideal/edf/floating_nonpreemptive.v; results/rta/ideal/edf/fully_nonpreemptive.v; results/rta/ideal/edf/fully_preemptive.v; results/rta/ideal/edf/limited_preemptive.v; results/rta/ideal/fp/comp/fully_preemptive.v; results/rta/prm/edf/floating_nonpreemptive.v; results/rta/prm/edf/fully_nonpreemptive.v; results/rta/prm/edf/fully_preemptive.v; results/rta/prm/edf/limited_preemptive.v; results/rta/prm/fifo/bounded_nps.v; results/rta/prm/fp/floating_nonpreemptive.v; results/rta/prm/fp/fully_nonpreemptive.v; results/rta/prm/fp/fully_preemptive.v; results/rta/prm/fp/limited_preemptive.v; results/rta/rs/edf/floating_nonpreemptive.v; results/rta/rs/edf/fully_nonpreemptive.v; results/rta/rs/edf/fully_preemptive.v; results/rta/rs/edf/limited_preemptive.v; results/rta/rs/elf/floating_nonpreemptive.v; results/rta/rs/elf/fully_nonpreemptive.v; results/rta/rs/elf/fully_preemptive.v; results/rta/rs/elf/limited_preemptive.v; results/rta/rs/fifo/bounded_nps.v; results/rta/rs/fp/floating_nonpreemptive.v; results/rta/rs/fp/fully_nonpreemptive.v; results/rta/rs/fp/fully_preemptive.v; results/rta/rs/fp/limited_preemptive.v,"Source-shaped half-open sum, tied to the compiled production definition by the whole-constant guard below."
lean_interfaces/TmiaComputationInterface.lean,analysis/facts/periodic/max_inter_arrival.v,Export root for `model/task/arrival/task_max_inter_arrival.v`: the class and definitions with the accepted Arrivals / ArrivalSequence / Bigcat computation …
lean_interfaces/TransformPrefixComputationInterface.lean,analysis/facts/edf_definitions.v; implementation/definitions/ideal_uni_scheduler.v; implementation/facts/ideal_uni/preemption_aware.v; analysis/transform/wc_trans.v; implementation/facts/ideal_uni/prio_aware.v; analysis/facts/transform/edf_opt.v; analysis/facts/transform/wc_correctness.v; analysis/facts/transform/edf_wc.v; results/optimality/edf.v; implementation/refinements/EDF/nonpreemptive_sched.v; implementation/refinements/EDF/preemptive_sched.v; implementation/refinements/FP/nonpreemptive_sched.v; implementation/refinements/FP/preemptive_sched.v,"Export root for `analysis/transform/prefix.v`: the production declarations, the accepted preemption-parameter export root (Schedule closure), and …"
lean_interfaces/WorkBearingReadinessComputationInterface.lean,analysis/facts/model/exceedance/SBF.v; analysis/facts/busy_interval/existence.v; analysis/facts/busy_interval/carry_in.v; analysis/facts/busy_interval/hep_at_pt.v; analysis/facts/busy_interval/arrival.v; analysis/facts/busy_interval/pi.v; analysis/facts/blocking_bound/edf.v; analysis/facts/blocking_bound/elf.v; analysis/facts/blocking_bound/fp.v; analysis/facts/busy_interval/pi_bound.v; analysis/facts/busy_interval/pi_cond.v; analysis/facts/busy_interval/service_inversion.v; analysis/facts/model/overheads/schedule.v; analysis/facts/model/overheads/priority_bump.v; analysis/facts/model/overheads/schedule_change.v; analysis/abstract/ideal/iw_instantiation.v; analysis/facts/model/overheads/schedule_change_bound.v; analysis/facts/priority/fifo.v; model/processor/overhead_resource_model.v; analysis/abstract/ideal/cumulative_bounds.v; analysis/abstract/restricted_supply/iw_instantiation.v; analysis/abstract/restricted_supply/iw_readiness.v; analysis/facts/model/overheads/blackout_bound.v; analysis/facts/priority/fifo_ahep_bound.v; results/rta/ideal/fp/bounded_pi.v; analysis/abstract/restricted_supply/bounded_bi/aux.v; analysis/abstract/restricted_supply/search_space/fifo_fixpoint.v; analysis/abstract/restricted_supply/task_ibf_readiness.v; analysis/abstract/restricted_supply/task_intra_interference_bound.v; analysis/facts/model/overheads/sbf/fifo.v; analysis/facts/model/overheads/sbf/fp.v; analysis/facts/model/overheads/sbf/jlfp.v; results/rta/ideal/edf/bounded_pi.v; results/rta/ideal/elf/bounded_pi.v; results/rta/ideal/fifo/bounded_nps.v; results/rta/ideal/fp/bounded_nps.v; results/rta/ideal/fp/nonseq/bounded_pi.v; results/rta/ideal/gel/bounded_pi.v; analysis/abstract/restricted_supply/bounded_bi/edf.v; analysis/abstract/restricted_supply/bounded_bi/elf.v; analysis/abstract/restricted_supply/bounded_bi/fp.v; analysis/abstract/restricted_supply/bounded_bi/jlfp.v; results/rta/ideal/edf/bounded_nps.v; results/rta/ideal/fp/floating_nonpreemptive.v; results/rta/ideal/fp/fully_nonpreemptive.v; results/rta/ideal/fp/fully_preemptive.v; results/rta/ideal/fp/limited_preemptive.v; results/rta/arm/edf/floating_nonpreemptive.v; results/rta/arm/edf/fully_nonpreemptive.v; results/rta/arm/edf/fully_preemptive.v; results/rta/arm/edf/limited_preemptive.v; results/rta/arm/fifo/bounded_nps.v; results/rta/arm/fp/floating_nonpreemptive.v; results/rta/arm/fp/fully_nonpreemptive.v; results/rta/arm/fp/fully_preemptive.v; results/rta/arm/fp/limited_preemptive.v; results/rta/exc/fp/fully_nonpreemptive.v; results/rta/ideal/edf/floating_nonpreemptive.v; results/rta/ideal/edf/fully_nonpreemptive.v; results/rta/ideal/edf/fully_preemptive.v; results/rta/ideal/edf/limited_preemptive.v; results/rta/ideal/fp/comp/fully_preemptive.v; results/rta/ovh/edf/floating_nonpreemptive.v; results/rta/ovh/edf/fully_nonpreemptive.v; results/rta/ovh/edf/fully_preemptive.v; results/rta/ovh/edf/limited_preemptive.v; results/rta/ovh/fifo/bounded_nps.v; results/rta/ovh/fp/floating_nonpreemptive.v; results/rta/ovh/fp/fully_nonpreemptive.v; results/rta/ovh/fp/fully_preemptive.v; results/rta/ovh/fp/limited_preemptive.v; results/rta/prm/edf/floating_nonpreemptive.v; results/rta/prm/edf/fully_nonpreemptive.v; results/rta/prm/edf/fully_preemptive.v; results/rta/prm/edf/limited_preemptive.v; results/rta/prm/fifo/bounded_nps.v; results/rta/prm/fp/floating_nonpreemptive.v; results/rta/prm/fp/fully_nonpreemptive.v; results/rta/prm/fp/fully_preemptive.v; results/rta/prm/fp/limited_preemptive.v; results/rta/rs/edf/floating_nonpreemptive.v; results/rta/rs/edf/fully_nonpreemptive.v; results/rta/rs/edf/fully_preemptive.v; results/rta/rs/edf/limited_preemptive.v; results/rta/rs/elf/floating_nonpreemptive.v; results/rta/rs/elf/fully_nonpreemptive.v; results/rta/rs/elf/fully_preemptive.v; results/rta/rs/elf/limited_preemptive.v; results/rta/rs/fifo/bounded_nps.v; results/rta/rs/fp/floating_nonpreemptive.v; results/rta/rs/fp/fully_nonpreemptive.v; results/rta/rs/fp/fully_preemptive.v; results/rta/rs/fp/limited_preemptive.v,Export root for `analysis/definitions/work_bearing_readiness.v`: the definition with the accepted Arrival Sequence and Service / Schedule computation …
lean_interfaces/WorkloadBoundedComputationInterface.lean,analysis/facts/model/rbf.v; analysis/abstract/restricted_supply/search_space/fp.v; analysis/facts/model/dbf.v; analysis/facts/workload/edf_athep_bound.v; analysis/facts/workload/elf_athep_bound.v; analysis/abstract/restricted_supply/search_space/edf.v; analysis/abstract/restricted_supply/search_space/elf.v; analysis/abstract/restricted_supply/search_space/fifo.v; analysis/facts/priority/fifo_ahep_bound.v; analysis/abstract/restricted_supply/search_space/fifo_fixpoint.v; analysis/abstract/restricted_supply/task_ibf_readiness.v; analysis/abstract/restricted_supply/task_intra_interference_bound.v; results/rta/ideal/edf/bounded_pi.v; results/rta/ideal/elf/bounded_pi.v; results/rta/ideal/fifo/bounded_nps.v; results/rta/ideal/fp/nonseq/bounded_pi.v; results/rta/ideal/gel/bounded_pi.v; analysis/abstract/restricted_supply/bounded_bi/edf.v; analysis/abstract/restricted_supply/bounded_bi/elf.v; analysis/abstract/restricted_supply/bounded_bi/fp.v; analysis/abstract/restricted_supply/bounded_bi/jlfp.v; results/rta/ideal/edf/bounded_nps.v; results/rta/arm/edf/floating_nonpreemptive.v; results/rta/arm/edf/fully_nonpreemptive.v; results/rta/arm/edf/fully_preemptive.v; results/rta/arm/edf/limited_preemptive.v; results/rta/arm/fifo/bounded_nps.v; results/rta/arm/fp/floating_nonpreemptive.v; results/rta/arm/fp/fully_nonpreemptive.v; results/rta/arm/fp/fully_preemptive.v; results/rta/arm/fp/limited_preemptive.v; results/rta/exc/fp/fully_nonpreemptive.v; results/rta/ideal/edf/floating_nonpreemptive.v; results/rta/ideal/edf/fully_nonpreemptive.v; results/rta/ideal/edf/fully_preemptive.v; results/rta/ideal/edf/limited_preemptive.v; results/rta/ovh/edf/floating_nonpreemptive.v; results/rta/ovh/edf/fully_nonpreemptive.v; results/rta/ovh/edf/fully_preemptive.v; results/rta/ovh/edf/limited_preemptive.v; results/rta/ovh/fifo/bounded_nps.v; results/rta/ovh/fp/floating_nonpreemptive.v; results/rta/ovh/fp/fully_nonpreemptive.v; results/rta/ovh/fp/fully_preemptive.v; results/rta/ovh/fp/limited_preemptive.v; results/rta/prm/edf/floating_nonpreemptive.v; results/rta/prm/edf/fully_nonpreemptive.v; results/rta/prm/edf/fully_preemptive.v; results/rta/prm/edf/limited_preemptive.v; results/rta/prm/fifo/bounded_nps.v; results/rta/prm/fp/floating_nonpreemptive.v; results/rta/prm/fp/fully_nonpreemptive.v; results/rta/prm/fp/fully_preemptive.v; results/rta/prm/fp/limited_preemptive.v; results/rta/rs/edf/floating_nonpreemptive.v; results/rta/rs/edf/fully_nonpreemptive.v; results/rta/rs/edf/fully_preemptive.v; results/rta/rs/edf/limited_preemptive.v; results/rta/rs/elf/floating_nonpreemptive.v; results/rta/rs/elf/fully_nonpreemptive.v; results/rta/rs/elf/fully_preemptive.v; results/rta/rs/elf/limited_preemptive.v; results/rta/rs/fifo/bounded_nps.v; results/rta/rs/fp/floating_nonpreemptive.v; results/rta/rs/fp/fully_nonpreemptive.v; results/rta/rs/fp/fully_preemptive.v; results/rta/rs/fp/limited_preemptive.v,Export root for `analysis/definitions/workload/bounded.v`: the production declaration together with the accepted busy-interval export root …
lean_interfaces/WorkloadComputationInterface.lean,analysis/facts/model/workload.v; analysis/facts/priority/jlfp_with_fp.v; analysis/definitions/workload/bounded.v; analysis/facts/model/exceedance/SBF.v; analysis/facts/model/rbf.v; analysis/facts/model/service_of_jobs.v; analysis/abstract/restricted_supply/search_space/fp.v; analysis/facts/busy_interval/existence.v; analysis/facts/interference.v; analysis/facts/model/dbf.v; analysis/facts/workload/edf_athep_bound.v; analysis/facts/workload/elf_athep_bound.v; analysis/abstract/busy_interval.v; analysis/abstract/restricted_supply/search_space/edf.v; analysis/abstract/restricted_supply/search_space/elf.v; analysis/facts/busy_interval/carry_in.v; analysis/facts/busy_interval/hep_at_pt.v; analysis/abstract/lower_bound_on_service.v; analysis/facts/busy_interval/arrival.v; analysis/facts/busy_interval/pi.v; analysis/abstract/abstract_rta.v; analysis/facts/blocking_bound/edf.v; analysis/facts/blocking_bound/elf.v; analysis/facts/blocking_bound/fp.v; analysis/facts/busy_interval/pi_bound.v; analysis/facts/busy_interval/pi_cond.v; analysis/facts/busy_interval/service_inversion.v; analysis/facts/model/overheads/schedule.v; analysis/abstract/IBF/supply.v; analysis/abstract/IBF/task.v; analysis/abstract/ideal/abstract_rta.v; analysis/facts/model/overheads/priority_bump.v; analysis/facts/model/overheads/schedule_change.v; analysis/abstract/IBF/supply_task.v; analysis/abstract/ideal/abstract_seq_rta.v; analysis/abstract/ideal/iw_instantiation.v; analysis/abstract/restricted_supply/abstract_rta.v; analysis/facts/model/overheads/schedule_change_bound.v; analysis/facts/priority/fifo.v; model/processor/overhead_resource_model.v; analysis/abstract/ideal/cumulative_bounds.v; analysis/abstract/restricted_supply/abstract_seq_rta.v; analysis/abstract/restricted_supply/iw_instantiation.v; analysis/abstract/restricted_supply/iw_readiness.v; analysis/abstract/restricted_supply/search_space/fifo.v; analysis/facts/model/overheads/blackout_bound.v; analysis/facts/priority/fifo_ahep_bound.v; results/rta/ideal/fp/bounded_pi.v; analysis/abstract/restricted_supply/bounded_bi/aux.v; analysis/abstract/restricted_supply/search_space/fifo_fixpoint.v; analysis/abstract/restricted_supply/task_ibf_readiness.v; analysis/abstract/restricted_supply/task_intra_interference_bound.v; analysis/facts/model/overheads/sbf/fifo.v; analysis/facts/model/overheads/sbf/fp.v; analysis/facts/model/overheads/sbf/jlfp.v; results/rta/ideal/edf/bounded_pi.v; results/rta/ideal/elf/bounded_pi.v; results/rta/ideal/fifo/bounded_nps.v; results/rta/ideal/fp/bounded_nps.v; results/rta/ideal/fp/nonseq/bounded_pi.v; results/rta/ideal/gel/bounded_pi.v; analysis/abstract/restricted_supply/bounded_bi/edf.v; analysis/abstract/restricted_supply/bounded_bi/elf.v; analysis/abstract/restricted_supply/bounded_bi/fp.v; analysis/abstract/restricted_supply/bounded_bi/jlfp.v; results/rta/ideal/edf/bounded_nps.v; results/rta/ideal/fp/floating_nonpreemptive.v; results/rta/ideal/fp/fully_nonpreemptive.v; results/rta/ideal/fp/fully_preemptive.v; results/rta/ideal/fp/limited_preemptive.v; results/rta/arm/edf/floating_nonpreemptive.v; results/rta/arm/edf/fully_nonpreemptive.v; results/rta/arm/edf/fully_preemptive.v; results/rta/arm/edf/limited_preemptive.v; results/rta/arm/fifo/bounded_nps.v; results/rta/arm/fp/floating_nonpreemptive.v; results/rta/arm/fp/fully_nonpreemptive.v; results/rta/arm/fp/fully_preemptive.v; results/rta/arm/fp/limited_preemptive.v; results/rta/exc/fp/fully_nonpreemptive.v; results/rta/ideal/edf/floating_nonpreemptive.v; results/rta/ideal/edf/fully_nonpreemptive.v; results/rta/ideal/edf/fully_preemptive.v; results/rta/ideal/edf/limited_preemptive.v; results/rta/ideal/fp/comp/fully_preemptive.v; results/rta/ovh/edf/floating_nonpreemptive.v; results/rta/ovh/edf/fully_nonpreemptive.v; results/rta/ovh/edf/fully_preemptive.v; results/rta/ovh/edf/limited_preemptive.v; results/rta/ovh/fifo/bounded_nps.v; results/rta/ovh/fp/floating_nonpreemptive.v; results/rta/ovh/fp/fully_nonpreemptive.v; results/rta/ovh/fp/fully_preemptive.v; results/rta/ovh/fp/limited_preemptive.v; results/rta/prm/edf/floating_nonpreemptive.v; results/rta/prm/edf/fully_nonpreemptive.v; results/rta/prm/edf/fully_preemptive.v; results/rta/prm/edf/limited_preemptive.v; results/rta/prm/fifo/bounded_nps.v; results/rta/prm/fp/floating_nonpreemptive.v; results/rta/prm/fp/fully_nonpreemptive.v; results/rta/prm/fp/fully_preemptive.v; results/rta/prm/fp/limited_preemptive.v; results/rta/rs/edf/floating_nonpreemptive.v; results/rta/rs/edf/fully_nonpreemptive.v; results/rta/rs/edf/fully_preemptive.v; results/rta/rs/edf/limited_preemptive.v; results/rta/rs/elf/floating_nonpreemptive.v; results/rta/rs/elf/fully_nonpreemptive.v; results/rta/rs/elf/fully_preemptive.v; results/rta/rs/elf/limited_preemptive.v; results/rta/rs/fifo/bounded_nps.v; results/rta/rs/fp/floating_nonpreemptive.v; results/rta/rs/fp/fully_nonpreemptive.v; results/rta/rs/fp/fully_preemptive.v; results/rta/rs/fp/limited_preemptive.v,Export root for `model/aggregate/workload.v`: the eight definitions with the accepted task-arrival / arrival-sequence computation interfaces.
